raster_number,x_mm,y_mm,charge_v,timestamp,image_path
1,117.55499082346512,15.022085022837766,849.4124032038872,1784577637.566483,raster_data/images/session_20260720_125856/raster_0001.jpg
1,117.87626608049794,15.15111330322493,850.6882844065909,1784577637.576639,raster_data/images/session_20260720_125856/raster_0001.jpg
1,118.5114075903795,15.406194312510848,849.718614692536,1784577637.5871534,raster_data/images/session_20260720_125856/raster_0001.jpg
1,119.44049179858985,15.779326494638408,849.4634384519953,1784577637.5975351,raster_data/images/session_20260720_125856/raster_0001.jpg
1,120.44323826611878,16.18204238868045,849.3103327076709,1784577637.6061811,raster_data/images/session_20260720_125856/raster_0001.jpg
1,121.92153902559794,16.77574701023227,849.4634384519953,1784577637.6165583,raster_data/images/session_20260720_125856/raster_0001.jpg
1,123.72369952669415,17.499517874461496,850.0758614292931,1784577637.627065,raster_data/images/session_20260720_125856/raster_0001.jpg
1,125.78399343496321,18.326958439076616,848.8510154746975,1784577637.637343,raster_data/images/session_20260720_125856/raster_0001.jpg
1,127.52244365692148,19.025142434786694,850.5862139103746,1784577637.6450524,raster_data/images/session_20260720_125856/raster_0001.jpg
1,130.12665958193614,20.071029085582154,849.1572269633466,1784577637.6554408,raster_data/images/session_20260720_125856/raster_0001.jpg
1,133.00740569292444,21.22797382003102,849.0551564671304,1784577637.665902,raster_data/images/session_20260720_125856/raster_0001.jpg
1,135.66265154358683,22.294354746095053,849.718614692536,1784577637.6754398,raster_data/images/session_20260720_125856/raster_0001.jpg
1,138.56739293612247,23.460936294608143,850.8413901509152,1784577637.685874,raster_data/images/session_20260720_125856/raster_0001.jpg
1,141.44312939335657,24.615869087598426,850.7393196546989,1784577637.696204,raster_data/images/session_20260720_125856/raster_0001.jpg
1,144.35822495043925,25.786609001927438,851.6579541206455,1784577637.7066753,raster_data/images/session_20260720_125856/raster_0001.jpg
1,147.25984681904086,26.95193770945753,851.4027778801047,1784577637.7170982,raster_data/images/session_20260720_125856/raster_0001.jpg
1,150.12449901038167,28.102418918529484,851.0455311433477,1784577637.7273884,raster_data/images/session_20260720_125856/raster_0001.jpg
1,152.30816576420727,28.979407606631135,851.2496721357804,1784577637.7352324,raster_data/images/session_20260720_125856/raster_0001.jpg
1,155.67745073151573,30.33255583684707,851.0455311433477,1784577637.7473352,raster_data/images/session_20260720_125856/raster_0001.jpg
1,157.82129377554512,31.193550810272097,851.0455311433477,1784577637.755036,raster_data/images/session_20260720_125856/raster_0001.jpg
1,160.77614666957433,32.380257783086606,850.1268966774012,1784577637.7656503,raster_data/images/session_20260720_125856/raster_0001.jpg
1,163.64922821282198,33.53412432843179,850.7903549028072,1784577637.7759707,raster_data/images/session_20260720_125856/raster_0001.jpg
1,166.50009659209883,34.679069781080344,850.7393196546989,1784577637.786241,raster_data/images/session_20260720_125856/raster_0001.jpg
1,169.1853053123694,35.75748418142034,850.0758614292931,1784577637.796687,raster_data/images/session_20260720_125856/raster_0001.jpg
1,171.56089668152075,36.71155226651061,850.6882844065909,1784577637.8071053,raster_data/images/session_20260720_125856/raster_0001.jpg
1,173.34755060130288,37.42909548800096,849.2082622114547,1784577637.8159873,raster_data/images/session_20260720_125856/raster_0001.jpg
1,175.2753172500097,38.20331139858058,849.3613679557791,1784577637.8271108,raster_data/images/session_20260720_125856/raster_0001.jpg
1,176.74968026199738,38.79543457003221,850.0758614292931,1784577637.8373833,raster_data/images/session_20260720_125856/raster_0001.jpg
1,177.67538110056864,39.16720794734399,849.667579444428,1784577637.8452058,raster_data/images/session_20260720_125856/raster_0001.jpg
1,178.64219654225175,39.555493478711206,849.8717204368605,1784577637.8556044,raster_data/images/session_20260720_125856/raster_0001.jpg
1,179.30863670258572,39.8231444290614,849.2592974595628,1784577637.8660161,raster_data/images/session_20260720_125856/raster_0001.jpg
1,179.68839155918533,39.975658869694826,850.1268966774012,1784577637.8772042,raster_data/images/session_20260720_125856/raster_0001.jpg
1,179.744046305313,40.0,849.6675794444279,1784577637.88562,raster_data/images/session_20260720_125856/raster_0001.jpg
1,179.52164924941516,40.0,849.718614692536,1784577637.896114,raster_data/images/session_20260720_125856/raster_0001.jpg
1,178.97602483404134,40.0,849.1572269633466,1784577637.9065034,raster_data/images/session_20260720_125856/raster_0001.jpg
1,178.1104888676038,40.0,849.718614692536,1784577637.9168534,raster_data/images/session_20260720_125856/raster_0001.jpg
1,176.90399546825498,40.0,849.718614692536,1784577637.9273536,raster_data/images/session_20260720_125856/raster_0001.jpg
1,175.39437696833667,40.0,850.5351786622664,1784577637.937683,raster_data/images/session_20260720_125856/raster_0001.jpg
1,174.06468960214593,40.0,850.1268966774012,1784577637.945362,raster_data/images/session_20260720_125856/raster_0001.jpg
1,171.8160580593065,40.0,850.1268966774012,1784577637.9565258,raster_data/images/session_20260720_125856/raster_0001.jpg
1,169.7318412075194,40.0,849.6165441963198,1784577637.9655225,raster_data/images/session_20260720_125856/raster_0001.jpg
1,167.04429884874017,40.0,850.6372491584826,1784577637.9758344,raster_data/images/session_20260720_125856/raster_0001.jpg
1,164.00579388494486,40.0,850.2289671736175,1784577637.9862802,raster_data/images/session_20260720_125856/raster_0001.jpg
1,160.92504437322611,40.0,850.4841434141581,1784577637.9965494,raster_data/images/session_20260720_125856/raster_0001.jpg
1,157.83342297430033,40.0,851.453813128213,1784577638.0068548,raster_data/images/session_20260720_125856/raster_0001.jpg
1,154.66877396459574,40.0,849.8717204368605,1784577638.0174036,raster_data/images/session_20260720_125856/raster_0001.jpg
1,152.3218768393516,40.0,850.4841434141581,1784577638.0252266,raster_data/images/session_20260720_125856/raster_0001.jpg
1,148.94887383337016,40.0,850.9434606471315,1784577638.03647,raster_data/images/session_20260720_125856/raster_0001.jpg
1,145.82270558233256,40.0,849.6675794444279,1784577638.0468905,raster_data/images/session_20260720_125856/raster_0001.jpg
1,142.69432003850932,40.0,849.1572269633466,1784577638.0573184,raster_data/images/session_20260720_125856/raster_0001.jpg
1,140.2275460516929,40.0,849.5655089482117,1784577638.065541,raster_data/images/session_20260720_125856/raster_0001.jpg
1,137.1766942297935,40.0,849.1061917152383,1784577638.0757105,raster_data/images/session_20260720_125856/raster_0001.jpg
1,134.0523856436729,40.0,849.1572269633466,1784577638.086125,raster_data/images/session_20260720_125856/raster_0001.jpg
1,130.9377330100059,40.0,850.2800024217256,1784577638.096507,raster_data/images/session_20260720_125856/raster_0001.jpg
1,128.08157379980082,40.0,849.1061917152383,1784577638.1060276,raster_data/images/session_20260720_125856/raster_0001.jpg
1,124.95705063695901,40.0,849.1061917152383,1784577638.1164427,raster_data/images/session_20260720_125856/raster_0001.jpg
1,121.84082444066995,40.0,849.310332707671,1784577638.12683,raster_data/images/session_20260720_125856/raster_0001.jpg
1,118.75621254796975,40.0,849.8206851887525,1784577638.1371121,raster_data/images/session_20260720_125856/raster_0001.jpg
1,115.60558255071633,40.0,848.7999802265896,1784577638.1476142,raster_data/images/session_20260720_125856/raster_0001.jpg
1,113.32234318609231,40.0,849.4634384519953,1784577638.155225,raster_data/images/session_20260720_125856/raster_0001.jpg
1,110.16191418523782,40.0,848.9020507228058,1784577638.1657598,raster_data/images/session_20260720_125856/raster_0001.jpg
1,106.74163277502053,40.0,850.1268966774012,1784577638.1771607,raster_data/images/session_20260720_125856/raster_0001.jpg
1,103.64915306920999,40.0,851.1476016395642,1784577638.187469,raster_data/images/session_20260720_125856/raster_0001.jpg
1,101.1061328207969,40.0,851.2496721357804,1784577638.1959457,raster_data/images/session_20260720_125856/raster_0001.jpg
1,97.9555028235435,40.0,850.5351786622664,1784577638.2064478,raster_data/images/session_20260720_125856/raster_0001.jpg
1,94.86867363805766,40.0,851.2496721357804,1784577638.2167373,raster_data/images/session_20260720_125856/raster_0001.jpg
1,91.71589787359233,40.0,851.096566391456,1784577638.2272465,raster_data/images/session_20260720_125856/raster_0001.jpg
1,88.64358837957377,40.0,851.1476016395642,1784577638.2374876,raster_data/images/session_20260720_125856/raster_0001.jpg
1,86.08397419805522,40.0,850.7903549028072,1784577638.2460196,raster_data/images/session_20260720_125856/raster_0001.jpg
1,82.9450743948936,40.0,850.4841434141581,1784577638.2564826,raster_data/images/session_20260720_125856/raster_0001.jpg
1,79.82026512975688,40.0,850.8924253990234,1784577638.2668986,raster_data/images/session_20260720_125856/raster_0001.jpg
1,76.67650158758158,40.0,850.5351786622664,1784577638.2773778,raster_data/images/session_20260720_125856/raster_0001.jpg
1,74.13820202703471,40.0,850.1779319255094,1784577638.2858388,raster_data/images/session_20260720_125856/raster_0001.jpg
1,70.99658425207133,40.0,850.4841434141581,1784577638.296311,raster_data/images/session_20260720_125856/raster_0001.jpg
1,67.79220834863715,40.0,850.0758614292931,1784577638.3073587,raster_data/images/session_20260720_125856/raster_0001.jpg
1,65.54542602533405,40.0,849.8206851887525,1784577638.3159533,raster_data/images/session_20260720_125856/raster_0001.jpg
1,63.315837767942284,40.0,849.8717204368605,1784577638.3254712,raster_data/images/session_20260720_125856/raster_0001.jpg
1,61.1835322445435,40.0,850.024826181185,1784577638.3359072,raster_data/images/session_20260720_125856/raster_0001.jpg
1,59.383102105918624,40.0,849.3613679557791,1784577638.3463106,raster_data/images/session_20260720_125856/raster_0001.jpg
1,57.920443080856586,40.0,849.8206851887525,1784577638.3566105,raster_data/images/session_20260720_125856/raster_0001.jpg
1,56.73684921138795,40.0,849.4124032038872,1784577638.367323,raster_data/images/session_20260720_125856/raster_0001.jpg
1,55.92214855734477,40.0,849.6675794444279,1784577638.3776436,raster_data/images/session_20260720_125856/raster_0001.jpg
1,55.52508342670653,40.0,849.0041212190221,1784577638.3852787,raster_data/images/session_20260720_125856/raster_0001.jpg
1,55.25342904049717,40.0,848.9020507228058,1784577638.3975236,raster_data/images/session_20260720_125856/raster_0001.jpg
1,55.213422610124546,40.0511284830133,850.2800024217256,1784577638.4053001,raster_data/images/session_20260720_125856/raster_0001.jpg
1,55.00152144851615,40.33944507385959,849.4634384519953,1784577638.4155545,raster_data/images/session_20260720_125856/raster_0001.jpg
1,54.58963410963687,40.89986651023611,849.6165441963198,1784577638.426082,raster_data/images/session_20260720_125856/raster_0001.jpg
1,54.001569831398044,41.69999750816637,850.3820729179419,1784577638.4362996,raster_data/images/session_20260720_125856/raster_0001.jpg
1,53.21804458455248,42.76607627006574,851.3517426319968,1784577638.4466348,raster_data/images/session_20260720_125856/raster_0001.jpg
1,52.219977800979905,44.124064165424095,850.1268966774012,1784577638.457209,raster_data/images/session_20260720_125856/raster_0001.jpg
1,51.16580225373879,45.558394669453044,850.2289671736175,1784577638.4666104,raster_data/images/session_20260720_125856/raster_0001.jpg
1,49.829117437940454,47.377112444295676,850.5862139103746,1784577638.476921,raster_data/images/session_20260720_125856/raster_0001.jpg
1,48.180977391379166,49.61960189482534,850.9944958952397,1784577638.4880085,raster_data/images/session_20260720_125856/raster_0001.jpg
1,46.865990652806026,51.4087968694813,850.9434606471315,1784577638.4959514,raster_data/images/session_20260720_125856/raster_0001.jpg
1,45.05592615800287,53.87160368182912,850.5862139103746,1784577638.5062618,raster_data/images/session_20260720_125856/raster_0001.jpg
1,43.39072056051025,56.137312832657216,850.7393196546989,1784577638.516585,raster_data/images/session_20260720_125856/raster_0001.jpg
1,41.899584576320066,58.166179688255056,850.024826181185,1784577638.5270226,raster_data/images/session_20260720_125856/raster_0001.jpg
1,40.79490425652206,59.66922790829153,849.8206851887525,1784577638.5358045,raster_data/images/session_20260720_125856/raster_0001.jpg
1,39.65635172846583,61.21836327355798,850.5351786622664,1784577638.5462804,raster_data/images/session_20260720_125856/raster_0001.jpg
1,38.738843638909536,62.4667415384381,849.5655089482117,1784577638.5564346,raster_data/images/session_20260720_125856/raster_0001.jpg
1,37.97928315648324,63.50021340415364,849.1572269633466,1784577638.56699,raster_data/images/session_20260720_125856/raster_0001.jpg
1,37.426215804253076,64.25272694533979,849.2082622114547,1784577638.5773509,raster_data/images/session_20260720_125856/raster_0001.jpg
1,37.06460228100962,64.74474490991399,849.0551564671304,1784577638.5876834,raster_data/images/session_20260720_125856/raster_0001.jpg
1,36.91829092908452,64.94381880771128,848.9020507228058,1784577638.595398,raster_data/images/session_20260720_125856/raster_0001.jpg
1,36.918894354198336,65.0,849.0041212190221,1784577638.6075006,raster_data/images/session_20260720_125856/raster_0001.jpg
1,37.13557683230797,65.0,849.1061917152383,1784577638.6153452,raster_data/images/session_20260720_125856/raster_0001.jpg
1,37.702202842790996,65.0,849.7696499406442,1784577638.6256707,raster_data/images/session_20260720_125856/raster_0001.jpg
1,38.60465629118756,65.0,849.2082622114547,1784577638.6361535,raster_data/images/session_20260720_125856/raster_0001.jpg
1,39.81087543086987,65.0,849.6675794444279,1784577638.6464415,raster_data/images/session_20260720_125856/raster_0001.jpg
1,41.3316995433279,65.0,849.3103327076709,1784577638.6567116,raster_data/images/session_20260720_125856/raster_0001.jpg
1,43.35128702516033,65.0,850.024826181185,1784577638.6679134,raster_data/images/session_20260720_125856/raster_0001.jpg
1,45.0291236335739,65.0,850.6372491584826,1784577638.6759365,raster_data/images/session_20260720_125856/raster_0001.jpg
1,47.65593478350629,65.0,851.1986368876723,1784577638.6869857,raster_data/images/session_20260720_125856/raster_0001.jpg
1,50.451241956732964,65.0,850.0758614292931,1784577638.6973445,raster_data/images/session_20260720_125856/raster_0001.jpg
1,52.7482415476429,65.0,849.718614692536,1784577638.7051198,raster_data/images/session_20260720_125856/raster_0001.jpg
1,55.88385117441291,65.0,849.718614692536,1784577638.7155719,raster_data/images/session_20260720_125856/raster_0001.jpg
1,58.9611674585926,65.0,849.8717204368605,1784577638.7258296,raster_data/images/session_20260720_125856/raster_0001.jpg
1,62.08948147684212,65.0,851.3517426319968,1784577638.7362573,raster_data/images/session_20260720_125856/raster_0001.jpg
1,65.17230523019904,65.0,850.9944958952397,1784577638.7465334,raster_data/images/session_20260720_125856/raster_0001.jpg
1,68.07695877939338,65.0,851.1986368876723,1784577638.7562156,raster_data/images/session_20260720_125856/raster_0001.jpg
1,71.16278660684699,65.0,850.6882844065909,1784577638.7665017,raster_data/images/session_20260720_125856/raster_0001.jpg
1,74.28702366739387,65.0,850.6372491584826,1784577638.7769158,raster_data/images/session_20260720_125856/raster_0001.jpg
1,77.36870301157111,65.0,850.1779319255094,1784577638.787188,raster_data/images/session_20260720_125856/raster_0001.jpg
1,80.49801838785285,65.0,850.1779319255094,1784577638.797619,raster_data/images/session_20260720_125856/raster_0001.jpg
1,82.80600560098762,65.0,848.8510154746975,1784577638.8053124,raster_data/images/session_20260720_125856/raster_0001.jpg
1,86.32570755869025,65.0,849.0551564671304,1784577638.8170447,raster_data/images/session_20260720_125856/raster_0001.jpg
1,89.5224000254261,65.0,849.7696499406442,1784577638.8277004,raster_data/images/session_20260720_125856/raster_0001.jpg
1,91.87888157755012,65.0,850.024826181185,1784577638.8355553,raster_data/images/session_20260720_125856/raster_0001.jpg
1,94.98023045450324,65.0,850.024826181185,1784577638.8458931,raster_data/images/session_20260720_125856/raster_0001.jpg
1,98.11054718881721,65.0,849.2082622114548,1784577638.8563275,raster_data/images/session_20260720_125856/raster_0001.jpg
1,101.19630349069709,65.0,849.4124032038872,1784577638.8666134,raster_data/images/session_20260720_125856/raster_0001.jpg
1,104.31782257944221,65.0,849.1572269633466,1784577638.8770185,raster_data/images/session_20260720_125856/raster_0001.jpg
1,107.40343583017463,65.0,849.7696499406442,1784577638.8873038,raster_data/images/session_20260720_125856/raster_0001.jpg
1,110.33383858591193,65.0,849.6165441963198,1784577638.8970718,raster_data/images/session_20260720_125856/raster_0001.jpg
1,113.43103897958869,65.0,850.1779319255094,1784577638.9073958,raster_data/images/session_20260720_125856/raster_0001.jpg
1,115.7447482386219,65.0,849.2082622114547,1784577638.9151082,raster_data/images/session_20260720_125856/raster_0001.jpg
1,118.87578022867316,65.0,850.4331081660501,1784577638.925545,raster_data/images/session_20260720_125856/raster_0001.jpg
1,122.00023186594123,65.0,850.2289671736175,1784577638.9359598,raster_data/images/session_20260720_125856/raster_0001.jpg
1,125.08491528421516,65.0,851.9131303611863,1784577638.946242,raster_data/images/session_20260720_125856/raster_0001.jpg
1,128.196420792638,65.0,851.1476016395642,1784577638.9566138,raster_data/images/session_20260720_125856/raster_0001.jpg
1,131.097712639867,65.0,850.4331081660501,1784577638.9662848,raster_data/images/session_20260720_125856/raster_0001.jpg
1,134.20378220468635,65.0,851.1476016395642,1784577638.9766383,raster_data/images/session_20260720_125856/raster_0001.jpg
1,137.36070645242805,65.0,850.5351786622664,1784577638.9871614,raster_data/images/session_20260720_125856/raster_0001.jpg
1,140.47822010904426,65.0,851.9641656092946,1784577638.997553,raster_data/images/session_20260720_125856/raster_0001.jpg
1,142.79400360971565,65.0,851.096566391456,1784577639.0052724,raster_data/images/session_20260720_125856/raster_0001.jpg
1,145.87904465585822,65.0,850.2800024217256,1784577639.0155559,raster_data/images/session_20260720_125856/raster_0001.jpg
1,149.2502595224964,65.0,850.5351786622664,1784577639.0267932,raster_data/images/session_20260720_125856/raster_0001.jpg
1,152.4538899698841,65.0,850.8413901509152,1784577639.037472,raster_data/images/session_20260720_125856/raster_0001.jpg
1,154.73298085123176,65.0,850.024826181185,1784577639.045069,raster_data/images/session_20260720_125856/raster_0001.jpg
1,157.82789242654914,65.0,849.9737909330768,1784577639.0553854,raster_data/images/session_20260720_125856/raster_0001.jpg
1,160.9647895136463,65.0,848.8510154746975,1784577639.0658417,raster_data/images/session_20260720_125856/raster_0001.jpg
1,164.10318863779182,65.0,849.2592974595628,1784577639.076303,raster_data/images/session_20260720_125856/raster_0001.jpg
1,167.20761311441538,65.0,849.1061917152383,1784577639.086651,raster_data/images/session_20260720_125856/raster_0001.jpg
1,170.3277016916859,65.0,849.8717204368605,1784577639.0970514,raster_data/images/session_20260720_125856/raster_0001.jpg
1,173.15010083109019,65.0,849.5144737001035,1784577639.1064594,raster_data/images/session_20260720_125856/raster_0001.jpg
1,176.28814232736704,65.0,848.9530859709139,1784577639.1169195,raster_data/images/session_20260720_125856/raster_0001.jpg
1,179.3750430384266,65.0,850.5862139103746,1784577639.1272092,raster_data/images/session_20260720_125856/raster_0001.jpg
1,182.50285637766,65.0,848.6979097303733,1784577639.1376352,raster_data/images/session_20260720_125856/raster_0001.jpg
1,184.76775055776636,65.0,849.7696499406442,1784577639.145344,raster_data/images/session_20260720_125856/raster_0001.jpg
1,187.7516845479314,65.0,849.2082622114547,1784577639.1565506,raster_data/images/session_20260720_125856/raster_0001.jpg
1,190.16728695126807,65.0,848.8510154746975,1784577639.1668751,raster_data/images/session_20260720_125856/raster_0001.jpg
1,191.90981307573298,65.0,850.9434606471315,1784577639.175343,raster_data/images/session_20260720_125856/raster_0001.jpg
1,193.76006951399756,65.0,851.1476016395642,1784577639.1857708,raster_data/images/session_20260720_125856/raster_0001.jpg
1,195.26497670381525,65.0,851.7089893687538,1784577639.196052,raster_data/images/session_20260720_125856/raster_0001.jpg
1,196.54494720725944,65.0,850.2800024217256,1784577639.2072673,raster_data/images/session_20260720_125856/raster_0001.jpg
1,197.39610360706084,65.0,850.024826181185,1784577639.2176888,raster_data/images/session_20260720_125856/raster_0001.jpg
1,197.81596740045356,65.0,851.0455311433477,1784577639.2253954,raster_data/images/session_20260720_125856/raster_0001.jpg
1,198.11083078032004,65.0,850.4841434141581,1784577639.236854,raster_data/images/session_20260720_125856/raster_0001.jpg
1,198.1472427838805,65.07465750147979,850.1779319255094,1784577639.2469363,raster_data/images/session_20260720_125856/raster_0001.jpg
1,198.27370731652485,65.46411467271757,850.9434606471315,1784577639.2577388,raster_data/images/session_20260720_125856/raster_0001.jpg
1,198.43117195412086,65.94903903092164,849.6165441963198,1784577639.265494,raster_data/images/session_20260720_125856/raster_0001.jpg
1,198.7268467803433,66.85959220357019,850.8413901509152,1784577639.2758057,raster_data/images/session_20260720_125856/raster_0001.jpg
1,199.12674829058463,68.09111939697168,849.2592974595628,1784577639.2862499,raster_data/images/session_20260720_125856/raster_0001.jpg
1,199.67354697427373,69.77502763696026,849.2592974595628,1784577639.2975554,raster_data/images/session_20260720_125856/raster_0001.jpg
1,200.11528989650023,71.13540864899063,848.6979097303733,1784577639.3052807,raster_data/images/session_20260720_125856/raster_0001.jpg
1,200.85907631001461,73.42595562335126,849.0041212190221,1784577639.316553,raster_data/images/session_20260720_125856/raster_0001.jpg
1,201.66834329128358,75.91815499902555,848.9530859709139,1784577639.3271832,raster_data/images/session_20260720_125856/raster_0001.jpg
1,202.53676894739135,78.59253802473316,849.1572269633466,1784577639.3374903,raster_data/images/session_20260720_125856/raster_0001.jpg
1,203.20495984916644,80.65028285651155,849.3613679557791,1784577639.345956,raster_data/images/session_20260720_125856/raster_0001.jpg
1,203.9275790954137,82.87564392527005,848.8510154746975,1784577639.3562438,raster_data/images/session_20260720_125856/raster_0001.jpg
1,204.56277570579468,84.83178032087545,849.0041212190221,1784577639.366722,raster_data/images/session_20260720_125856/raster_0001.jpg
1,205.0876521312357,86.44817729501011,849.6165441963198,1784577639.3770142,raster_data/images/session_20260720_125856/raster_0001.jpg
1,205.51368395923876,87.76017479440365,848.6979097303733,1784577639.3872871,raster_data/images/session_20260720_125856/raster_0001.jpg
1,205.79960046625135,88.6406764789706,849.2082622114547,1784577639.3960426,raster_data/images/session_20260720_125856/raster_0001.jpg
1,206.04722098173718,89.40324273754979,848.595839234157,1784577639.406458,raster_data/images/session_20260720_125856/raster_0001.jpg
1,206.19407003916757,89.85547560719252,849.1061917152383,1784577639.416845,raster_data/images/session_20260720_125856/raster_0001.jpg
1,206.2408940360754,90.0,850.2800024217256,1784577639.4271758,raster_data/images/session_20260720_125856/raster_0001.jpg
1,206.06860820167523,90.0,850.7903549028072,1784577639.4376304,raster_data/images/session_20260720_125856/raster_0001.jpg
1,205.73187474263844,90.0,849.8206851887525,1784577639.4453332,raster_data/images/session_20260720_125856/raster_0001.jpg
1,204.9842874744988,90.0,850.2800024217256,1784577639.455855,raster_data/images/session_20260720_125856/raster_0001.jpg
1,203.72634793049718,90.0,850.2800024217256,1784577639.4678543,raster_data/images/session_20260720_125856/raster_0001.jpg
1,202.6441635054947,90.0,850.4331081660501,1784577639.4758782,raster_data/images/session_20260720_125856/raster_0001.jpg
1,201.01258303274466,90.0,851.2496721357804,1784577639.485949,raster_data/images/session_20260720_125856/raster_0001.jpg
1,199.01660429981655,90.0,850.6372491584826,1784577639.4963093,raster_data/images/session_20260720_125856/raster_0001.jpg
1,196.3414693404622,90.0,850.3820729179419,1784577639.5081484,raster_data/images/session_20260720_125856/raster_0001.jpg
1,194.3542327178902,90.0,851.3517426319968,1784577639.5159297,raster_data/images/session_20260720_125856/raster_0001.jpg
1,191.028684160282,90.0,850.7393196546989,1784577639.5276177,raster_data/images/session_20260720_125856/raster_0001.jpg
1,188.72706272320926,90.0,850.2800024217256,1784577639.5352898,raster_data/images/session_20260720_125856/raster_0001.jpg
1,185.12532093243777,90.0,849.5655089482117,1784577639.5472956,raster_data/images/session_20260720_125856/raster_0001.jpg
1,182.03198291974246,90.0,849.0041212190221,1784577639.5576067,raster_data/images/session_20260720_125856/raster_0001.jpg
1,179.61549141125857,90.0,849.2082622114547,1784577639.5656617,raster_data/images/session_20260720_125856/raster_0001.jpg
1,176.43167354779422,90.0,849.4634384519953,1784577639.5762744,raster_data/images/session_20260720_125856/raster_0001.jpg
1,173.31094124036014,90.0,849.3103327076709,1784577639.5866768,raster_data/images/session_20260720_125856/raster_0001.jpg
1,170.18699028210818,90.0,849.1061917152383,1784577639.59709,raster_data/images/session_20260720_125856/raster_0001.jpg
1,167.09086277203738,90.0,849.5144737001035,1784577639.6074104,raster_data/images/session_20260720_125856/raster_0001.jpg
1,164.45764877515018,90.0,849.2082622114547,1784577639.6161878,raster_data/images/session_20260720_125856/raster_0001.jpg
1,161.3035855503577,90.0,849.6165441963198,1784577639.6267014,raster_data/images/session_20260720_125856/raster_0001.jpg
1,158.21740009503543,90.0,849.1061917152383,1784577639.6369886,raster_data/images/session_20260720_125856/raster_0001.jpg
1,155.09788372235477,90.0,848.5448039860488,1784577639.647387,raster_data/images/session_20260720_125856/raster_0001.jpg
1,151.99038364606082,90.0,850.0758614292931,1784577639.6577454,raster_data/images/session_20260720_125856/raster_0001.jpg
1,149.66179706769168,90.0,850.3820729179419,1784577639.6655073,raster_data/images/session_20260720_125856/raster_0001.jpg
1,146.33786060528934,90.0,850.8413901509152,1784577639.676587,raster_data/images/session_20260720_125856/raster_0001.jpg
1,143.69413234906375,90.0,850.1268966774012,1784577639.6853995,raster_data/images/session_20260720_125856/raster_0001.jpg
1,140.6082329960364,90.0,850.5351786622664,1784577639.6956859,raster_data/images/session_20260720_125856/raster_0001.jpg
1,137.50016071515262,90.0,850.5351786622664,1784577639.706046,raster_data/images/session_20260720_125856/raster_0001.jpg
1,134.35031749921023,90.0,849.8717204368605,1784577639.7165456,raster_data/images/session_20260720_125856/raster_0001.jpg
1,131.23752453046023,90.0,850.5351786622664,1784577639.7269216,raster_data/images/session_20260720_125856/raster_0001.jpg
1,128.1222996922034,90.0,850.4841434141581,1784577639.7373056,raster_data/images/session_20260720_125856/raster_0001.jpg
1,125.0155863972205,90.0,850.4841434141581,1784577639.7476614,raster_data/images/session_20260720_125856/raster_0001.jpg
1,122.15034343915165,90.0,851.0455311433477,1784577639.7572122,raster_data/images/session_20260720_125856/raster_0001.jpg
1,118.96681167798222,90.0,850.4331081660501,1784577639.767824,raster_data/images/session_20260720_125856/raster_0001.jpg
1,116.65124275403203,90.0,849.6165441963198,1784577639.7755425,raster_data/images/session_20260720_125856/raster_0001.jpg
1,113.54595997052371,90.0,850.3820729179419,1784577639.7858934,raster_data/images/session_20260720_125856/raster_0001.jpg
1,110.46649791913211,90.0,849.1061917152383,1784577639.7961583,raster_data/images/session_20260720_125856/raster_0001.jpg
1,107.09936001019656,90.0,849.9227556849687,1784577639.807382,raster_data/images/session_20260720_125856/raster_0001.jpg
1,103.99865486340701,90.0,849.1572269633466,1784577639.8177178,raster_data/images/session_20260720_125856/raster_0001.jpg
1,101.36579849438846,90.0,849.6165441963198,1784577639.826494,raster_data/images/session_20260720_125856/raster_0001.jpg
1,98.24449398236453,90.0,849.718614692536,1784577639.8368983,raster_data/images/session_20260720_125856/raster_0001.jpg
1,95.14057018475711,90.0,849.1061917152383,1784577639.8472447,raster_data/images/session_20260720_125856/raster_0001.jpg
1,92.03872062878787,90.0,849.1061917152383,1784577639.8575842,raster_data/images/session_20260720_125856/raster_0001.jpg
1,89.6858868809241,90.0,849.6165441963198,1784577639.865427,raster_data/images/session_20260720_125856/raster_0001.jpg
1,86.51780464368045,90.0,848.7489449784813,1784577639.8759873,raster_data/images/session_20260720_125856/raster_0001.jpg
1,83.42711307721316,90.0,849.5655089482117,1784577639.8862896,raster_data/images/session_20260720_125856/raster_0001.jpg
1,80.00282623486697,90.0,849.2592974595628,1784577639.897704,raster_data/images/session_20260720_125856/raster_0001.jpg
1,77.69855835156619,90.0,850.2289671736175,1784577639.9053848,raster_data/images/session_20260720_125856/raster_0001.jpg
1,74.60708000378787,90.0,850.3310376698339,1784577639.9156897,raster_data/images/session_20260720_125856/raster_0001.jpg
1,71.4429316730994,90.0,850.024826181185,1784577639.9262369,raster_data/images/session_20260720_125856/raster_0001.jpg
1,68.32620479779422,90.0,850.2289671736175,1784577639.936626,raster_data/images/session_20260720_125856/raster_0001.jpg
1,65.21448471265018,90.0,850.6372491584826,1784577639.9469984,raster_data/images/session_20260720_125856/raster_0001.jpg
1,62.14203216748416,90.0,850.4841434141581,1784577639.9572399,raster_data/images/session_20260720_125856/raster_0001.jpg
1,59.236091157962676,90.0,849.8206851887525,1784577639.9669263,raster_data/images/session_20260720_125856/raster_0001.jpg
1,56.06250145154178,90.0,851.1476016395642,1784577639.977505,raster_data/images/session_20260720_125856/raster_0001.jpg
1,53.005784532596465,90.0,850.3820729179419,1784577639.987694,raster_data/images/session_20260720_125856/raster_0001.jpg
1,49.50911380963504,90.0,849.718614692536,1784577639.9993496,raster_data/images/session_20260720_125856/raster_0001.jpg
1,47.54423477368533,90.0,850.2800024217256,1784577640.0058992,raster_data/images/session_20260720_125856/raster_0001.jpg
1,44.323724290897246,90.0,849.4634384519953,1784577640.0166342,raster_data/images/session_20260720_125856/raster_0001.jpg
1,41.13791375869283,90.0,849.8717204368605,1784577640.0276728,raster_data/images/session_20260720_125856/raster_0001.jpg
1,39.02946553652072,90.0,850.9434606471315,1784577640.0357702,raster_data/images/session_20260720_125856/raster_0001.jpg
1,35.26799270712431,90.0,848.6979097303733,1784577640.052643,raster_data/images/session_20260720_125856/raster_0001.jpg
1,33.84941080026272,90.0,849.5144737001035,1784577640.060262,raster_data/images/session_20260720_125856/raster_0001.jpg
1,32.54203204485512,90.0,848.9530859709139,1784577640.068297,raster_data/images/session_20260720_125856/raster_0001.jpg
1,31.457682239517197,90.0,849.8206851887525,1784577640.0761006,raster_data/images/session_20260720_125856/raster_0001.jpg
1,29.817342348750202,90.0,849.8206851887525,1784577640.0919542,raster_data/images/session_20260720_125856/raster_0001.jpg
1,29.472483693427563,90.0,849.9737909330768,1784577640.096707,raster_data/images/session_20260720_125856/raster_0001.jpg
1,28.989697194095555,90.0,849.1061917152383,1784577640.106115,raster_data/images/session_20260720_125856/raster_0001.jpg
1,28.758944000740016,90.00199427564048,849.9227556849687,1784577640.11967,raster_data/images/session_20260720_125856/raster_0001.jpg
1,28.752106122821612,90.24550844652384,849.3613679557791,1784577640.1313126,raster_data/images/session_20260720_125856/raster_0001.jpg
1,28.7441226461765,90.52982029285972,849.5144737001035,1784577640.1373143,raster_data/images/session_20260720_125856/raster_0001.jpg
1,28.72361236264571,91.2602434955231,849.2592974595628,1784577640.147508,raster_data/images/session_20260720_125856/raster_0001.jpg
1,28.70230959843992,92.01888894444726,849.4124032038872,1784577640.1552107,raster_data/images/session_20260720_125856/raster_0001.jpg
1,28.665734955503133,93.32140471854939,850.3310376698339,1784577640.165582,raster_data/images/session_20260720_125856/raster_0001.jpg
1,28.620465859272272,94.93355202021829,850.7903549028072,1784577640.175878,raster_data/images/session_20260720_125856/raster_0001.jpg
1,28.56029946934518,97.07622972417458,850.3310376698339,1784577640.1872141,raster_data/images/session_20260720_125856/raster_0001.jpg
1,28.495427651933408,99.38647963200118,850.7903549028072,1784577640.1976376,raster_data/images/session_20260720_125856/raster_0001.jpg
1,28.4412274088472,101.31668771911676,850.6372491584826,1784577640.2053926,raster_data/images/session_20260720_125856/raster_0001.jpg
1,28.364546776476786,104.04747947019989,850.2800024217256,1784577640.21566,raster_data/images/session_20260720_125856/raster_0001.jpg
1,28.293980079591016,106.56053847610345,849.9737909330768,1784577640.2261033,raster_data/images/session_20260720_125856/raster_0001.jpg
1,28.232146124290235,108.7626024113164,850.7393196546989,1784577640.2366295,raster_data/images/session_20260720_125856/raster_0001.jpg
1,28.182178892400266,110.5420622364577,850.5862139103746,1784577640.2466004,raster_data/images/session_20260720_125856/raster_0001.jpg
1,28.14117483395078,112.00232072824848,850.1779319255094,1784577640.256414,raster_data/images/session_20260720_125856/raster_0001.jpg
1,28.106488612412278,113.23758502805275,850.5351786622664,1784577640.2668426,raster_data/images/session_20260720_125856/raster_0001.jpg
1,28.08093223008247,114.14771260390053,850.2800024217256,1784577640.2772853,raster_data/images/session_20260720_125856/raster_0001.jpg
1,28.064774843659343,114.7231181032997,849.718614692536,1784577640.2875378,raster_data/images/session_20260720_125856/raster_0001.jpg
1,28.058445665813043,114.9485161747491,849.0041212190221,1784577640.295267,raster_data/images/session_20260720_125856/raster_0001.jpg
1,28.089704128291814,115.0,849.6165441963198,1784577640.3057961,raster_data/images/session_20260720_125856/raster_0001.jpg
1,28.39941092937877,115.0,849.0551564671304,1784577640.3162355,raster_data/images/session_20260720_125856/raster_0001.jpg
1,29.153871183313335,115.0,849.718614692536,1784577640.3281684,raster_data/images/session_20260720_125856/raster_0001.jpg
1,29.880632388594695,115.0,849.4634384519953,1784577640.3359945,raster_data/images/session_20260720_125856/raster_0001.jpg
1,31.118686508082547,115.0,849.5144737001035,1784577640.3463056,raster_data/images/session_20260720_125856/raster_0001.jpg
1,32.675023932885026,115.0,849.0551564671304,1784577640.3566127,raster_data/images/session_20260720_125856/raster_0001.jpg
1,34.58588258225177,115.0,849.4124032038872,1784577640.367101,raster_data/images/session_20260720_125856/raster_0001.jpg
1,36.7800004403516,115.0,849.4124032038872,1784577640.3773851,raster_data/images/session_20260720_125856/raster_0001.jpg
1,38.6627668464638,115.0,849.9227556849687,1784577640.3852131,raster_data/images/session_20260720_125856/raster_0001.jpg
1,41.45804726424709,115.0,849.1572269633466,1784577640.3956468,raster_data/images/session_20260720_125856/raster_0001.jpg
1,44.871406301750966,115.0,850.024826181185,1784577640.4071748,raster_data/images/session_20260720_125856/raster_0001.jpg
1,47.93913815905077,115.0,850.1779319255094,1784577640.4174006,raster_data/images/session_20260720_125856/raster_0001.jpg
1,50.27201627184374,115.0,850.9434606471315,1784577640.4251769,raster_data/images/session_20260720_125856/raster_0001.jpg
1,53.42665170122606,115.0,850.8413901509152,1784577640.4356923,raster_data/images/session_20260720_125856/raster_0001.jpg
1,56.513695463433095,115.0,850.5862139103746,1784577640.4459825,raster_data/images/session_20260720_125856/raster_0001.jpg
1,59.701304182305165,115.0,849.9737909330768,1784577640.4566078,raster_data/images/session_20260720_125856/raster_0001.jpg
1,62.83970330645067,115.0,850.3820729179419,1784577640.4670691,raster_data/images/session_20260720_125856/raster_0001.jpg
1,65.7203957884453,115.0,850.7903549028072,1784577640.4766715,raster_data/images/session_20260720_125856/raster_0001.jpg
1,68.80693887163622,115.0,850.8924253990234,1784577640.48696,raster_data/images/session_20260720_125856/raster_0001.jpg
1,71.34559606005175,115.0,850.5351786622664,1784577640.4954221,raster_data/images/session_20260720_125856/raster_0001.jpg
1,74.49751351763231,115.0,850.8413901509152,1784577640.5059285,raster_data/images/session_20260720_125856/raster_0001.jpg
1,77.59542916704638,115.0,850.4841434141581,1784577640.516255,raster_data/images/session_20260720_125856/raster_0001.jpg
1,80.72817777086718,115.0,851.096566391456,1784577640.5266974,raster_data/images/session_20260720_125856/raster_0001.jpg
1,83.81700967241747,115.0,849.2082622114547,1784577640.5369935,raster_data/images/session_20260720_125856/raster_0001.jpg
1,86.44836400438768,115.0,849.3613679557791,1784577640.5457647,raster_data/images/session_20260720_125856/raster_0001.jpg
1,89.58096955706102,115.0,849.3613679557791,1784577640.5562067,raster_data/images/session_20260720_125856/raster_0001.jpg
1,92.71243070055468,115.0,849.3613679557791,1784577640.566645,raster_data/images/session_20260720_125856/raster_0001.jpg
1,95.80519650866015,115.0,849.4124032038872,1784577640.5769541,raster_data/images/session_20260720_125856/raster_0001.jpg
1,98.89109586168749,115.0,849.1572269633466,1784577640.5872405,raster_data/images/session_20260720_125856/raster_0001.jpg
1,101.97585080553515,115.0,849.4124032038872,1784577640.597523,raster_data/images/session_20260720_125856/raster_0001.jpg
1,104.3291137068413,115.0,849.718614692536,1784577640.6053672,raster_data/images/session_20260720_125856/raster_0001.jpg
1,107.9729125349663,115.0,849.5655089482117,1784577640.6175132,raster_data/images/session_20260720_125856/raster_0001.jpg
1,110.51857922960741,115.0,850.2800024217256,1784577640.6259987,raster_data/images/session_20260720_125856/raster_0001.jpg
1,113.65526173998339,115.0,850.024826181185,1784577640.6364543,raster_data/images/session_20260720_125856/raster_0001.jpg
1,116.96775411058886,115.0,849.6165441963198,1784577640.647496,raster_data/images/session_20260720_125856/raster_0001.jpg
1,119.82799027849657,115.0,849.9227556849687,1784577640.65703,raster_data/images/session_20260720_125856/raster_0001.jpg
1,122.95530293871386,115.0,850.4841434141581,1784577640.6674545,raster_data/images/session_20260720_125856/raster_0001.jpg
1,125.31350110460741,115.0,850.6882844065909,1784577640.6753151,raster_data/images/session_20260720_125856/raster_0001.jpg
1,128.7065312712334,115.0,849.8717204368605,1784577640.6866252,raster_data/images/session_20260720_125856/raster_0001.jpg
1,131.80323098589403,115.0,851.1476016395642,1784577640.6969476,raster_data/images/session_20260720_125856/raster_0001.jpg
1,134.90758393694384,115.0,851.1476016395642,1784577640.7072954,raster_data/images/session_20260720_125856/raster_0001.jpg
1,138.0040690748833,115.0,850.4331081660501,1784577640.717617,raster_data/images/session_20260720_125856/raster_0001.jpg
1,140.36906217028124,115.0,850.8413901509152,1784577640.7255003,raster_data/images/session_20260720_125856/raster_0001.jpg
1,143.45860932756884,115.0,850.9944958952397,1784577640.7357988,raster_data/images/session_20260720_125856/raster_0001.jpg
1,146.58670876909716,115.0,849.8206851887525,1784577640.7462258,raster_data/images/session_20260720_125856/raster_0001.jpg
1,150.22478555132372,115.0,851.1986368876723,1784577640.7583528,raster_data/images/session_20260720_125856/raster_0001.jpg
1,152.59371255327684,115.0,851.2496721357804,1784577640.7662492,raster_data/images/session_20260720_125856/raster_0001.jpg
1,155.75821851183397,115.0,850.8413901509152,1784577640.7767975,raster_data/images/session_20260720_125856/raster_0001.jpg
1,158.85785077501757,115.0,850.3820729179419,1784577640.7871296,raster_data/images/session_20260720_125856/raster_0001.jpg
1,161.95269082476122,115.0,849.7696499406442,1784577640.7974458,raster_data/images/session_20260720_125856/raster_0001.jpg
1,164.26604245592577,115.0,849.1572269633466,1784577640.805157,raster_data/images/session_20260720_125856/raster_0001.jpg
1,167.46252034594042,115.0,849.0041212190221,1784577640.8158119,raster_data/images/session_20260720_125856/raster_0001.jpg
1,170.52696202684862,115.0,849.6165441963198,1784577640.8260267,raster_data/images/session_20260720_125856/raster_0001.jpg
1,174.0434453337334,115.0,850.2800024217256,1784577640.8377483,raster_data/images/session_20260720_125856/raster_0001.jpg
1,176.36030171801073,115.0,849.5144737001035,1784577640.8454711,raster_data/images/session_20260720_125856/raster_0001.jpg
1,179.4450566618584,115.0,849.6165441963198,1784577640.8557537,raster_data/images/session_20260720_125856/raster_0001.jpg
1,182.56943677355272,115.0,849.4634384519953,1784577640.8661683,raster_data/images/session_20260720_125856/raster_0001.jpg
1,185.69703553606493,115.0,849.4124032038872,1784577640.8765936,raster_data/images/session_20260720_125856/raster_0001.jpg
1,188.8282821028374,115.0,849.9227556849687,1784577640.887031,raster_data/images/session_20260720_125856/raster_0001.jpg
1,191.94987192991888,115.0,849.8717204368605,1784577640.8974364,raster_data/images/session_20260720_125856/raster_0001.jpg
1,194.4943011112436,115.0,849.5144737001035,1784577640.906314,raster_data/images/session_20260720_125856/raster_0001.jpg
1,197.15549779978505,115.0,850.3310376698339,1784577640.916636,raster_data/images/session_20260720_125856/raster_0001.jpg
1,199.5184091831737,115.0,850.8413901509152,1784577640.9270592,raster_data/images/session_20260720_125856/raster_0001.jpg
1,201.57787349472525,115.0,850.5862139103746,1784577640.9376075,raster_data/images/session_20260720_125856/raster_0001.jpg
1,202.85814247803674,115.0,850.6372491584826,1784577640.9452288,raster_data/images/session_20260720_125856/raster_0001.jpg
1,204.31357015055366,115.0,850.0758614292931,1784577640.9555452,raster_data/images/session_20260720_125856/raster_0001.jpg
1,205.46612176442045,115.0,850.7903549028072,1784577640.9660354,raster_data/images/session_20260720_125856/raster_0001.jpg
1,206.23122350193447,115.0,851.0455311433477,1784577640.97563,raster_data/images/session_20260720_125856/raster_0001.jpg
1,206.74629275425247,115.0,850.3820729179419,1784577640.985962,raster_data/images/session_20260720_125856/raster_0001.jpg
1,206.94102704116992,115.0,850.2800024217256,1784577640.9962666,raster_data/images/session_20260720_125856/raster_0001.jpg
1,206.91041748692902,115.12479896227588,850.2800024217256,1784577641.0066864,raster_data/images/session_20260720_125856/raster_0001.jpg
1,206.79366966149675,115.57197157385954,850.4841434141583,1784577641.0172653,raster_data/images/session_20260720_125856/raster_0001.jpg
1,206.6012866846916,116.30884524018856,851.3007073838885,1784577641.0274436,raster_data/images/session_20260720_125856/raster_0001.jpg
1,206.40202954262375,117.07204863404422,849.0551564671304,1784577641.035198,raster_data/images/session_20260720_125856/raster_0001.jpg
1,205.99408080982968,118.63459165838184,849.0041212190221,1784577641.0474563,raster_data/images/session_20260720_125856/raster_0001.jpg
1,205.6457916331311,119.9686240495975,848.7999802265896,1784577641.0559237,raster_data/images/session_20260720_125856/raster_0001.jpg
1,205.12433021373096,121.96594831572338,848.8510154746975,1784577641.0666928,raster_data/images/session_20260720_125856/raster_0001.jpg
1,204.54031048917855,124.20288613000405,849.5655089482117,1784577641.0770433,raster_data/images/session_20260720_125856/raster_0001.jpg
1,203.8685303062948,126.77596787844807,848.9530859709139,1784577641.08749,raster_data/images/session_20260720_125856/raster_0001.jpg
1,203.3374440549735,128.8101575954746,848.9530859709139,1784577641.095216,raster_data/images/session_20260720_125856/raster_0001.jpg
1,202.68031235840127,131.32713207292295,849.718614692536,1784577641.1057196,raster_data/images/session_20260720_125856/raster_0001.jpg
1,202.1155501308098,133.49030898264985,849.3103327076709,1784577641.1160502,raster_data/images/session_20260720_125856/raster_0001.jpg
1,201.6257379766971,135.36640885285314,849.4124032038872,1784577641.1265192,raster_data/images/session_20260720_125856/raster_0001.jpg
1,201.22479196737817,136.90212974039306,849.1061917152383,1784577641.136822,raster_data/images/session_20260720_125856/raster_0001.jpg
1,200.90532670738133,138.12575950903425,849.3613679557791,1784577641.1470866,raster_data/images/session_20260720_125856/raster_0001.jpg
1,200.66213673744213,139.05723633582767,849.9227556849687,1784577641.1575356,raster_data/images/session_20260720_125856/raster_0001.jpg
1,200.53546794831308,139.54240865515135,850.2800024217256,1784577641.165266,raster_data/images/session_20260720_125856/raster_0001.jpg
1,200.43605028851846,139.92320251065402,850.6882844065909,1784577641.175748,raster_data/images/session_20260720_125856/raster_0001.jpg
1,200.38089544248956,140.0,850.2800024217256,1784577641.18786,raster_data/images/session_20260720_125856/raster_0001.jpg
1,200.17520826805912,140.0,849.2082622114547,1784577641.1956923,raster_data/images/session_20260720_125856/raster_0001.jpg
1,199.62454416584282,140.0,849.8717204368605,1784577641.2059927,raster_data/images/session_20260720_125856/raster_0001.jpg
1,198.66568488324995,140.0,849.9737909330768,1784577641.217182,raster_data/images/session_20260720_125856/raster_0001.jpg
1,197.45284178426292,140.0,849.9227556849687,1784577641.2274683,raster_data/images/session_20260720_125856/raster_0001.jpg
1,196.26806954589614,140.0,851.0455311433477,1784577641.2356083,raster_data/images/session_20260720_125856/raster_0001.jpg
1,194.4991905808335,140.0,850.7393196546989,1784577641.245828,raster_data/images/session_20260720_125856/raster_0001.jpg
1,192.3329935959853,140.0,850.3820729179419,1784577641.25643,raster_data/images/session_20260720_125856/raster_0001.jpg
1,189.66975673546068,140.0,849.4124032038872,1784577641.2676637,raster_data/images/session_20260720_125856/raster_0001.jpg
1,187.58502988167234,140.0,850.1779319255094,1784577641.27551,raster_data/images/session_20260720_125856/raster_0001.jpg
1,184.3836532890001,140.0,849.4634384519953,1784577641.2864635,raster_data/images/session_20260720_125856/raster_0001.jpg
1,181.47971499554308,140.0,849.0551564671304,1784577641.2961433,raster_data/images/session_20260720_125856/raster_0001.jpg
1,178.36878169171007,140.0,849.4124032038873,1784577641.306513,raster_data/images/session_20260720_125856/raster_0001.jpg
1,175.25813449017198,140.0,849.1061917152383,1784577641.316882,raster_data/images/session_20260720_125856/raster_0001.jpg
1,172.11615908733995,140.0,848.8510154746975,1784577641.3273551,raster_data/images/session_20260720_125856/raster_0001.jpg
1,169.2333923637071,140.0,848.5448039860488,1784577641.3369644,raster_data/images/session_20260720_125856/raster_0001.jpg
1,166.15156996838243,140.0,849.6675794444279,1784577641.347237,raster_data/images/session_20260720_125856/raster_0001.jpg
1,163.06652892223985,140.0,849.4124032038872,1784577641.3575206,raster_data/images/session_20260720_125856/raster_0001.jpg
1,160.64395773998888,140.0,849.4124032038872,1784577641.3655958,raster_data/images/session_20260720_125856/raster_0001.jpg
1,157.55948889843614,140.0,849.3103327076709,1784577641.3758774,raster_data/images/session_20260720_125856/raster_0001.jpg
1,154.45735324017198,140.0,849.1061917152383,1784577641.3862178,raster_data/images/session_20260720_125856/raster_0001.jpg
1,151.36279929272325,140.0,849.8206851887525,1784577641.396533,raster_data/images/session_20260720_125856/raster_0001.jpg
1,148.72965682140978,140.0,849.7696499406442,1784577641.4053102,raster_data/images/session_20260720_125856/raster_0001.jpg
1,145.59633601299913,140.0,850.1268966774012,1784577641.4157546,raster_data/images/session_20260720_125856/raster_0001.jpg
1,142.50421393505724,140.0,850.3310376698339,1784577641.4260616,raster_data/images/session_20260720_125856/raster_0001.jpg
1,139.34564459911974,140.0,849.9737909330768,1784577641.4365902,raster_data/images/session_20260720_125856/raster_0001.jpg
1,136.263035422484,140.0,849.9227556849687,1784577641.4468656,raster_data/images/session_20260720_125856/raster_0001.jpg
1,133.1141220390001,140.0,850.6882844065909,1784577641.457362,raster_data/images/session_20260720_125856/raster_0001.jpg
1,130.020998603026,140.0,850.4841434141581,1784577641.4676723,raster_data/images/session_20260720_125856/raster_0001.jpg
1,127.16541159741074,140.0,850.4331081660501,1784577641.477191,raster_data/images/session_20260720_125856/raster_0001.jpg
1,124.0842329322496,140.0,849.9227556849687,1784577641.4874616,raster_data/images/session_20260720_125856/raster_0001.jpg
1,121.56202662579209,140.0,850.0758614292931,1784577641.495869,raster_data/images/session_20260720_125856/raster_0001.jpg
1,118.39394438854843,140.0,850.6372491584826,1784577641.5064292,raster_data/images/session_20260720_125856/raster_0001.jpg
1,115.10469782940537,140.0,850.2289671736175,1784577641.5173934,raster_data/images/session_20260720_125856/raster_0001.jpg
1,111.99483740917832,140.0,849.7696499406442,1784577641.5277596,raster_data/images/session_20260720_125856/raster_0001.jpg
1,109.73033774487168,140.0,849.8717204368605,1784577641.535308,raster_data/images/session_20260720_125856/raster_0001.jpg
1,106.28130305401474,140.0,849.1061917152383,1784577641.5468047,raster_data/images/session_20260720_125856/raster_0001.jpg
1,103.15191615215927,140.0,849.9227556849687,1784577641.557236,raster_data/images/session_20260720_125856/raster_0001.jpg
1,99.90458357922226,140.0,849.6165441963198,1784577641.5680604,raster_data/images/session_20260720_125856/raster_0001.jpg
1,97.7428661643663,140.0,849.5655089482117,1784577641.5752661,raster_data/images/session_20260720_125856/raster_0001.jpg
1,94.49238646618515,140.0,849.5144737001035,1784577641.586101,raster_data/images/session_20260720_125856/raster_0001.jpg
1,91.4001213370958,140.0,848.9020507228058,1784577641.5964086,raster_data/images/session_20260720_125856/raster_0001.jpg
1,88.33274710766464,140.0,849.4124032038872,1784577641.6066332,raster_data/images/session_20260720_125856/raster_0001.jpg
1,84.92326605908066,140.0,849.3613679557791,1784577641.6179981,raster_data/images/session_20260720_125856/raster_0001.jpg
1,82.56592620007187,140.0,849.5144737001035,1784577641.625856,raster_data/images/session_20260720_125856/raster_0001.jpg
1,79.46114409557968,140.0,850.8924253990234,1784577641.6362052,raster_data/images/session_20260720_125856/raster_0001.jpg
1,76.32675040356308,140.0,849.8206851887525,1784577641.6466532,raster_data/images/session_20260720_125856/raster_0001.jpg
1,73.20144045941025,140.0,850.4841434141581,1784577641.6570709,raster_data/images/session_20260720_125856/raster_0001.jpg
1,70.11961806408553,140.0,848.8510154746975,1784577641.6673436,raster_data/images/session_20260720_125856/raster_0001.jpg
1,66.99087489239363,140.0,849.718614692536,1784577641.6777728,raster_data/images/session_20260720_125856/raster_0001.jpg
1,64.68095648876815,140.0,849.9227556849687,1784577641.6854725,raster_data/images/session_20260720_125856/raster_0001.jpg
1,61.77880633465438,140.0,850.0758614292931,1784577641.6951463,raster_data/images/session_20260720_125856/raster_0001.jpg
1,58.63911975018172,140.0,850.9944958952397,1784577641.705612,raster_data/images/session_20260720_125856/raster_0001.jpg
1,55.498002654234455,140.0,851.1986368876723,1784577641.7160823,raster_data/images/session_20260720_125856/raster_0001.jpg
1,52.40723956219344,140.0,850.2800024217256,1784577641.7263849,raster_data/images/session_20260720_125856/raster_0001.jpg
1,49.27537968787996,140.0,850.3310376698339,1784577641.7368298,raster_data/images/session_20260720_125856/raster_0001.jpg
1,46.38968360739818,140.0,850.2289671736175,1784577641.74708,raster_data/images/session_20260720_125856/raster_0001.jpg
1,43.79356504190176,140.0,850.2800024217256,1784577641.7574394,raster_data/images/session_20260720_125856/raster_0001.jpg
1,41.62415490368687,140.0,850.0758614292931,1784577641.767287,raster_data/images/session_20260720_125856/raster_0001.jpg
1,39.66684406047108,140.0,850.3820729179419,1784577641.7775843,raster_data/images/session_20260720_125856/raster_0001.jpg
1,38.406911910722016,140.0,849.0551564671304,1784577641.785312,raster_data/images/session_20260720_125856/raster_0001.jpg
1,36.98740553736221,140.0,849.8206851887525,1784577641.7957673,raster_data/images/session_20260720_125856/raster_0001.jpg
1,35.91450216004597,140.0,849.1061917152383,1784577641.806013,raster_data/images/session_20260720_125856/raster_0001.jpg
1,35.14556963797128,140.0,848.9530859709139,1784577641.8164468,raster_data/images/session_20260720_125856/raster_0001.jpg
1,34.691045018263424,140.0,849.2592974595628,1784577641.827348,raster_data/images/session_20260720_125856/raster_0001.jpg
1,34.58406329371084,140.00009993323044,849.9737909330768,1784577641.8360765,raster_data/images/session_20260720_125856/raster_0001.jpg
1,34.670909343730074,140.13721950191055,848.595839234157,1784577641.8462017,raster_data/images/session_20260720_125856/raster_0001.jpg
1,34.92630671066173,140.5404615237175,849.718614692536,1784577641.8564475,raster_data/images/session_20260720_125856/raster_0001.jpg
1,35.37122564578746,141.24293552764217,849.1061917152383,1784577641.867114,raster_data/images/session_20260720_125856/raster_0001.jpg
1,35.9733621761531,142.19363738814118,849.4124032038872,1784577641.8774018,raster_data/images/session_20260720_125856/raster_0001.jpg
1,36.76086936982463,143.43701744635695,849.4634384519953,1784577641.887875,raster_data/images/session_20260720_125856/raster_0001.jpg
1,37.451791701664256,144.52790151203777,849.2082622114547,1784577641.8955712,raster_data/images/session_20260720_125856/raster_0001.jpg
1,38.76380660001359,146.59941676142097,851.1476016395642,1784577641.907961,raster_data/images/session_20260720_125856/raster_0001.jpg
1,39.71207081855099,148.09661301400624,850.1779319255094,1784577641.9157288,raster_data/images/session_20260720_125856/raster_0001.jpg
1,41.102949253575936,150.2926443943033,849.6165441963198,1784577641.9259193,raster_data/images/session_20260720_125856/raster_0001.jpg
1,42.82134486126586,153.00578637941433,850.1779319255094,1784577641.9371443,raster_data/images/session_20260720_125856/raster_0001.jpg
1,44.25596989171724,155.27088842319887,849.1061917152383,1784577641.946811,raster_data/images/session_20260720_125856/raster_0001.jpg
1,45.69118306845776,157.53691907991941,849.6165441963198,1784577641.9576905,raster_data/images/session_20260720_125856/raster_0001.jpg
1,46.62224807169363,159.0069598201554,849.6165441963198,1784577641.9656627,raster_data/images/session_20260720_125856/raster_0001.jpg
1,47.764426963975254,160.81032424525586,850.2800024217256,1784577641.976933,raster_data/images/session_20260720_125856/raster_0001.jpg
1,48.676019030829615,162.24961953838198,849.5144737001035,1784577641.987845,raster_data/images/session_20260720_125856/raster_0001.jpg
1,49.22676006129521,163.1191740262966,850.5351786622664,1784577641.995907,raster_data/images/session_20260720_125856/raster_0001.jpg
1,49.7917077919507,164.01115920164,851.3007073838885,1784577642.0064983,raster_data/images/session_20260720_125856/raster_0001.jpg
1,50.18466060618454,164.63158489040126,850.0758614292931,1784577642.017382,raster_data/images/session_20260720_125856/raster_0001.jpg
1,50.354464077446345,164.8996843461007,849.1061917152384,1784577642.0255353,raster_data/images/session_20260720_125856/raster_0001.jpg
1,50.42285763681086,165.0,849.3613679557791,1784577642.0362322,raster_data/images/session_20260720_125856/raster_0001.jpg
1,50.59771501345944,165.0,849.6165441963198,1784577642.0453784,raster_data/images/session_20260720_125856/raster_0001.jpg
1,51.11612530523096,165.0,849.1061917152383,1784577642.0560062,raster_data/images/session_20260720_125856/raster_0001.jpg
1,51.99186287284923,165.0,849.2082622114547,1784577642.0668247,raster_data/images/session_20260720_125856/raster_0001.jpg
1,53.19715704671224,165.0,848.6979097303733,1784577642.0774765,raster_data/images/session_20260720_125856/raster_0001.jpg
1,54.34692140808857,165.0,849.0551564671304,1784577642.0856116,raster_data/images/session_20260720_125856/raster_0001.jpg
1,56.16556968818043,165.0,849.4124032038872,1784577642.0963335,raster_data/images/session_20260720_125856/raster_0001.jpg
1,58.36617610287202,165.0,849.5144737001035,1784577642.1072254,raster_data/images/session_20260720_125856/raster_0001.jpg
1,60.74530780957631,165.0,849.1572269633466,1784577642.1174078,raster_data/images/session_20260720_125856/raster_0001.jpg
1,63.59253691172739,165.0,849.2592974595628,1784577642.1281505,raster_data/images/session_20260720_125856/raster_0001.jpg
1,66.70313656379273,165.0,849.1061917152383,1784577642.1387165,raster_data/images/session_20260720_125856/raster_0001.jpg
1,69.76464569617798,165.0,850.2289671736175,1784577642.1489215,raster_data/images/session_20260720_125856/raster_0001.jpg
1,72.78044998694946,165.0,850.4841434141581,1784577642.1589742,raster_data/images/session_20260720_125856/raster_0001.jpg
1,75.8616286521106,165.0,850.9434606471315,1784577642.1692448,raster_data/images/session_20260720_125856/raster_0001.jpg
1,79.46959316779663,165.0,850.8924253990234,1784577642.1812713,raster_data/images/session_20260720_125856/raster_0001.jpg
1,82.70548164893677,165.0,849.3613679557791,1784577642.1920576,raster_data/images/session_20260720_125856/raster_0001.jpg
1,85.64260780860474,165.0,850.2289671736175,1784577642.201848,raster_data/images/session_20260720_125856/raster_0001.jpg
1,88.80239307929565,165.0,849.8717204368605,1784577642.2123806,raster_data/images/session_20260720_125856/raster_0001.jpg
1,91.27574741889526,165.0,850.1268966774012,1784577642.2206252,raster_data/images/session_20260720_125856/raster_0001.jpg
1,94.43538963843872,165.0,850.8924253990234,1784577642.2311573,raster_data/images/session_20260720_125856/raster_0001.jpg
1,97.29841530372192,165.0,850.3820729179419,1784577642.2407007,raster_data/images/session_20260720_125856/raster_0001.jpg
1,100.33961117316773,165.0,849.6675794444279,1784577642.250838,raster_data/images/session_20260720_125856/raster_0001.jpg
1,103.46799671699097,165.0,849.9737909330768,1784577642.261266,raster_data/images/session_20260720_125856/raster_0001.jpg
1,109.722765088573,165.0,850.2800024217256,1784577642.2821152,raster_data/images/session_20260720_125856/raster_0001.jpg
1,109.9133807425647,165.0,849.8717204368605,1784577642.2827506,raster_data/images/session_20260720_125856/raster_0001.jpg
1,111.42993748237183,165.0,848.8510154746975,1784577642.2878058,raster_data/images/session_20260720_125856/raster_0001.jpg
1,115.47542393256714,165.0,848.8510154746975,1784577642.3012908,raster_data/images/session_20260720_125856/raster_0001.jpg
1,117.78083622504761,165.0,850.1268966774012,1784577642.3089755,raster_data/images/session_20260720_125856/raster_0001.jpg
1,120.58900177527954,165.0,849.1572269633466,1784577642.318336,raster_data/images/session_20260720_125856/raster_0001.jpg
1,123.25461685706665,165.0,849.9227556849687,1784577642.3272214,raster_data/images/session_20260720_125856/raster_0001.jpg
1,128.0732232337146,165.0,849.8206851887525,1784577642.3432834,raster_data/images/session_20260720_125856/raster_0001.jpg
1,129.53019917060425,165.0,849.3103327076709,1784577642.34814,raster_data/images/session_20260720_125856/raster_0001.jpg
1,133.03917229224731,165.0,849.5144737001035,1784577642.3598366,raster_data/images/session_20260720_125856/raster_0001.jpg
1,135.0079852347522,165.0,849.9737909330768,1784577642.3663993,raster_data/images/session_20260720_125856/raster_0001.jpg
1,138.53333771277954,165.0,850.2289671736175,1784577642.3781505,raster_data/images/session_20260720_125856/raster_0001.jpg
1,140.90734303046753,165.0,849.2592974595628,1784577642.3860638,raster_data/images/session_20260720_125856/raster_0001.jpg
1,144.3714696173816,165.0,849.1572269633466,1784577642.397611,raster_data/images/session_20260720_125856/raster_0001.jpg
1,147.27755367805054,165.0,851.7600246168618,1784577642.4072978,raster_data/images/session_20260720_125856/raster_0001.jpg
1,150.25616467048218,165.0,850.1268966774012,1784577642.4172266,raster_data/images/session_20260720_125856/raster_0001.jpg
1,152.76528179694702,165.0,851.4027778801047,1784577642.4255903,raster_data/images/session_20260720_125856/raster_0001.jpg
1,155.87421238471558,165.0,850.3310376698339,1784577642.4359534,raster_data/images/session_20260720_125856/raster_0001.jpg
1,159.0814191107898,165.0,851.5558836244293,1784577642.446644,raster_data/images/session_20260720_125856/raster_0001.jpg
1,162.24313557197144,165.0,851.8620951130782,1784577642.4571831,raster_data/images/session_20260720_125856/raster_0001.jpg
1,164.69960987617065,165.0,850.9434606471315,1784577642.4653714,raster_data/images/session_20260720_125856/raster_0001.jpg
1,167.83743679572632,165.0,850.6372491584826,1784577642.4758308,raster_data/images/session_20260720_125856/raster_0001.jpg
1,170.90762651059606,165.0,851.0455311433477,1784577642.486167,raster_data/images/session_20260720_125856/raster_0001.jpg
1,173.70845887520866,165.0,850.9944958952397,1784577642.4965048,raster_data/images/session_20260720_125856/raster_0001.jpg
1,176.23462907268996,165.0,851.096566391456,1784577642.5070477,raster_data/images/session_20260720_125856/raster_0001.jpg
1,178.46151998501216,165.0,850.8413901509152,1784577642.5177686,raster_data/images/session_20260720_125856/raster_0001.jpg
1,179.92063540815096,165.0,850.1779319255094,1784577642.5259004,raster_data/images/session_20260720_125856/raster_0001.jpg
1,181.49977494221548,165.0,849.6165441963198,1784577642.536316,raster_data/images/session_20260720_125856/raster_0001.jpg
1,182.74326007411133,165.0,849.718614692536,1784577642.5466342,raster_data/images/session_20260720_125856/raster_0001.jpg
1,183.54940708863768,165.0,849.4634384519953,1784577642.5554087,raster_data/images/session_20260720_125856/raster_0001.jpg
1,184.20728954719337,165.0,849.8717204368605,1784577642.5658407,raster_data/images/session_20260720_125856/raster_0001.jpg
1,184.5724138946851,165.0,849.5655089482117,1784577642.579118,raster_data/images/session_20260720_125856/raster_0001.jpg
1,184.43041362390187,165.10105219461502,849.1572269633466,1784577642.5926666,raster_data/images/session_20260720_125856/raster_0001.jpg
1,184.25513278117316,165.21789985789212,849.8206851887525,1784577642.597829,raster_data/images/session_20260720_125856/raster_0001.jpg
1,183.6726741986714,165.60618487102596,849.9227556849687,1784577642.608638,raster_data/images/session_20260720_125856/raster_0001.jpg
1,183.01265463900324,166.04617444469412,849.718614692536,1784577642.6171057,raster_data/images/session_20260720_125856/raster_0001.jpg
1,181.94606785756045,166.7571943779262,849.9737909330768,1784577642.627602,raster_data/images/session_20260720_125856/raster_0001.jpg
1,180.43309433983563,167.7657895979977,849.4634384519953,1784577642.6393018,raster_data/images/session_20260720_125856/raster_0001.jpg
1,179.3498711650539,168.48789986863773,851.096566391456,1784577642.6463923,raster_data/images/session_20260720_125856/raster_0001.jpg
1,177.4977540553004,169.7225787589326,850.6882844065909,1784577642.6569855,raster_data/images/session_20260720_125856/raster_0001.jpg
1,175.33655682278766,171.16330007547086,850.2800024217256,1784577642.6677136,raster_data/images/session_20260720_125856/raster_0001.jpg
1,173.59701133818956,172.32293521799534,850.2289671736175,1784577642.6754618,raster_data/images/session_20260720_125856/raster_0001.jpg
1,170.68053808084045,174.267147031598,850.4331081660501,1784577642.6873367,raster_data/images/session_20260720_125856/raster_0001.jpg
1,168.39705112251448,175.78939048416453,849.7696499406442,1784577642.6964846,raster_data/images/session_20260720_125856/raster_0001.jpg
1,165.10426876096582,177.98446165473453,850.3310376698339,1784577642.7096758,raster_data/images/session_20260720_125856/raster_0001.jpg
1,162.86738114816276,179.4756405337297,850.4331081660501,1784577642.718637,raster_data/images/session_20260720_125856/raster_0001.jpg
1,160.25198544145698,181.2191446846455,850.024826181185,1784577642.7291145,raster_data/images/session_20260720_125856/raster_0001.jpg
1,158.44985286731023,182.4205023283357,850.1268966774012,1784577642.7364378,raster_data/images/session_20260720_125856/raster_0001.jpg
1,155.89871933705734,184.1211673130384,850.6372491584826,1784577642.747825,raster_data/images/session_20260720_125856/raster_0001.jpg
1,154.24440514015225,185.22398462738505,850.7903549028072,1784577642.7561183,raster_data/images/session_20260720_125856/raster_0001.jpg
1,152.18253573794405,186.59849092185482,850.2289671736175,1784577642.7679434,raster_data/images/session_20260720_125856/raster_0001.jpg
1,150.96633458589304,187.40924844948734,849.3103327076709,1784577642.7760813,raster_data/images/session_20260720_125856/raster_0001.jpg
1,149.58212010415028,188.33200889009237,849.6165441963198,1784577642.7871084,raster_data/images/session_20260720_125856/raster_0001.jpg
1,148.27901726582024,189.20069778557126,849.3103327076709,1784577642.800888,raster_data/images/session_20260720_125856/raster_0001.jpg
1,147.89255855047637,189.45832318911235,850.5862139103746,1784577642.8063674,raster_data/images/session_20260720_125856/raster_0001.jpg
1,147.30680296161228,189.84880608926704,849.4634384519953,1784577642.8184025,raster_data/images/session_20260720_125856/raster_0001.jpg
1,147.09212599598527,189.99191643380001,849.5655089482117,1784577642.8287659,raster_data/images/session_20260720_125856/raster_0001.jpg
1,147.03759691904114,190.0,850.024826181185,1784577642.8371997,raster_data/images/session_20260720_125856/raster_0001.jpg
1,146.75445299796135,190.0,850.4331081660501,1784577642.8466148,raster_data/images/session_20260720_125856/raster_0001.jpg
1,146.0472709256191,190.0,849.9227556849687,1784577642.8581219,raster_data/images/session_20260720_125856/raster_0001.jpg
1,145.2817967827353,190.0,849.3613679557791,1784577642.8665066,raster_data/images/session_20260720_125856/raster_0001.jpg
1,144.0259743743081,190.0,850.1268966774013,1784577642.877005,raster_data/images/session_20260720_125856/raster_0001.jpg
1,142.41391908833654,190.0,848.9530859709139,1784577642.8876567,raster_data/images/session_20260720_125856/raster_0001.jpg
1,139.54752853953423,190.0,850.3820729179419,1784577642.9027464,raster_data/images/session_20260720_125856/raster_0001.jpg
1,137.8566838952965,190.0,850.7393196546989,1784577642.9102976,raster_data/images/session_20260720_125856/raster_0001.jpg
1,136.1918838764305,190.0,850.2289671736175,1784577642.917081,raster_data/images/session_20260720_125856/raster_0001.jpg
1,133.20168576939798,190.0,850.4841434141581,1784577642.9280713,raster_data/images/session_20260720_125856/raster_0001.jpg
1,130.76972180795838,190.0,850.7903549028072,1784577642.9362504,raster_data/images/session_20260720_125856/raster_0001.jpg
1,127.36875230264833,190.0,850.0758614292931,1784577642.947587,raster_data/images/session_20260720_125856/raster_0001.jpg
1,124.09116441202333,190.0,850.4331081660501,1784577642.9585123,raster_data/images/session_20260720_125856/raster_0001.jpg
1,121.86242753458193,190.0,850.7903549028072,1784577642.9659414,raster_data/images/session_20260720_125856/raster_0001.jpg
1,118.57160741281679,190.0,850.3820729179419,1784577642.9769108,raster_data/images/session_20260720_125856/raster_0001.jpg
1,115.9645002503412,190.0,850.1779319255094,1784577642.9856012,raster_data/images/session_20260720_125856/raster_0001.jpg
1,112.6779716629999,190.0,850.0758614292931,1784577642.9965563,raster_data/images/session_20260720_125856/raster_0001.jpg
1,109.27685910654237,190.0,850.3820729179419,1784577643.0078933,raster_data/images/session_20260720_125856/raster_0001.jpg
1,106.83497601938417,190.0,850.0758614292931,1784577643.016033,raster_data/images/session_20260720_125856/raster_0001.jpg
1,103.33136731577089,190.0,849.2592974595628,1784577643.0277116,raster_data/images/session_20260720_125856/raster_0001.jpg
1,100.15785824728269,190.0,849.9227556849687,1784577643.038758,raster_data/images/session_20260720_125856/raster_0001.jpg
1,98.2194222404822,190.0,850.024826181185,1784577643.0462198,raster_data/images/session_20260720_125856/raster_0001.jpg
1,95.84205141334073,190.0,848.6979097303733,1784577643.0564098,raster_data/images/session_20260720_125856/raster_0001.jpg
1,93.5987884231061,190.0,849.9737909330768,1784577643.0675535,raster_data/images/session_20260720_125856/raster_0001.jpg
1,92.16226921711734,190.0,849.0041212190221,1784577643.0759022,raster_data/images/session_20260720_125856/raster_0001.jpg
1,90.6799120735424,190.0,849.6165441963198,1784577643.0861883,raster_data/images/session_20260720_125856/raster_0001.jpg
1,89.48569084552811,190.0,849.7696499406442,1784577643.096775,raster_data/images/session_20260720_125856/raster_0001.jpg
1,88.60949282866304,190.0,849.2592974595628,1784577643.1076431,raster_data/images/session_20260720_125856/raster_0001.jpg
1,88.11454609050823,190.0,849.1061917152383,1784577643.1176944,raster_data/images/session_20260720_125856/raster_0001.jpg
1,87.93300849830746,190.0,849.5144737001035,1784577643.126138,raster_data/images/session_20260720_125856/raster_0001.jpg
2,117.5161142232479,15.006471679564287,849.4124032038872,1784577657.1067412,raster_data/images/session_20260720_125856/raster_0002.jpg
2,117.7573219570147,15.103343811553076,850.8413901509152,1784577657.1169353,raster_data/images/session_20260720_125856/raster_0002.jpg
2,118.30436701804881,15.32304415253611,850.024826181185,1784577657.1273777,raster_data/images/session_20260720_125856/raster_0002.jpg
2,119.12885827995596,15.65417046055196,851.096566391456,1784577657.137547,raster_data/images/session_20260720_125856/raster_0002.jpg
2,120.26716380799708,16.111328618932465,850.0758614292931,1784577657.1479256,raster_data/images/session_20260720_125856/raster_0002.jpg
2,121.34120551382784,16.542677598767792,849.0551564671304,1784577657.1558707,raster_data/images/session_20260720_125856/raster_0002.jpg
2,122.97229026773923,17.197742239931255,849.0551564671304,1784577657.1660397,raster_data/images/session_20260720_125856/raster_0002.jpg
2,124.77783870752673,17.92287374396646,848.646874482265,1784577657.1756475,raster_data/images/session_20260720_125856/raster_0002.jpg
2,127.00709629666882,18.818172298618784,849.8717204368605,1784577657.1859832,raster_data/images/session_20260720_125856/raster_0002.jpg
2,129.57920960568234,19.851166125432673,848.9530859709139,1784577657.1964943,raster_data/images/session_20260720_125856/raster_0002.jpg
2,132.4121739771704,20.988921097997718,849.6165441963198,1784577657.206905,raster_data/images/session_20260720_125856/raster_0002.jpg
2,135.30151686858486,22.14931841016918,849.1572269633466,1784577657.2172837,raster_data/images/session_20260720_125856/raster_0002.jpg
2,138.1955722323252,23.31160831191071,848.9020507228058,1784577657.2276795,raster_data/images/session_20260720_125856/raster_0002.jpg
2,141.08206109120425,24.470859407863685,849.0551564671304,1784577657.238048,raster_data/images/session_20260720_125856/raster_0002.jpg
2,143.66482779003755,25.508131773216256,849.6165441963198,1784577657.2473257,raster_data/images/session_20260720_125856/raster_0002.jpg
2,146.20810264332292,26.52954370484784,849.8206851887525,1784577657.2564614,raster_data/images/session_20260720_125856/raster_0002.jpg
2,149.08709137019036,27.68578265120338,849.4124032038872,1784577657.266803,raster_data/images/session_20260720_125856/raster_0002.jpg
2,151.99123540707907,28.852124293996322,849.6165441963198,1784577657.277235,raster_data/images/session_20260720_125856/raster_0002.jpg
2,154.85794515675934,30.003431844993237,850.4841434141581,1784577657.2875326,raster_data/images/session_20260720_125856/raster_0002.jpg
2,157.7370666293261,31.159724103731033,850.1268966774012,1784577657.2978747,raster_data/images/session_20260720_125856/raster_0002.jpg
2,160.64798069688018,32.328784678019005,849.9737909330768,1784577657.308331,raster_data/images/session_20260720_125856/raster_0002.jpg
2,162.88109522370274,33.2256322285108,850.5351786622664,1784577657.3163526,raster_data/images/session_20260720_125856/raster_0002.jpg
2,165.79785010202693,34.397038547618,850.2289671736175,1784577657.32683,raster_data/images/session_20260720_125856/raster_0002.jpg
2,168.48459378937918,35.47606941050425,851.5048483763212,1784577657.336985,raster_data/images/session_20260720_125856/raster_0002.jpg
2,170.9934587834274,36.483661899559586,850.3310376698339,1784577657.3476334,raster_data/images/session_20260720_125856/raster_0002.jpg
2,173.117356399131,37.336646532125414,849.6675794444279,1784577657.35792,raster_data/images/session_20260720_125856/raster_0002.jpg
2,174.5320629424732,37.904810897553865,849.6165441963198,1784577657.3657234,raster_data/images/session_20260720_125856/raster_0002.jpg
2,176.16697343157244,38.56141200323397,850.024826181185,1784577657.3762152,raster_data/images/session_20260720_125856/raster_0002.jpg
2,177.66635377077264,39.16358245545014,850.5351786622664,1784577657.388263,raster_data/images/session_20260720_125856/raster_0002.jpg
2,178.41701069044638,39.46505594083696,850.7393196546989,1784577657.3960097,raster_data/images/session_20260720_125856/raster_0002.jpg
2,179.20365082874108,39.780980750189194,849.1061917152383,1784577657.4071503,raster_data/images/session_20260720_125856/raster_0002.jpg
2,179.6312336867491,39.9527035320845,848.9530859709141,1784577657.4177458,raster_data/images/session_20260720_125856/raster_0002.jpg
2,179.74707363319496,40.0,849.3613679557791,1784577657.4280772,raster_data/images/session_20260720_125856/raster_0002.jpg
2,179.63138591558777,40.0,848.9020507228058,1784577657.435799,raster_data/images/session_20260720_125856/raster_0002.jpg
2,179.1961836670648,40.0,849.1572269633466,1784577657.4461415,raster_data/images/session_20260720_125856/raster_0002.jpg
2,178.43853056920355,40.0,849.4634384519953,1784577657.4565015,raster_data/images/session_20260720_125856/raster_0002.jpg
2,177.2268632858133,40.0,849.9737909330768,1784577657.4679492,raster_data/images/session_20260720_125856/raster_0002.jpg
2,176.1735533574187,40.0,849.2082622114547,1784577657.4757664,raster_data/images/session_20260720_125856/raster_0002.jpg
2,174.4880006286753,40.0,849.9737909330768,1784577657.4861667,raster_data/images/session_20260720_125856/raster_0002.jpg
2,172.4843720342151,40.0,849.2082622114547,1784577657.4965363,raster_data/images/session_20260720_125856/raster_0002.jpg
2,170.15953399277876,40.0,849.8717204368605,1784577657.5069,raster_data/images/session_20260720_125856/raster_0002.jpg
2,167.53003522077765,40.0,849.0041212190221,1784577657.517199,raster_data/images/session_20260720_125856/raster_0002.jpg
2,164.5361560141563,40.0,849.5144737001035,1784577657.5276535,raster_data/images/session_20260720_125856/raster_0002.jpg
2,161.72605927343363,40.0,850.4331081660501,1784577657.5370204,raster_data/images/session_20260720_125856/raster_0002.jpg
2,158.5547583853721,40.0,850.2289671736175,1784577657.5475914,raster_data/images/session_20260720_125856/raster_0002.jpg
2,155.48409397954936,40.0,849.8717204368605,1784577657.557827,raster_data/images/session_20260720_125856/raster_0002.jpg
2,153.11001713628764,40.0,849.4634384519953,1784577657.5657406,raster_data/images/session_20260720_125856/raster_0002.jpg
2,150.04750664587016,40.0,850.0758614292931,1784577657.575949,raster_data/images/session_20260720_125856/raster_0002.jpg
2,146.9092505728721,40.0,850.3820729179419,1784577657.5864098,raster_data/images/session_20260720_125856/raster_0002.jpg
2,143.80997593755717,40.0,850.1779319255094,1784577657.5967407,raster_data/images/session_20260720_125856/raster_0002.jpg
2,140.33719475622172,40.0,850.0758614292931,1784577657.6083167,raster_data/images/session_20260720_125856/raster_0002.jpg
2,137.82121117467875,40.0,851.096566391456,1784577657.6167033,raster_data/images/session_20260720_125856/raster_0002.jpg
2,134.80884011144633,40.0,850.5862139103747,1784577657.6267445,raster_data/images/session_20260720_125856/raster_0002.jpg
2,131.7161458289146,40.0,850.7393196546989,1784577657.6370535,raster_data/images/session_20260720_125856/raster_0002.jpg
2,128.62044747228617,40.0,849.5144737001035,1784577657.6473725,raster_data/images/session_20260720_125856/raster_0002.jpg
2,125.48912937993997,40.0,849.3103327076709,1784577657.6578102,raster_data/images/session_20260720_125856/raster_0002.jpg
2,122.38935406560891,40.0,848.8510154746975,1784577657.6681428,raster_data/images/session_20260720_125856/raster_0002.jpg
2,119.50737412328714,40.0,849.1572269633466,1784577657.6777494,raster_data/images/session_20260720_125856/raster_0002.jpg
2,116.41589577550882,40.0,848.9020507228058,1784577657.6880543,raster_data/images/session_20260720_125856/raster_0002.jpg
2,114.10511906499856,40.0,849.0041212190221,1784577657.695757,raster_data/images/session_20260720_125856/raster_0002.jpg
2,110.97494538183206,40.0,849.4634384519953,1784577657.7061908,raster_data/images/session_20260720_125856/raster_0002.jpg
2,107.8493493353843,40.0,849.5655089482117,1784577657.7166095,raster_data/images/session_20260720_125856/raster_0002.jpg
2,104.76488049383157,40.0,849.2592974595628,1784577657.726891,raster_data/images/session_20260720_125856/raster_0002.jpg
2,101.4531033789634,40.0,849.8206851887525,1784577657.7379303,raster_data/images/session_20260720_125856/raster_0002.jpg
2,98.80122120733256,40.0,849.0041212190221,1784577657.74677,raster_data/images/session_20260720_125856/raster_0002.jpg
2,95.71145947332377,40.0,849.0551564671304,1784577657.757069,raster_data/images/session_20260720_125856/raster_0002.jpg
2,92.5855773245811,40.0,849.6675794444279,1784577657.7674887,raster_data/images/session_20260720_125856/raster_0002.jpg
2,89.50210984106059,40.0,850.2800024217256,1784577657.777767,raster_data/images/session_20260720_125856/raster_0002.jpg
2,86.37279446477885,40.0,850.7393196546989,1784577657.788198,raster_data/images/session_20260720_125856/raster_0002.jpg
2,84.00386746282572,40.0,849.7696499406442,1784577657.7960944,raster_data/images/session_20260720_125856/raster_0002.jpg
2,80.90781147832865,40.0,850.1268966774012,1784577657.8064146,raster_data/images/session_20260720_125856/raster_0002.jpg
2,77.27917607183451,40.0,850.2800024217256,1784577657.81851,raster_data/images/session_20260720_125856/raster_0002.jpg
2,74.93928845281596,40.0,850.1779319255094,1784577657.8263097,raster_data/images/session_20260720_125856/raster_0002.jpg
2,71.81362088079447,40.0,850.3310376698339,1784577657.8367286,raster_data/images/session_20260720_125856/raster_0002.jpg
2,68.77209816323067,40.0,850.024826181185,1784577657.8469949,raster_data/images/session_20260720_125856/raster_0002.jpg
2,65.96093593668928,40.0,849.8206851887525,1784577657.857439,raster_data/images/session_20260720_125856/raster_0002.jpg
2,63.478869383666606,40.0,850.3310376698339,1784577657.8678749,raster_data/images/session_20260720_125856/raster_0002.jpg
2,61.69253768380494,40.0,850.6372491584826,1784577657.876406,raster_data/images/session_20260720_125856/raster_0002.jpg
2,59.711867436482166,40.0,850.1268966774012,1784577657.8874037,raster_data/images/session_20260720_125856/raster_0002.jpg
2,58.18194013247822,40.0,849.6675794444279,1784577657.8977337,raster_data/images/session_20260720_125856/raster_0002.jpg
2,56.95454412509221,40.0,849.5144737001035,1784577657.9082372,raster_data/images/session_20260720_125856/raster_0002.jpg
2,56.22839458180296,40.0,849.4124032038872,1784577657.916411,raster_data/images/session_20260720_125856/raster_0002.jpg
2,55.59700578343819,40.0,849.1061917152383,1784577657.9267495,raster_data/images/session_20260720_125856/raster_0002.jpg
2,55.286666541436844,40.0,849.5144737001035,1784577657.937061,raster_data/images/session_20260720_125856/raster_0002.jpg
2,55.221692295504454,40.039876598040095,849.0551564671304,1784577657.9476812,raster_data/images/session_20260720_125856/raster_0002.jpg
2,55.023692771553925,40.309278366776525,849.2592974595628,1784577657.9579337,raster_data/images/session_20260720_125856/raster_0002.jpg
2,54.703533113526774,40.744893445185085,848.646874482265,1784577657.9667625,raster_data/images/session_20260720_125856/raster_0002.jpg
2,54.15043484633497,41.49744904983268,849.4634384519953,1784577657.9771357,raster_data/images/session_20260720_125856/raster_0002.jpg
2,53.400989700201286,42.5171578042325,849.3103327076709,1784577657.9875727,raster_data/images/session_20260720_125856/raster_0002.jpg
2,52.466390203595914,43.788790949717104,849.1061917152383,1784577657.9979255,raster_data/images/session_20260720_125856/raster_0002.jpg
2,51.35114008058987,45.30622063705525,849.5144737001035,1784577658.0081954,raster_data/images/session_20260720_125856/raster_0002.jpg
2,50.28017207600452,46.76339926525999,849.2082622114547,1784577658.016742,raster_data/images/session_20260720_125856/raster_0002.jpg
2,48.80035457376478,48.77686598758466,850.1268966774012,1784577658.0271523,raster_data/images/session_20260720_125856/raster_0002.jpg
2,47.4049582657268,50.67546769113041,849.4634384519953,1784577658.0359182,raster_data/images/session_20260720_125856/raster_0002.jpg
2,45.587093606260005,53.14888754998911,849.7696499406442,1784577658.0463362,raster_data/images/session_20260720_125856/raster_0002.jpg
2,43.863011015129175,55.49470581374609,850.7903549028072,1784577658.0566761,raster_data/images/session_20260720_125856/raster_0002.jpg
2,42.3313678901948,57.57868742490095,850.6372491584826,1784577658.0669982,raster_data/images/session_20260720_125856/raster_0002.jpg
2,40.86912403225836,59.568243125805,849.6675794444279,1784577658.0783195,raster_data/images/session_20260720_125856/raster_0002.jpg
2,39.998132203350714,60.75333051682988,850.2800024217256,1784577658.086082,raster_data/images/session_20260720_125856/raster_0002.jpg
2,38.92028647282855,62.21986710456549,851.0455311433477,1784577658.0973969,raster_data/images/session_20260720_125856/raster_0002.jpg
2,38.106954046382086,63.32650205945618,850.4841434141581,1784577658.108147,raster_data/images/session_20260720_125856/raster_0002.jpg
2,37.65182386607471,63.94576049570765,850.6882844065909,1784577658.1158233,raster_data/images/session_20260720_125856/raster_0002.jpg
2,37.203919791379306,64.5551869606791,849.4124032038872,1784577658.126173,raster_data/images/session_20260720_125856/raster_0002.jpg
2,36.94660635019303,64.90529232857159,850.1779319255094,1784577658.136505,raster_data/images/session_20260720_125856/raster_0002.jpg
2,36.880388729350145,65.0,849.3103327076709,1784577658.14686,raster_data/images/session_20260720_125856/raster_0002.jpg
2,37.08634518150975,65.0,848.6979097303733,1784577658.1571705,raster_data/images/session_20260720_125856/raster_0002.jpg
2,37.61941831470701,65.0,849.3613679557791,1784577658.1676042,raster_data/images/session_20260720_125856/raster_0002.jpg
2,38.31958259004905,65.0,848.646874482265,1784577658.1763685,raster_data/images/session_20260720_125856/raster_0002.jpg
2,39.44971860457329,65.0,848.7999802265896,1784577658.1867712,raster_data/images/session_20260720_125856/raster_0002.jpg
2,40.901944937923034,65.0,849.4634384519953,1784577658.1971574,raster_data/images/session_20260720_125856/raster_0002.jpg
2,42.79172461637762,65.0,849.3103327076709,1784577658.2081513,raster_data/images/session_20260720_125856/raster_0002.jpg
2,44.4054081813096,65.0,849.1572269633466,1784577658.2162013,raster_data/images/session_20260720_125856/raster_0002.jpg
2,46.71992617949881,65.0,849.5144737001035,1784577658.2263627,raster_data/images/session_20260720_125856/raster_0002.jpg
2,49.44404308305233,65.0,848.7489449784813,1784577658.2368884,raster_data/images/session_20260720_125856/raster_0002.jpg
2,52.64452946573372,65.0,849.4634384519953,1784577658.2479153,raster_data/images/session_20260720_125856/raster_0002.jpg
2,55.347409371434395,65.0,849.4124032038872,1784577658.2569249,raster_data/images/session_20260720_125856/raster_0002.jpg
2,58.49932682901496,65.0,849.0041212190221,1784577658.2674313,raster_data/images/session_20260720_125856/raster_0002.jpg
2,61.576285485326004,65.0,850.1779319255094,1784577658.2776878,raster_data/images/session_20260720_125856/raster_0002.jpg
2,64.70924866586799,65.0,850.4841434141581,1784577658.288131,raster_data/images/session_20260720_125856/raster_0002.jpg
2,67.02517521768684,65.0,849.3613679557791,1784577658.2958508,raster_data/images/session_20260720_125856/raster_0002.jpg
2,70.15155804544563,65.0,850.1268966774012,1784577658.306272,raster_data/images/session_20260720_125856/raster_0002.jpg
2,73.24961674600715,65.0,850.024826181185,1784577658.316599,raster_data/images/session_20260720_125856/raster_0002.jpg
2,76.88404572397346,65.0,849.718614692536,1784577658.3287137,raster_data/images/session_20260720_125856/raster_0002.jpg
2,79.20204651743049,65.0,851.0455311433477,1784577658.3364403,raster_data/images/session_20260720_125856/raster_0002.jpg
2,82.34602463632697,65.0,849.6675794444279,1784577658.3469203,raster_data/images/session_20260720_125856/raster_0002.jpg
2,85.48778546243781,65.0,850.8413901509152,1784577658.3573928,raster_data/images/session_20260720_125856/raster_0002.jpg
2,88.59006417184943,65.0,850.6372491584826,1784577658.3677337,raster_data/images/session_20260720_125856/raster_0002.jpg
2,91.68454659372443,65.0,849.6165441963198,1784577658.3780487,raster_data/images/session_20260720_125856/raster_0002.jpg
2,94.03280270486945,65.0,851.0455311433477,1784577658.3858762,raster_data/images/session_20260720_125856/raster_0002.jpg
2,97.43348610788459,65.0,849.718614692536,1784577658.3972118,raster_data/images/session_20260720_125856/raster_0002.jpg
2,100.52725327402229,65.0,849.2082622114547,1784577658.4075243,raster_data/images/session_20260720_125856/raster_0002.jpg
2,103.66558087259406,65.0,849.2082622114547,1784577658.4179854,raster_data/images/session_20260720_125856/raster_0002.jpg
2,106.74518597513313,65.0,849.1061917152383,1784577658.4282508,raster_data/images/session_20260720_125856/raster_0002.jpg
2,109.0520287790882,65.0,849.3103327076709,1784577658.4359403,raster_data/images/session_20260720_125856/raster_0002.jpg
2,112.18685162454719,65.0,849.1061917152383,1784577658.4463897,raster_data/images/session_20260720_125856/raster_0002.jpg
2,115.2717496195423,65.0,850.1779319255094,1784577658.4566727,raster_data/images/session_20260720_125856/raster_0002.jpg
2,118.21345341592902,65.0,849.1572269633466,1784577658.4664783,raster_data/images/session_20260720_125856/raster_0002.jpg
2,121.4400435724842,65.0,848.8510154746975,1784577658.4772336,raster_data/images/session_20260720_125856/raster_0002.jpg
2,124.57393658548469,65.0,849.4124032038872,1784577658.48768,raster_data/images/session_20260720_125856/raster_0002.jpg
2,127.66012204080695,65.0,849.5655089482117,1784577658.4979672,raster_data/images/session_20260720_125856/raster_0002.jpg
2,130.79265606790656,65.0,849.4634384519953,1784577658.508409,raster_data/images/session_20260720_125856/raster_0002.jpg
2,133.08526528268928,65.0,849.9737909330768,1784577658.516051,raster_data/images/session_20260720_125856/raster_0002.jpg
2,136.27680790811652,65.0,850.8924253990234,1784577658.5266895,raster_data/images/session_20260720_125856/raster_0002.jpg
2,139.67212689310188,65.0,851.2496721357804,1784577658.5380073,raster_data/images/session_20260720_125856/raster_0002.jpg
2,142.07946312814826,65.0,850.8413901509152,1784577658.5460317,raster_data/images/session_20260720_125856/raster_0002.jpg
2,145.16586316019172,65.0,849.718614692536,1784577658.5563197,raster_data/images/session_20260720_125856/raster_0002.jpg
2,148.29024327188606,65.0,850.0758614292931,1784577658.5667343,raster_data/images/session_20260720_125856/raster_0002.jpg
2,151.37621415048713,65.0,849.718614692536,1784577658.577021,raster_data/images/session_20260720_125856/raster_0002.jpg
2,154.50388443857307,65.0,850.6882844065909,1784577658.5874465,raster_data/images/session_20260720_125856/raster_0002.jpg
2,157.62819302469367,65.0,850.4331081660501,1784577658.5978608,raster_data/images/session_20260720_125856/raster_0002.jpg
2,160.20940792947883,65.0,849.9737909330768,1784577658.6064649,raster_data/images/session_20260720_125856/raster_0002.jpg
2,163.36997998148078,65.0,850.9944958952397,1784577658.617,raster_data/images/session_20260720_125856/raster_0002.jpg
2,166.46932614236948,65.0,850.6372491584826,1784577658.6273313,raster_data/images/session_20260720_125856/raster_0002.jpg
2,169.57553875833628,65.0,850.4841434141581,1784577658.6376853,raster_data/images/session_20260720_125856/raster_0002.jpg
2,172.7029229441273,65.0,850.024826181185,1784577658.64811,raster_data/images/session_20260720_125856/raster_0002.jpg
2,175.00740540414927,65.0,849.1061917152383,1784577658.6557915,raster_data/images/session_20260720_125856/raster_0002.jpg
2,178.13886654764292,65.0,849.8206851887525,1784577658.6662297,raster_data/images/session_20260720_125856/raster_0002.jpg
2,181.78130638986704,65.0,849.2592974595628,1784577658.6783712,raster_data/images/session_20260720_125856/raster_0002.jpg
2,184.09033985633758,65.0,849.9227556849687,1784577658.6861217,raster_data/images/session_20260720_125856/raster_0002.jpg
2,186.9160552503702,65.0,848.9530859709139,1784577658.6964068,raster_data/images/session_20260720_125856/raster_0002.jpg
2,189.45532859597841,65.0,850.4841434141581,1784577658.7068274,raster_data/images/session_20260720_125856/raster_0002.jpg
2,191.64070344965805,65.0,848.646874482265,1784577658.7171052,raster_data/images/session_20260720_125856/raster_0002.jpg
2,193.53350630887218,65.0,849.0551564671304,1784577658.7275293,raster_data/images/session_20260720_125856/raster_0002.jpg
2,195.18917529013325,65.0,849.1572269633466,1784577658.7386181,raster_data/images/session_20260720_125856/raster_0002.jpg
2,196.06633923876336,65.0,849.3613679557791,1784577658.745815,raster_data/images/session_20260720_125856/raster_0002.jpg
2,197.04573030157107,65.0,849.1061917152383,1784577658.7560446,raster_data/images/session_20260720_125856/raster_0002.jpg
2,197.71931303397668,65.0,849.4634384519953,1784577658.7664385,raster_data/images/session_20260720_125856/raster_0002.jpg
2,198.07042042105857,65.0,849.8717204368605,1784577658.776923,raster_data/images/session_20260720_125856/raster_0002.jpg
2,198.13139932258898,65.02586635436371,850.024826181185,1784577658.7871015,raster_data/images/session_20260720_125856/raster_0002.jpg
2,198.22399305427135,65.31101581138012,850.0758614292931,1784577658.7976084,raster_data/images/session_20260720_125856/raster_0002.jpg
2,198.41688694458216,65.90504725481082,849.718614692536,1784577658.8080304,raster_data/images/session_20260720_125856/raster_0002.jpg
2,198.6309842796638,66.56437632318246,850.5351786622664,1784577658.8159573,raster_data/images/session_20260720_125856/raster_0002.jpg
2,199.03906765265864,67.82110018680297,849.6165441963198,1784577658.8273115,raster_data/images/session_20260720_125856/raster_0002.jpg
2,199.50987531925352,69.2709882953114,850.3310376698339,1784577658.837558,raster_data/images/session_20260720_125856/raster_0002.jpg
2,200.08343216650053,71.03730034029478,849.7696499406442,1784577658.8478954,raster_data/images/session_20260720_125856/raster_0002.jpg
2,200.5788085774561,72.5628497704364,849.6675794444279,1784577658.8556519,raster_data/images/session_20260720_125856/raster_0002.jpg
2,201.34310245389364,74.91655104056923,850.6882844065909,1784577658.8662152,raster_data/images/session_20260720_125856/raster_0002.jpg
2,202.17806350814757,77.48787727318177,850.6882844065909,1784577658.876402,raster_data/images/session_20260720_125856/raster_0002.jpg
2,203.0306908224637,80.11360810071348,850.1268966774012,1784577658.8868062,raster_data/images/session_20260720_125856/raster_0002.jpg
2,203.73805398187207,82.29198688677033,849.1061917152383,1784577658.8965473,raster_data/images/session_20260720_125856/raster_0002.jpg
2,204.40248417707457,84.33815033590342,849.4124032038872,1784577658.9070544,raster_data/images/session_20260720_125856/raster_0002.jpg
2,204.95537909951426,86.04083240796459,848.9530859709139,1784577658.9173717,raster_data/images/session_20260720_125856/raster_0002.jpg
2,205.40870147946555,87.4368732429956,849.6675794444279,1784577658.927665,raster_data/images/session_20260720_125856/raster_0002.jpg
2,205.76368642059336,88.5300764369098,848.9530859709139,1784577658.9379525,raster_data/images/session_20260720_125856/raster_0002.jpg
2,205.96681324863084,89.15562099233445,849.8206851887525,1784577658.945723,raster_data/images/session_20260720_125856/raster_0002.jpg
2,206.1521100337518,89.72625657105131,848.7999802265896,1784577658.9561992,raster_data/images/session_20260720_125856/raster_0002.jpg
2,206.23809050461304,89.99103998710588,849.1572269633466,1784577658.967545,raster_data/images/session_20260720_125856/raster_0002.jpg
2,206.15051261410582,90.0,848.646874482265,1784577658.977818,raster_data/images/session_20260720_125856/raster_0002.jpg
2,205.87213794068478,90.0,849.5655089482117,1784577658.9857326,raster_data/images/session_20260720_125856/raster_0002.jpg
2,205.22450862970197,90.0,849.0551564671304,1784577658.996083,raster_data/images/session_20260720_125856/raster_0002.jpg
2,204.16857306700302,90.0,848.7999802265896,1784577659.0072212,raster_data/images/session_20260720_125856/raster_0002.jpg
2,202.7989865706902,90.0,850.3820729179419,1784577659.0179539,raster_data/images/session_20260720_125856/raster_0002.jpg
2,201.17726383964188,90.0,849.9737909330768,1784577659.028153,raster_data/images/session_20260720_125856/raster_0002.jpg
2,199.56066380826707,90.0,849.5144737001035,1784577659.036786,raster_data/images/session_20260720_125856/raster_0002.jpg
2,197.25880895052845,90.0,849.4634384519953,1784577659.047434,raster_data/images/session_20260720_125856/raster_0002.jpg
2,194.73382086784525,90.0,849.9737909330768,1784577659.057638,raster_data/images/session_20260720_125856/raster_0002.jpg
2,191.81122807433937,90.0,849.7696499406442,1784577659.068132,raster_data/images/session_20260720_125856/raster_0002.jpg
2,189.54982139783084,90.0,850.2289671736175,1784577659.0756884,raster_data/images/session_20260720_125856/raster_0002.jpg
2,186.36285640912234,90.0,851.4027778801047,1784577659.0863116,raster_data/images/session_20260720_125856/raster_0002.jpg
2,183.24226715283572,90.0,850.0758614292931,1784577659.0967135,raster_data/images/session_20260720_125856/raster_0002.jpg
2,179.61634971814334,90.0,850.7393196546989,1784577659.1088,raster_data/images/session_20260720_125856/raster_0002.jpg
2,177.08241321759402,90.0,850.3310376698339,1784577659.1172464,raster_data/images/session_20260720_125856/raster_0002.jpg
2,174.00981762128055,90.0,850.6882844065909,1784577659.1274884,raster_data/images/session_20260720_125856/raster_0002.jpg
2,170.90424873547732,90.0,849.4124032038872,1784577659.1378403,raster_data/images/session_20260720_125856/raster_0002.jpg
2,167.7876649113196,90.0,849.3103327076709,1784577659.148229,raster_data/images/session_20260720_125856/raster_0002.jpg
2,165.51322319226443,90.0,849.2592974595628,1784577659.1558104,raster_data/images/session_20260720_125856/raster_0002.jpg
2,162.38641121106326,90.0,848.8510154746975,1784577659.166233,raster_data/images/session_20260720_125856/raster_0002.jpg
2,159.29636337475955,90.0,849.0551564671304,1784577659.1765332,raster_data/images/session_20260720_125856/raster_0002.jpg
2,155.88852741437137,90.0,848.9530859709141,1784577659.1878927,raster_data/images/session_20260720_125856/raster_0002.jpg
2,152.76114322858035,90.0,849.2592974595628,1784577659.1983173,raster_data/images/session_20260720_125856/raster_0002.jpg
2,150.45194008069217,90.0,849.5655089482117,1784577659.2060146,raster_data/images/session_20260720_125856/raster_0002.jpg
2,147.3465142460364,90.0,849.5655089482117,1784577659.216366,raster_data/images/session_20260720_125856/raster_0002.jpg
2,144.2210612507361,90.0,848.595839234157,1784577659.2267842,raster_data/images/session_20260720_125856/raster_0002.jpg
2,141.13988258557498,90.0,849.1061917152383,1784577659.2370548,raster_data/images/session_20260720_125856/raster_0002.jpg
2,138.098472139408,90.0,848.9020507228058,1784577659.2471929,raster_data/images/session_20260720_125856/raster_0002.jpg
2,135.15276291089236,90.0,849.2592974595628,1784577659.257012,raster_data/images/session_20260720_125856/raster_0002.jpg
2,132.02423431592166,90.0,850.3820729179419,1784577659.2674403,raster_data/images/session_20260720_125856/raster_0002.jpg
2,128.92732002453982,90.0,849.9737909330768,1784577659.2777634,raster_data/images/session_20260720_125856/raster_0002.jpg
2,125.81853248791874,90.0,850.2800024217256,1784577659.288126,raster_data/images/session_20260720_125856/raster_0002.jpg
2,123.41284134106816,90.0,849.7696499406442,1784577659.296145,raster_data/images/session_20260720_125856/raster_0002.jpg
2,120.28095104413212,90.0,850.1779319255094,1784577659.3065846,raster_data/images/session_20260720_125856/raster_0002.jpg
2,116.941565057804,90.0,851.1476016395642,1784577659.317716,raster_data/images/session_20260720_125856/raster_0002.jpg
2,114.31407310681521,90.0,850.4841434141581,1784577659.3264742,raster_data/images/session_20260720_125856/raster_0002.jpg
2,111.23189308362186,90.0,849.8717204368605,1784577659.3367481,raster_data/images/session_20260720_125856/raster_0002.jpg
2,108.1363377781409,90.0,850.2800024217256,1784577659.3470666,raster_data/images/session_20260720_125856/raster_0002.jpg
2,105.03556110577762,90.0,850.2289671736175,1784577659.3574026,raster_data/images/session_20260720_125856/raster_0002.jpg
2,101.88764908032596,90.0,849.9737909330768,1784577659.3678956,raster_data/images/session_20260720_125856/raster_0002.jpg
2,98.82978775220096,90.0,850.0758614292931,1784577659.3780885,raster_data/images/session_20260720_125856/raster_0002.jpg
2,96.202081224491,90.0,849.3103327076709,1784577659.3868475,raster_data/images/session_20260720_125856/raster_0002.jpg
2,92.82857753949344,90.0,849.6165441963198,1784577659.3980925,raster_data/images/session_20260720_125856/raster_0002.jpg
2,90.49119331555545,90.0,849.0551564671304,1784577659.4058838,raster_data/images/session_20260720_125856/raster_0002.jpg
2,87.29464389996707,90.0,849.9227556849687,1784577659.416539,raster_data/images/session_20260720_125856/raster_0002.jpg
2,84.23957206921756,90.0,848.9530859709139,1784577659.4267225,raster_data/images/session_20260720_125856/raster_0002.jpg
2,81.10231735425174,90.0,848.8510154746975,1784577659.43718,raster_data/images/session_20260720_125856/raster_0002.jpg
2,78.01734783368289,90.0,849.2082622114547,1784577659.4474633,raster_data/images/session_20260720_125856/raster_0002.jpg
2,74.89632942395389,90.0,849.2592974595628,1784577659.4578667,raster_data/images/session_20260720_125856/raster_0002.jpg
2,72.26883747296512,90.0,849.1061917152383,1784577659.466625,raster_data/images/session_20260720_125856/raster_0002.jpg
2,68.95326950268924,90.0,849.4124032038872,1784577659.4776769,raster_data/images/session_20260720_125856/raster_0002.jpg
2,65.80650188641727,90.0,849.3103327076709,1784577659.488166,raster_data/images/session_20260720_125856/raster_0002.jpg
2,63.45681526379764,90.0,848.646874482265,1784577659.4959984,raster_data/images/session_20260720_125856/raster_0002.jpg
2,60.37613727765262,90.0,849.1061917152383,1784577659.5062673,raster_data/images/session_20260720_125856/raster_0002.jpg
2,57.276648065616484,90.0,850.4841434141581,1784577659.516599,raster_data/images/session_20260720_125856/raster_0002.jpg
2,54.1434703083533,90.0,849.7696499406442,1784577659.5270429,raster_data/images/session_20260720_125856/raster_0002.jpg
2,50.74014045911014,90.0,849.4124032038872,1784577659.5383873,raster_data/images/session_20260720_125856/raster_0002.jpg
2,48.167365572025176,90.0,850.7903549028072,1784577659.5469632,raster_data/images/session_20260720_125856/raster_0002.jpg
2,45.07352688031375,90.0,850.1268966774012,1784577659.557276,raster_data/images/session_20260720_125856/raster_0002.jpg
2,42.04894357280699,90.0,850.3820729179419,1784577659.5675304,raster_data/images/session_20260720_125856/raster_0002.jpg
2,39.27643149028225,90.0,850.5351786622664,1784577659.5779223,raster_data/images/session_20260720_125856/raster_0002.jpg
2,36.819191419303536,90.0,849.8206851887525,1784577659.5883539,raster_data/images/session_20260720_125856/raster_0002.jpg
2,35.216267776716194,90.0,849.7696499406442,1784577659.5960464,raster_data/images/session_20260720_125856/raster_0002.jpg
2,33.35447695958919,90.0,850.1779319255094,1784577659.6063075,raster_data/images/session_20260720_125856/raster_0002.jpg
2,31.86430945127134,90.0,850.8413901509155,1784577659.6161582,raster_data/images/session_20260720_125856/raster_0002.jpg
2,30.62429633456526,90.0,848.8510154746975,1784577659.626394,raster_data/images/session_20260720_125856/raster_0002.jpg
2,29.688314282404946,90.0,849.2592974595628,1784577659.6367671,raster_data/images/session_20260720_125856/raster_0002.jpg
2,29.077341990470615,90.0,848.595839234157,1784577659.6470897,raster_data/images/session_20260720_125856/raster_0002.jpg
2,28.783745567898876,90.0,848.8510154746975,1784577659.657596,raster_data/images/session_20260720_125856/raster_0002.jpg
2,28.75730682707539,90.06029818107585,849.0041212190221,1784577659.6679993,raster_data/images/session_20260720_125856/raster_0002.jpg
2,28.74757469524354,90.40688407252355,848.646874482265,1784577659.6781309,raster_data/images/session_20260720_125856/raster_0002.jpg
2,28.73166605130981,90.97343122116067,849.1061917152383,1784577659.6871374,raster_data/images/session_20260720_125856/raster_0002.jpg
2,28.704888920749067,91.92703273685659,848.7489449784813,1784577659.6975074,raster_data/images/session_20260720_125856/raster_0002.jpg
2,28.66920019409417,93.19799878582016,848.4427334898326,1784577659.7078404,raster_data/images/session_20260720_125856/raster_0002.jpg
2,28.624683863103368,94.78333820856959,848.9530859709139,1784577659.7181392,raster_data/images/session_20260720_125856/raster_0002.jpg
2,28.58446992709144,96.21545843691452,848.9530859709139,1784577659.7260416,raster_data/images/session_20260720_125856/raster_0002.jpg
2,28.523897707965737,98.3725887476589,849.3613679557791,1784577659.7363834,raster_data/images/session_20260720_125856/raster_0002.jpg
2,28.454810852557596,100.83294684623941,849.0041212190221,1784577659.7466567,raster_data/images/session_20260720_125856/raster_0002.jpg
2,28.382068276120187,103.42349444016432,849.6165441963198,1784577659.7564003,raster_data/images/session_20260720_125856/raster_0002.jpg
2,28.310420341947015,105.97505904747099,850.4331081660501,1784577659.7666857,raster_data/images/session_20260720_125856/raster_0002.jpg
2,28.247730554369,108.20760134013526,849.6675794444279,1784577659.7769623,raster_data/images/session_20260720_125856/raster_0002.jpg
2,28.193012376939166,110.15625438250834,849.8717204368605,1784577659.787431,raster_data/images/session_20260720_125856/raster_0002.jpg
2,28.147754716163742,111.76799443861317,849.7696499406442,1784577659.7978404,raster_data/images/session_20260720_125856/raster_0002.jpg
2,28.11186377008235,113.04616203410424,850.3310376698339,1784577659.8081698,raster_data/images/session_20260720_125856/raster_0002.jpg
2,28.088824691243325,113.86664204973907,850.5351786622664,1784577659.8167748,raster_data/images/session_20260720_125856/raster_0002.jpg
2,28.068151206127663,114.60287727465587,849.1572269633466,1784577659.8279936,raster_data/images/session_20260720_125856/raster_0002.jpg
2,28.059973718862484,114.89409833110811,850.3820729179419,1784577659.8358638,raster_data/images/session_20260720_125856/raster_0002.jpg
2,28.062732722009876,115.0,849.5655089482117,1784577659.8462229,raster_data/images/session_20260720_125856/raster_0002.jpg
2,28.283835593067135,115.0,849.8206851887525,1784577659.8565652,raster_data/images/session_20260720_125856/raster_0002.jpg
2,28.88543374168792,115.0,850.1268966774012,1784577659.8677688,raster_data/images/session_20260720_125856/raster_0002.jpg
2,29.745373502056026,115.0,849.8206851887525,1784577659.8778176,raster_data/images/session_20260720_125856/raster_0002.jpg
2,30.987915323624957,115.0,848.5448039860488,1784577659.8884714,raster_data/images/session_20260720_125856/raster_0002.jpg
2,32.24406348488463,115.0,849.3613679557791,1784577659.8971014,raster_data/images/session_20260720_125856/raster_0002.jpg
2,34.06865691889007,115.0,849.5144737001035,1784577659.907575,raster_data/images/session_20260720_125856/raster_0002.jpg
2,36.20023586333879,115.0,848.6979097303733,1784577659.9179485,raster_data/images/session_20260720_125856/raster_0002.jpg
2,38.64551276225553,115.0,848.7489449784813,1784577659.9282858,raster_data/images/session_20260720_125856/raster_0002.jpg
2,40.670070146441205,115.0,849.4124032038872,1784577659.935967,raster_data/images/session_20260720_125856/raster_0002.jpg
2,43.723778471245595,115.0,848.9020507228058,1784577659.9464905,raster_data/images/session_20260720_125856/raster_0002.jpg
2,46.82212327410204,115.0,848.9530859709139,1784577659.9568183,raster_data/images/session_20260720_125856/raster_0002.jpg
2,49.46520780016405,115.0,849.5655089482117,1784577659.9656286,raster_data/images/session_20260720_125856/raster_0002.jpg
2,52.84336064745409,115.0,849.1572269633466,1784577659.9768891,raster_data/images/session_20260720_125856/raster_0002.jpg
2,55.997996076836415,115.0,848.6979097303733,1784577659.9874046,raster_data/images/session_20260720_125856/raster_0002.jpg
2,59.088043913140126,115.0,848.9020507228058,1784577659.9977047,raster_data/images/session_20260720_125856/raster_0002.jpg
2,62.189893469109364,115.0,850.2289671736175,1784577660.0080442,raster_data/images/session_20260720_125856/raster_0002.jpg
2,64.61389516283495,115.0,851.1986368876723,1784577660.0161242,raster_data/images/session_20260720_125856/raster_0002.jpg
2,67.72454236437304,115.0,849.8717204368605,1784577660.026493,raster_data/images/session_20260720_125856/raster_0002.jpg
2,71.01736520220263,115.0,850.5351786622664,1784577660.0374691,raster_data/images/session_20260720_125856/raster_0002.jpg
2,74.22206853319628,115.0,850.6882844065909,1784577660.0481515,raster_data/images/session_20260720_125856/raster_0002.jpg
2,76.53220151354296,115.0,849.8717204368605,1784577660.055852,raster_data/images/session_20260720_125856/raster_0002.jpg
2,79.65915654589159,115.0,850.0758614292931,1784577660.0662751,raster_data/images/session_20260720_125856/raster_0002.jpg
2,82.74906133104784,115.0,850.024826181185,1784577660.0765748,raster_data/images/session_20260720_125856/raster_0002.jpg
2,86.23421643663866,115.0,850.1779319255094,1784577660.088192,raster_data/images/session_20260720_125856/raster_0002.jpg
2,89.23850511003954,115.0,850.5862139103747,1784577660.0982063,raster_data/images/session_20260720_125856/raster_0002.jpg
2,91.58740495134813,115.0,850.5862139103746,1784577660.106036,raster_data/images/session_20260720_125856/raster_0002.jpg
2,94.99273751665575,115.0,849.8717204368605,1784577660.117387,raster_data/images/session_20260720_125856/raster_0002.jpg
2,97.52545808245165,115.0,850.024826181185,1784577660.1258295,raster_data/images/session_20260720_125856/raster_0002.jpg
2,100.65248464037401,115.0,849.0551564671304,1784577660.1362529,raster_data/images/session_20260720_125856/raster_0002.jpg
2,103.76291726519091,115.0,849.3103327076709,1784577660.146621,raster_data/images/session_20260720_125856/raster_0002.jpg
2,106.92205880571825,115.0,849.7696499406442,1784577660.1571515,raster_data/images/session_20260720_125856/raster_0002.jpg
2,110.02483819414599,115.0,849.1572269633466,1784577660.167494,raster_data/images/session_20260720_125856/raster_0002.jpg
2,112.5653550474785,115.0,849.2082622114547,1784577660.1759624,raster_data/images/session_20260720_125856/raster_0002.jpg
2,115.69309686113817,115.0,848.5448039860488,1784577660.1863883,raster_data/images/session_20260720_125856/raster_0002.jpg
2,118.82770512987597,115.0,849.1572269633466,1784577660.196837,raster_data/images/session_20260720_125856/raster_0002.jpg
2,121.94922421862108,115.0,849.5655089482117,1784577660.207242,raster_data/images/session_20260720_125856/raster_0002.jpg
2,125.05321954180224,115.0,850.1779319255094,1784577660.2175887,raster_data/images/session_20260720_125856/raster_0002.jpg
2,128.13740228106005,115.0,849.1572269633466,1784577660.2278693,raster_data/images/session_20260720_125856/raster_0002.jpg
2,131.25834916521532,115.0,849.4124032038872,1784577660.2382724,raster_data/images/session_20260720_125856/raster_0002.jpg
2,133.61490224291308,115.0,849.4634384519953,1784577660.2461276,raster_data/images/session_20260720_125856/raster_0002.jpg
2,137.29017232347948,115.0,850.3310376698339,1784577660.2583785,raster_data/images/session_20260720_125856/raster_0002.jpg
2,139.60466836382372,115.0,851.1476016395642,1784577660.2660935,raster_data/images/session_20260720_125856/raster_0002.jpg
2,142.693500265374,115.0,850.5862139103746,1784577660.2763896,raster_data/images/session_20260720_125856/raster_0002.jpg
2,145.80471967150194,115.0,850.024826181185,1784577660.2867603,raster_data/images/session_20260720_125856/raster_0002.jpg
2,148.92895673204882,115.0,849.5655089482117,1784577660.2971745,raster_data/images/session_20260720_125856/raster_0002.jpg
2,152.0266578047417,115.0,850.6372491584826,1784577660.3075001,raster_data/images/session_20260720_125856/raster_0002.jpg
2,155.20275090624315,115.0,850.9434606471315,1784577660.318087,raster_data/images/session_20260720_125856/raster_0002.jpg
2,157.86850903917772,115.0,849.8206851887525,1784577660.326973,raster_data/images/session_20260720_125856/raster_0002.jpg
2,160.96148942400438,115.0,851.2496721357804,1784577660.337283,raster_data/images/session_20260720_125856/raster_0002.jpg
2,164.2822787611626,115.0,851.2496721357804,1784577660.3483522,raster_data/images/session_20260720_125856/raster_0002.jpg
2,166.62037824083788,115.0,850.3820729179419,1784577660.3561459,raster_data/images/session_20260720_125856/raster_0002.jpg
2,169.74862073351366,115.0,849.8206851887525,1784577660.3665733,raster_data/images/session_20260720_125856/raster_0002.jpg
2,172.86084149767382,115.0,849.0551564671304,1784577660.3769474,raster_data/images/session_20260720_125856/raster_0002.jpg
2,175.95046018053515,115.0,849.8717204368605,1784577660.3872461,raster_data/images/session_20260720_125856/raster_0002.jpg
2,178.58868096758349,115.0,849.0041212190221,1784577660.3960402,raster_data/images/session_20260720_125856/raster_0002.jpg
2,181.7468211500786,115.0,849.1061917152383,1784577660.4065673,raster_data/images/session_20260720_125856/raster_0002.jpg
2,184.8300025313042,115.0,848.9530859709139,1784577660.4168446,raster_data/images/session_20260720_125856/raster_0002.jpg
2,187.93514226366503,115.0,849.1061917152383,1784577660.427195,raster_data/images/session_20260720_125856/raster_0002.jpg
2,191.08148072649462,115.0,849.0551564671304,1784577660.4376829,raster_data/images/session_20260720_125856/raster_0002.jpg
2,194.09047770027647,115.0,849.1061917152383,1784577660.4479892,raster_data/images/session_20260720_125856/raster_0002.jpg
2,196.14295045393064,115.0,848.9020507228058,1784577660.4557016,raster_data/images/session_20260720_125856/raster_0002.jpg
2,198.63404703223645,115.0,848.9020507228058,1784577660.466128,raster_data/images/session_20260720_125856/raster_0002.jpg
2,201.13099002278295,115.0,848.9020507228058,1784577660.4783077,raster_data/images/session_20260720_125856/raster_0002.jpg
2,202.50076200804625,115.0,850.3310376698339,1784577660.486135,raster_data/images/session_20260720_125856/raster_0002.jpg
2,204.021225097243,115.0,850.024826181185,1784577660.4964201,raster_data/images/session_20260720_125856/raster_0002.jpg
2,205.23890410765438,115.0,849.7696499406442,1784577660.506849,raster_data/images/session_20260720_125856/raster_0002.jpg
2,206.12074592573236,115.0,850.2289671736175,1784577660.5171416,raster_data/images/session_20260720_125856/raster_0002.jpg
2,206.68430978035937,115.0,850.5351786622664,1784577660.5274222,raster_data/images/session_20260720_125856/raster_0002.jpg
2,206.93255060353843,115.0,849.5655089482117,1784577660.5379152,raster_data/images/session_20260720_125856/raster_0002.jpg
2,206.92551143664838,115.06698545791193,850.2800024217256,1784577660.5473483,raster_data/images/session_20260720_125856/raster_0002.jpg
2,206.83002051344917,115.43273895568728,850.3820729179419,1784577660.557822,raster_data/images/session_20260720_125856/raster_0002.jpg
2,206.65204181150332,116.11444074037338,850.3310376698339,1784577660.568265,raster_data/images/session_20260720_125856/raster_0002.jpg
2,206.4451938145443,116.90671895762105,849.9737909330768,1784577660.5768003,raster_data/images/session_20260720_125856/raster_0002.jpg
2,206.1217867185693,118.14544691830366,849.718614692536,1784577660.5871084,raster_data/images/session_20260720_125856/raster_0002.jpg
2,205.71649873205317,119.69779863622969,849.8206851887525,1784577660.5974479,raster_data/images/session_20260720_125856/raster_0002.jpg
2,205.23054621213277,121.55911516725622,849.7696499406442,1784577660.6077805,raster_data/images/session_20260720_125856/raster_0002.jpg
2,204.72983220334862,123.47697179658101,850.3820729179419,1784577660.6169794,raster_data/images/session_20260720_125856/raster_0002.jpg
2,204.07101296475042,126.00040997108012,849.2592974595628,1784577660.6276145,raster_data/images/session_20260720_125856/raster_0002.jpg
2,203.35172415940218,128.75546131682947,848.595839234157,1784577660.6381428,raster_data/images/session_20260720_125856/raster_0002.jpg
2,202.69919339387886,131.2548131075576,849.1061917152383,1784577660.648539,raster_data/images/session_20260720_125856/raster_0002.jpg
2,202.26642230458978,132.91243180408384,849.1572269633466,1784577660.656282,raster_data/images/session_20260720_125856/raster_0002.jpg
2,201.7586421141624,134.85735363044896,848.8510154746975,1784577660.6666374,raster_data/images/session_20260720_125856/raster_0002.jpg
2,201.29903764624362,136.6177507038317,849.0551564671304,1784577660.677889,raster_data/images/session_20260720_125856/raster_0002.jpg
2,200.9504815759548,137.95280536251414,848.9530859709139,1784577660.6886063,raster_data/images/session_20260720_125856/raster_0002.jpg
2,200.7530934446448,138.70884998986972,850.2800024217256,1784577660.696337,raster_data/images/session_20260720_125856/raster_0002.jpg
2,200.56034266461103,139.44713243216248,848.595839234157,1784577660.706646,raster_data/images/session_20260720_125856/raster_0002.jpg
2,200.44680246564567,139.8820190529888,848.5448039860488,1784577660.7171474,raster_data/images/session_20260720_125856/raster_0002.jpg
2,200.41327942149016,140.0,848.9530859709139,1784577660.7275102,raster_data/images/session_20260720_125856/raster_0002.jpg
2,200.21147346652634,140.0,848.9530859709141,1784577660.7378404,raster_data/images/session_20260720_125856/raster_0002.jpg
2,199.69895778793273,140.0,849.4124032038872,1784577660.7480273,raster_data/images/session_20260720_125856/raster_0002.jpg
2,198.9296953528454,140.0,849.8206851887525,1784577660.7576416,raster_data/images/session_20260720_125856/raster_0002.jpg
2,197.79481871163878,140.0,850.0758614292931,1784577660.767966,raster_data/images/session_20260720_125856/raster_0002.jpg
2,196.346865910289,140.0,849.7696499406442,1784577660.7782476,raster_data/images/session_20260720_125856/raster_0002.jpg
2,195.0257196758293,140.0,849.718614692536,1784577660.7861094,raster_data/images/session_20260720_125856/raster_0002.jpg
2,193.01622999023354,140.0,849.9227556849687,1784577660.7964,raster_data/images/session_20260720_125856/raster_0002.jpg
2,190.64476434117674,140.0,849.1572269633466,1784577660.8068738,raster_data/images/session_20260720_125856/raster_0002.jpg
2,187.75125813174583,140.0,850.024826181185,1784577660.8180501,raster_data/images/session_20260720_125856/raster_0002.jpg
2,185.2900968848863,140.0,850.5862139103746,1784577660.8265831,raster_data/images/session_20260720_125856/raster_0002.jpg
2,182.15083945385607,140.0,849.6675794444279,1784577660.8370473,raster_data/images/session_20260720_125856/raster_0002.jpg
2,179.04476988903673,140.0,850.024826181185,1784577660.847401,raster_data/images/session_20260720_125856/raster_0002.jpg
2,175.8849846183458,140.0,850.7393196546989,1784577660.8579335,raster_data/images/session_20260720_125856/raster_0002.jpg
2,172.7158294974962,140.0,850.6372491584826,1784577660.8684974,raster_data/images/session_20260720_125856/raster_0002.jpg
2,170.43444979778917,140.0,849.3613679557791,1784577660.876102,raster_data/images/session_20260720_125856/raster_0002.jpg
2,167.0470701514879,140.0,849.2082622114547,1784577660.8873932,raster_data/images/session_20260720_125856/raster_0002.jpg
2,163.95594943157823,140.0,848.8510154746975,1784577660.897697,raster_data/images/session_20260720_125856/raster_0002.jpg
2,160.77527869335802,140.0,848.8510154746975,1784577660.9082992,raster_data/images/session_20260720_125856/raster_0002.jpg
2,158.4072815238634,140.0,849.0041212190221,1784577660.9161925,raster_data/images/session_20260720_125856/raster_0002.jpg
2,155.32131064526232,140.0,849.3103327076709,1784577660.926479,raster_data/images/session_20260720_125856/raster_0002.jpg
2,152.2314773856798,140.0,849.3613679557791,1784577660.9367785,raster_data/images/session_20260720_125856/raster_0002.jpg
2,149.1473661719957,140.0,848.646874482265,1784577660.947059,raster_data/images/session_20260720_125856/raster_0002.jpg
2,145.98343241802843,140.0,849.2082622114547,1784577660.9576054,raster_data/images/session_20260720_125856/raster_0002.jpg
2,142.88623202435167,140.0,849.1572269633466,1784577660.9679294,raster_data/images/session_20260720_125856/raster_0002.jpg
2,140.0221334754625,140.0,848.9020507228058,1784577660.9774764,raster_data/images/session_20260720_125856/raster_0002.jpg
2,136.84632647625597,140.0,849.6675794444279,1784577660.9880624,raster_data/images/session_20260720_125856/raster_0002.jpg
2,133.76192916027696,140.0,849.7696499406442,1784577660.9983437,raster_data/images/session_20260720_125856/raster_0002.jpg
2,131.4567314445177,140.0,850.2800024217256,1784577661.0060277,raster_data/images/session_20260720_125856/raster_0002.jpg
2,128.3486591636339,140.0,850.1268966774012,1784577661.016388,raster_data/images/session_20260720_125856/raster_0002.jpg
2,125.2436624824205,140.0,850.6372491584826,1784577661.026738,raster_data/images/session_20260720_125856/raster_0002.jpg
2,122.11413252941757,140.0,849.718614692536,1784577661.0371697,raster_data/images/session_20260720_125856/raster_0002.jpg
2,119.24159396282822,140.0,850.2800024217256,1784577661.0467448,raster_data/images/session_20260720_125856/raster_0002.jpg
2,116.1142097770372,140.0,850.2289671736175,1784577661.0571694,raster_data/images/session_20260720_125856/raster_0002.jpg
2,113.03174365154892,140.0,849.5655089482117,1784577661.0674443,raster_data/images/session_20260720_125856/raster_0002.jpg
2,109.95170939556748,140.0,849.5655089482117,1784577661.077711,raster_data/images/session_20260720_125856/raster_0002.jpg
2,106.72712195507675,140.0,850.2289671736175,1784577661.0884597,raster_data/images/session_20260720_125856/raster_0002.jpg
2,104.44044936291367,140.0,850.3820729179419,1784577661.096082,raster_data/images/session_20260720_125856/raster_0002.jpg
2,101.34138930431992,140.0,850.4841434141581,1784577661.1064122,raster_data/images/session_20260720_125856/raster_0002.jpg
2,97.88577426067978,140.0,851.3517426319968,1784577661.117931,raster_data/images/session_20260720_125856/raster_0002.jpg
2,94.79286540142685,140.0,849.2592974595628,1784577661.1282406,raster_data/images/session_20260720_125856/raster_0002.jpg
2,92.4762235938707,140.0,849.4124032038872,1784577661.1359627,raster_data/images/session_20260720_125856/raster_0002.jpg
2,89.34926856152207,140.0,849.6165441963198,1784577661.146386,raster_data/images/session_20260720_125856/raster_0002.jpg
2,86.24126780621201,140.0,849.9737909330768,1784577661.156746,raster_data/images/session_20260720_125856/raster_0002.jpg
2,83.15179217449814,140.0,849.3103327076709,1784577661.1670442,raster_data/images/session_20260720_125856/raster_0002.jpg
2,80.02397883526474,140.0,849.0551564671304,1784577661.1774702,raster_data/images/session_20260720_125856/raster_0002.jpg
2,77.1676765739122,140.0,849.1061917152383,1784577661.1869912,raster_data/images/session_20260720_125856/raster_0002.jpg
2,74.03635848156601,140.0,849.2592974595628,1784577661.197429,raster_data/images/session_20260720_125856/raster_0002.jpg
2,70.95725405804305,140.0,848.595839234157,1784577661.2076926,raster_data/images/session_20260720_125856/raster_0002.jpg
2,67.85733569256453,140.0,850.024826181185,1784577661.2180257,raster_data/images/session_20260720_125856/raster_0002.jpg
2,65.47732222668319,140.0,849.2592974595628,1784577661.225959,raster_data/images/session_20260720_125856/raster_0002.jpg
2,62.416170722166584,140.0,848.9020507228058,1784577661.236163,raster_data/images/session_20260720_125856/raster_0002.jpg
2,59.31475031963973,140.0,849.3613679557791,1784577661.246501,raster_data/images/session_20260720_125856/raster_0002.jpg
2,56.36446345440535,140.0,849.9737909330768,1784577661.2563353,raster_data/images/session_20260720_125856/raster_0002.jpg
2,53.274773245970295,140.0,850.1268966774012,1784577661.2666342,raster_data/images/session_20260720_125856/raster_0002.jpg
2,50.16620028607039,140.0,850.3820729179419,1784577661.2769961,raster_data/images/session_20260720_125856/raster_0002.jpg
2,46.91749345838966,140.0,850.6372491584826,1784577661.2882597,raster_data/images/session_20260720_125856/raster_0002.jpg
2,44.444252632472114,140.0,850.1268966774012,1784577661.2978597,raster_data/images/session_20260720_125856/raster_0002.jpg
2,42.094830752641826,140.0,849.8717204368605,1784577661.308175,raster_data/images/session_20260720_125856/raster_0002.jpg
2,40.52016401882452,140.0,849.6675794444279,1784577661.3160286,raster_data/images/session_20260720_125856/raster_0002.jpg
2,38.74064218311122,140.0,849.9737909330768,1784577661.3262956,raster_data/images/session_20260720_125856/raster_0002.jpg
2,37.35519617667276,140.0,850.1268966774012,1784577661.3359547,raster_data/images/session_20260720_125856/raster_0002.jpg
2,36.18789779232955,140.0,849.3613679557791,1784577661.3462372,raster_data/images/session_20260720_125856/raster_0002.jpg
2,35.33115043382267,140.0,850.2800024217256,1784577661.3566186,raster_data/images/session_20260720_125856/raster_0002.jpg
2,34.78435115664087,140.0,850.0758614292931,1784577661.3673797,raster_data/images/session_20260720_125856/raster_0002.jpg
2,34.585543836094786,140.0,849.4124032038872,1784577661.3779223,raster_data/images/session_20260720_125856/raster_0002.jpg
2,34.65351613032026,140.1097576896556,849.1572269633466,1784577661.3882434,raster_data/images/session_20260720_125856/raster_0002.jpg
2,34.81667271238855,140.36736249903458,849.1061917152383,1784577661.3959632,raster_data/images/session_20260720_125856/raster_0002.jpg
2,35.23183188860046,141.02284938834228,849.0551564671304,1784577661.4073474,raster_data/images/session_20260720_125856/raster_0002.jpg
2,35.79360415414352,141.90982088250524,849.0551564671304,1784577661.4177582,raster_data/images/session_20260720_125856/raster_0002.jpg
2,36.525683243692065,143.0656865663952,848.8510154746975,1784577661.4281225,raster_data/images/session_20260720_125856/raster_0002.jpg
2,37.18137976170462,144.10095326781706,849.2082622114547,1784577661.4358244,raster_data/images/session_20260720_125856/raster_0002.jpg
2,38.224762957657475,145.74833105604628,849.1572269633466,1784577661.446288,raster_data/images/session_20260720_125856/raster_0002.jpg
2,39.42417440182455,147.6420588635603,848.8510154746975,1784577661.4565938,raster_data/images/session_20260720_125856/raster_0002.jpg
2,40.80909195573332,149.8286787225801,849.1572269633466,1784577661.4670057,raster_data/images/session_20260720_125856/raster_0002.jpg
2,42.230508698542955,152.07292645342767,849.2592974595628,1784577661.476544,raster_data/images/session_20260720_125856/raster_0002.jpg
2,43.82065101087532,154.58357176151844,849.7696499406442,1784577661.4869099,raster_data/images/session_20260720_125856/raster_0002.jpg
2,45.2682710480588,156.86919137308766,850.2800024217256,1784577661.497472,raster_data/images/session_20260720_125856/raster_0002.jpg
2,46.54213587187381,158.88047219886607,849.5655089482117,1784577661.508082,raster_data/images/session_20260720_125856/raster_0002.jpg
2,47.389217275390344,160.21791283849683,850.1779319255094,1784577661.5161433,raster_data/images/session_20260720_125856/raster_0002.jpg
2,48.35761757210714,161.74690156010348,850.2800024217256,1784577661.526907,raster_data/images/session_20260720_125856/raster_0002.jpg
2,49.13918986665675,162.98091111951615,849.9227556849687,1784577661.5376573,raster_data/images/session_20260720_125856/raster_0002.jpg
2,49.7383612918309,163.92693143209374,849.9227556849687,1784577661.548474,raster_data/images/session_20260720_125856/raster_0002.jpg
2,50.065740522581436,164.4438242430552,850.2289671736175,1784577661.556624,raster_data/images/session_20260720_125856/raster_0002.jpg
2,50.33083463940334,164.86237627795145,849.4634384519953,1784577661.5671525,raster_data/images/session_20260720_125856/raster_0002.jpg
2,50.418116303094436,165.0,849.4124032038872,1784577661.5778522,raster_data/images/session_20260720_125856/raster_0002.jpg
2,50.59878919077041,165.0,850.0758614292931,1784577661.5885522,raster_data/images/session_20260720_125856/raster_0002.jpg
2,50.962891007691475,165.0,849.6165441963198,1784577661.5966332,raster_data/images/session_20260720_125856/raster_0002.jpg
2,51.74677216715111,165.0,849.5144737001035,1784577661.607337,raster_data/images/session_20260720_125856/raster_0002.jpg
2,52.77890021346826,165.0,849.2082622114547,1784577661.6172466,raster_data/images/session_20260720_125856/raster_0002.jpg
2,54.264265128579524,165.0,848.2385924974,1784577661.6282115,raster_data/images/session_20260720_125856/raster_0002.jpg
2,55.59994826417882,165.0,849.0551564671304,1784577661.63635,raster_data/images/session_20260720_125856/raster_0002.jpg
2,57.65963644628148,165.0,848.646874482265,1784577661.6470559,raster_data/images/session_20260720_125856/raster_0002.jpg
2,60.13321895784547,165.0,848.5448039860488,1784577661.6580524,raster_data/images/session_20260720_125856/raster_0002.jpg
2,64.9706681872862,165.0,848.9020507228058,1784577661.6760714,raster_data/images/session_20260720_125856/raster_0002.jpg
2,66.69991791297485,165.0,848.8510154746975,1784577661.6818469,raster_data/images/session_20260720_125856/raster_0002.jpg
2,69.58812058021118,165.0,849.3613679557791,1784577661.6914742,raster_data/images/session_20260720_125856/raster_0002.jpg
2,72.90347397376587,165.0,849.1572269633466,1784577661.7025254,raster_data/images/session_20260720_125856/raster_0002.jpg
2,76.0538893942981,165.0,849.1061917152383,1784577661.7130268,raster_data/images/session_20260720_125856/raster_0002.jpg
2,79.24993813087036,165.0,848.3406629936162,1784577661.7236803,raster_data/images/session_20260720_125856/raster_0002.jpg
2,80.91383755256226,165.0,848.7489449784813,1784577661.7292266,raster_data/images/session_20260720_125856/raster_0002.jpg
2,83.9471656088977,165.0,848.8510154746975,1784577661.7393377,raster_data/images/session_20260720_125856/raster_0002.jpg
2,86.98943436194946,165.0,849.7696499406442,1784577661.7494786,raster_data/images/session_20260720_125856/raster_0002.jpg
2,89.54304039527466,165.0,850.8413901509152,1784577661.7579906,raster_data/images/session_20260720_125856/raster_0002.jpg
2,92.58945763160278,165.0,850.1268966774012,1784577661.7681453,raster_data/images/session_20260720_125856/raster_0002.jpg
2,95.74473679114868,165.0,850.3820729179419,1784577661.778663,raster_data/images/session_20260720_125856/raster_0002.jpg
2,100.02718746711304,165.0,849.8717204368605,1784577661.7929378,raster_data/images/session_20260720_125856/raster_0002.jpg
2,103.36585819770386,165.0,849.2082622114547,1784577661.8040667,raster_data/images/session_20260720_125856/raster_0002.jpg
2,105.52793324042847,165.0,849.6165441963198,1784577661.8112736,raster_data/images/session_20260720_125856/raster_0002.jpg
2,107.84943878699829,165.0,849.718614692536,1784577661.819012,raster_data/images/session_20260720_125856/raster_0002.jpg
2,110.35276234199097,165.0,850.7393196546989,1784577661.8273563,raster_data/images/session_20260720_125856/raster_0002.jpg
2,113.43122303535034,165.0,850.8413901509152,1784577661.8376179,raster_data/images/session_20260720_125856/raster_0002.jpg
2,117.48872578193237,165.0,850.9434606471315,1784577661.851143,raster_data/images/session_20260720_125856/raster_0002.jpg
2,119.76273834754517,165.0,850.2289671736175,1784577661.858723,raster_data/images/session_20260720_125856/raster_0002.jpg
2,122.43543446113159,165.0,849.2592974595628,1784577661.867632,raster_data/images/session_20260720_125856/raster_0002.jpg
2,125.7210332160144,165.0,849.5144737001035,1784577661.878584,raster_data/images/session_20260720_125856/raster_0002.jpg
2,130.4249840979724,165.0,850.5862139103746,1784577661.8942637,raster_data/images/session_20260720_125856/raster_0002.jpg
2,131.17128193427612,165.0,849.2082622114547,1784577661.8967514,raster_data/images/session_20260720_125856/raster_0002.jpg
2,134.26025688697388,165.0,848.9020507228058,1784577661.907048,raster_data/images/session_20260720_125856/raster_0002.jpg
2,137.54835903693726,165.0,849.2592974595628,1784577661.9180083,raster_data/images/session_20260720_125856/raster_0002.jpg
2,140.79004108954956,165.0,849.4124032038872,1784577661.928814,raster_data/images/session_20260720_125856/raster_0002.jpg
2,143.03308308173706,165.0,849.3103327076709,1784577661.9362907,raster_data/images/session_20260720_125856/raster_0002.jpg
2,146.23721420814087,165.0,849.6165441963198,1784577661.9469712,raster_data/images/session_20260720_125856/raster_0002.jpg
2,149.4134503607898,165.0,849.3103327076709,1784577661.9575586,raster_data/images/session_20260720_125856/raster_0002.jpg
2,152.61257469703247,165.0,848.9020507228058,1784577661.9682224,raster_data/images/session_20260720_125856/raster_0002.jpg
2,155.82915127326538,165.0,849.3103327076709,1784577661.9789443,raster_data/images/session_20260720_125856/raster_0002.jpg
2,158.27840149451782,165.0,850.4331081660501,1784577661.9871085,raster_data/images/session_20260720_125856/raster_0002.jpg
2,161.49712383796265,165.0,849.9227556849687,1784577661.9978375,raster_data/images/session_20260720_125856/raster_0002.jpg
2,164.001591802135,165.0,849.4124032038872,1784577662.0061858,raster_data/images/session_20260720_125856/raster_0002.jpg
2,167.07440197516968,165.0,851.0455311433477,1784577662.0164285,raster_data/images/session_20260720_125856/raster_0002.jpg
2,170.20476879889327,165.0,850.3310376698339,1784577662.026885,raster_data/images/session_20260720_125856/raster_0002.jpg
2,173.08400490944734,165.0,850.5862139103746,1784577662.0372353,raster_data/images/session_20260720_125856/raster_0002.jpg
2,175.6601826836602,165.0,849.8717204368605,1784577662.0476646,raster_data/images/session_20260720_125856/raster_0002.jpg
2,177.88727085763884,165.0,850.2800024217256,1784577662.0579803,raster_data/images/session_20260720_125856/raster_0002.jpg
2,179.82610195235023,165.0,850.2800024217256,1784577662.068479,raster_data/images/session_20260720_125856/raster_0002.jpg
2,181.04069404991097,165.0,849.9737909330768,1784577662.0761983,raster_data/images/session_20260720_125856/raster_0002.jpg
2,182.42846811210242,165.0,850.5862139103746,1784577662.0868967,raster_data/images/session_20260720_125856/raster_0002.jpg
2,183.43585582586698,165.0,849.6165441963198,1784577662.0971448,raster_data/images/session_20260720_125856/raster_0002.jpg
2,184.13221448148514,165.0,850.2800024217256,1784577662.1074708,raster_data/images/session_20260720_125856/raster_0002.jpg
2,184.5650095578179,165.0,849.0041212190221,1784577662.1214216,raster_data/images/session_20260720_125856/raster_0002.jpg
2,184.4793282057354,165.06844421248505,849.0551564671304,1784577662.133857,raster_data/images/session_20260720_125856/raster_0002.jpg
2,184.37778042248914,165.13613912425393,849.6165441963198,1784577662.1375787,raster_data/images/session_20260720_125856/raster_0002.jpg
2,183.87349225482606,165.4723133067396,849.5144737001035,1784577662.148613,raster_data/images/session_20260720_125856/raster_0002.jpg
2,183.30230932308024,165.85308162026007,849.6675794444279,1784577662.1568077,raster_data/images/session_20260720_125856/raster_0002.jpg
2,182.3301321497781,166.50116517133878,849.718614692536,1784577662.1672635,raster_data/images/session_20260720_125856/raster_0002.jpg
2,181.04820001165882,167.35574101937308,848.9530859709139,1784577662.1779976,raster_data/images/session_20260720_125856/raster_0002.jpg
2,179.48162332488945,168.40006977968545,849.5655089482117,1784577662.188713,raster_data/images/session_20260720_125856/raster_0002.jpg
2,178.1763292727247,169.27021940648183,849.1061917152383,1784577662.1964276,raster_data/images/session_20260720_125856/raster_0002.jpg
2,176.14759006359745,170.62264008346392,848.9020507228058,1784577662.206993,raster_data/images/session_20260720_125856/raster_0002.jpg
2,173.9284678304835,172.10197600762393,849.1061917152383,1784577662.2171767,raster_data/images/session_20260720_125856/raster_0002.jpg
2,171.1911669245017,173.9267459572145,849.4634384519953,1784577662.2284322,raster_data/images/session_20260720_125856/raster_0002.jpg
2,168.6902758675866,175.5939177459958,850.2289671736175,1784577662.238451,raster_data/images/session_20260720_125856/raster_0002.jpg
2,166.60943357274155,176.98107196100105,850.8413901509152,1784577662.246787,raster_data/images/session_20260720_125856/raster_0002.jpg
2,163.95892469380266,178.74798364500384,850.5862139103746,1784577662.2574053,raster_data/images/session_20260720_125856/raster_0002.jpg
2,161.1879597799488,180.59519506963042,850.6372491584826,1784577662.268506,raster_data/images/session_20260720_125856/raster_0002.jpg
2,158.7655673419546,182.21003723671097,849.3613679557791,1784577662.2782629,raster_data/images/session_20260720_125856/raster_0002.jpg
2,156.84648322654462,183.48935841652136,849.6165441963198,1784577662.2865644,raster_data/images/session_20260720_125856/raster_0002.jpg
2,154.6792597500122,184.93409701481775,851.096566391456,1784577662.296994,raster_data/images/session_20260720_125856/raster_0002.jpg
2,152.81894253742274,186.17424234879292,849.718614692536,1784577662.3072143,raster_data/images/session_20260720_125856/raster_0002.jpg
2,151.17567742728275,187.2696939981316,850.6372491584826,1784577662.3177392,raster_data/images/session_20260720_125856/raster_0002.jpg
2,149.83727592293923,188.1619140826228,850.1779319255094,1784577662.328022,raster_data/images/session_20260720_125856/raster_0002.jpg
2,148.5888608977233,188.99414638037752,850.8924253990234,1784577662.3402543,raster_data/images/session_20260720_125856/raster_0002.jpg
2,148.01525454318562,189.37653022293102,850.8413901509152,1784577662.3476498,raster_data/images/session_20260720_125856/raster_0002.jpg
2,147.33302398406613,189.83132633988447,850.0758614292931,1784577662.3607857,raster_data/images/session_20260720_125856/raster_0002.jpg
2,147.11316369871489,189.97789204661427,848.9530859709139,1784577662.3698692,raster_data/images/session_20260720_125856/raster_0002.jpg
2,147.07186383363873,190.0,849.2592974595628,1784577662.377353,raster_data/images/session_20260720_125856/raster_0002.jpg
2,146.79640883778364,190.0,849.5655089482117,1784577662.388774,raster_data/images/session_20260720_125856/raster_0002.jpg
2,146.29204369200582,190.0,849.2592974595628,1784577662.3979435,raster_data/images/session_20260720_125856/raster_0002.jpg
2,145.36048591319624,190.0,849.2592974595628,1784577662.4088817,raster_data/images/session_20260720_125856/raster_0002.jpg
2,144.47679436339197,190.0,849.6165441963198,1784577662.416683,raster_data/images/session_20260720_125856/raster_0002.jpg
2,142.9496998903803,190.0,848.7999802265896,1784577662.427498,raster_data/images/session_20260720_125856/raster_0002.jpg
2,141.12856069729176,190.0,849.0551564671304,1784577662.438013,raster_data/images/session_20260720_125856/raster_0002.jpg
2,139.39455080445816,190.0,848.9530859709139,1784577662.4466035,raster_data/images/session_20260720_125856/raster_0002.jpg
2,136.69304984771165,190.0,848.6979097303733,1784577662.4582384,raster_data/images/session_20260720_125856/raster_0002.jpg
2,133.8772606112998,190.0,849.3103327076709,1784577662.468842,raster_data/images/session_20260720_125856/raster_0002.jpg
2,131.16490060281924,190.0,850.1268966774012,1784577662.4780743,raster_data/images/session_20260720_125856/raster_0002.jpg
2,127.52095872354677,190.0,850.4841434141583,1784577662.4902208,raster_data/images/session_20260720_125856/raster_0002.jpg
2,125.51867181253603,190.0,850.4841434141581,1784577662.496895,raster_data/images/session_20260720_125856/raster_0002.jpg
2,122.35888654184511,190.0,850.5351786622664,1784577662.5074277,raster_data/images/session_20260720_125856/raster_0002.jpg
2,119.15761643839052,190.0,850.1779319255094,1784577662.5180986,raster_data/images/session_20260720_125856/raster_0002.jpg
2,115.91242963266542,190.0,850.2800024217256,1784577662.528916,raster_data/images/session_20260720_125856/raster_0002.jpg
2,113.47347909403017,190.0,849.718614692536,1784577662.5370457,raster_data/images/session_20260720_125856/raster_0002.jpg
2,110.08967572641542,190.0,851.1476016395642,1784577662.548325,raster_data/images/session_20260720_125856/raster_0002.jpg
2,107.11356812906435,190.0,850.6882844065909,1784577662.5582454,raster_data/images/session_20260720_125856/raster_0002.jpg
2,103.49966699075868,190.0,851.0455311433477,1784577662.5702918,raster_data/images/session_20260720_125856/raster_0002.jpg
2,100.61841931131636,190.0,850.2800024217256,1784577662.5802152,raster_data/images/session_20260720_125856/raster_0002.jpg
2,98.72389891859962,190.0,849.6165441963198,1784577662.5873559,raster_data/images/session_20260720_125856/raster_0002.jpg
2,95.98186479458221,190.0,850.5351786622664,1784577662.5989125,raster_data/images/session_20260720_125856/raster_0002.jpg
2,94.30589553156773,190.0,850.3310376698339,1784577662.6069763,raster_data/images/session_20260720_125856/raster_0002.jpg
2,92.37662888431225,190.0,849.718614692536,1784577662.6177163,raster_data/images/session_20260720_125856/raster_0002.jpg
2,91.00879641998058,190.0,849.4124032038872,1784577662.6268456,raster_data/images/session_20260720_125856/raster_0002.jpg
2,89.76564734652477,190.0,848.8510154746975,1784577662.6371465,raster_data/images/session_20260720_125856/raster_0002.jpg
2,88.80871211507824,190.0,848.9530859709139,1784577662.6478832,raster_data/images/session_20260720_125856/raster_0002.jpg
2,88.22074206662711,190.0,849.1061917152383,1784577662.6580644,raster_data/images/session_20260720_125856/raster_0002.jpg
2,87.9731489692235,190.0,849.4124032038872,1784577662.6662714,raster_data/images/session_20260720_125856/raster_0002.jpg
3,117.50210668676606,15.000846072533715,850.4331081660501,1784577676.6484864,raster_data/images/session_20260720_125856/raster_0003.jpg
3,117.70696168266511,15.08311847686915,849.8717204368605,1784577676.6594498,raster_data/images/session_20260720_125856/raster_0003.jpg
3,118.05067199999056,15.221156966373176,850.2289671736175,1784577676.6671462,raster_data/images/session_20260720_125856/raster_0003.jpg
3,118.86924848371075,15.549907823302682,850.4841434141581,1784577676.67862,raster_data/images/session_20260720_125856/raster_0003.jpg
3,119.61178887954512,15.848121608196564,850.0758614292931,1784577676.6862068,raster_data/images/session_20260720_125856/raster_0003.jpg
3,120.90468703496936,16.367366156472134,849.6165441963198,1784577676.6967132,raster_data/images/session_20260720_125856/raster_0003.jpg
3,122.47725922478571,16.998931398410303,849.9737909330768,1784577676.707054,raster_data/images/session_20260720_125856/raster_0003.jpg
3,124.35202765286408,17.751862541110732,850.0758614292931,1784577676.7174177,raster_data/images/session_20260720_125856/raster_0003.jpg
3,126.52468658285174,18.624430345407855,850.4331081660501,1784577676.7277765,raster_data/images/session_20260720_125856/raster_0003.jpg
3,129.00077490115257,19.618859299407443,849.7696499406442,1784577676.738154,raster_data/images/session_20260720_125856/raster_0003.jpg
3,131.54746849179534,20.641644239985915,849.2592974595628,1784577676.7477162,raster_data/images/session_20260720_125856/raster_0003.jpg
3,134.46754201260254,21.81438336864951,848.646874482265,1784577676.7582054,raster_data/images/session_20260720_125856/raster_0003.jpg
3,137.3103575364051,22.956094690840445,848.8510154746975,1784577676.7684171,raster_data/images/session_20260720_125856/raster_0003.jpg
3,139.50471031902597,23.837375025713662,849.0041212190221,1784577676.7762995,raster_data/images/session_20260720_125856/raster_0003.jpg
3,142.3787210821689,24.991614757734624,849.6675794444279,1784577676.7866232,raster_data/images/session_20260720_125856/raster_0003.jpg
3,145.27138261606638,26.153344879462473,849.3613679557791,1784577676.797014,raster_data/images/session_20260720_125856/raster_0003.jpg
3,148.36840615406808,27.397149413672537,849.1061917152383,1784577676.8081388,raster_data/images/session_20260720_125856/raster_0003.jpg
3,150.8275866068338,28.384787951145313,848.7999802265896,1784577676.8169725,raster_data/images/session_20260720_125856/raster_0003.jpg
3,153.70936299338695,29.54214645752822,848.8510154746975,1784577676.8273242,raster_data/images/session_20260720_125856/raster_0003.jpg
3,156.5972456821089,30.70195733349487,849.6675794444279,1784577676.8376977,raster_data/images/session_20260720_125856/raster_0003.jpg
3,159.50417737868332,31.869418536315177,848.5448039860488,1784577676.8481398,raster_data/images/session_20260720_125856/raster_0003.jpg
3,162.3653781818418,33.01851362344849,849.2592974595628,1784577676.8584175,raster_data/images/session_20260720_125856/raster_0003.jpg
3,165.25306175201476,34.178244530841766,848.8510154746975,1784577676.8687904,raster_data/images/session_20260720_125856/raster_0003.jpg
3,167.36361964100257,35.02587175737867,850.3820729179419,1784577676.8765326,raster_data/images/session_20260720_125856/raster_0003.jpg
3,170.34524912691344,36.223332554303454,849.7696499406442,1784577676.8886673,raster_data/images/session_20260720_125856/raster_0003.jpg
3,172.05908817396303,36.91163238524435,849.8206851887525,1784577676.8965337,raster_data/images/session_20260720_125856/raster_0003.jpg
3,174.04951131636219,37.711011950538236,849.8206851887525,1784577676.906872,raster_data/images/session_20260720_125856/raster_0003.jpg
3,175.74249867626486,38.39093747540718,850.4841434141581,1784577676.917211,raster_data/images/session_20260720_125856/raster_0003.jpg
3,177.14577297813267,38.954510505442926,850.3310376698339,1784577676.9276154,raster_data/images/session_20260720_125856/raster_0003.jpg
3,178.2342992093121,39.391676657180085,849.8717204368605,1784577676.9378736,raster_data/images/session_20260720_125856/raster_0003.jpg
3,179.04051753728214,39.71546431962045,849.8206851887525,1784577676.9483006,raster_data/images/session_20260720_125856/raster_0003.jpg
3,179.4841440314267,39.89363043238714,849.6165441963198,1784577676.9570673,raster_data/images/session_20260720_125856/raster_0003.jpg
3,179.73322983720269,39.993666499543245,850.2800024217256,1784577676.9674954,raster_data/images/session_20260720_125856/raster_0003.jpg
3,179.6743285537455,40.0,849.718614692536,1784577676.977917,raster_data/images/session_20260720_125856/raster_0003.jpg
3,179.23061700906922,40.0,850.2800024217256,1784577676.9894514,raster_data/images/session_20260720_125856/raster_0003.jpg
3,178.58795922348006,40.0,849.0551564671304,1784577676.9986827,raster_data/images/session_20260720_125856/raster_0003.jpg
3,177.84918324919613,40.0,849.8206851887525,1784577677.00645,raster_data/images/session_20260720_125856/raster_0003.jpg
3,176.58295097005566,40.0,848.595839234157,1784577677.0168037,raster_data/images/session_20260720_125856/raster_0003.jpg
3,174.68815650485334,40.0,848.7489449784813,1784577677.0289466,raster_data/images/session_20260720_125856/raster_0003.jpg
3,173.25195257766498,40.0,848.1875572492918,1784577677.0366745,raster_data/images/session_20260720_125856/raster_0003.jpg
3,170.82122343296797,40.0,849.718614692536,1784577677.0480096,raster_data/images/session_20260720_125856/raster_0003.jpg
3,168.27222313631515,40.0,849.3613679557791,1784577677.0583324,raster_data/images/session_20260720_125856/raster_0003.jpg
3,165.38016965259868,40.0,848.9530859709139,1784577677.068735,raster_data/images/session_20260720_125856/raster_0003.jpg
3,163.0793231284141,40.0,849.310332707671,1784577677.076427,raster_data/images/session_20260720_125856/raster_0003.jpg
3,159.93706162328715,40.0,849.1572269633466,1784577677.0869012,raster_data/images/session_20260720_125856/raster_0003.jpg
3,156.84086258764262,40.0,848.4937687379405,1784577677.0972219,raster_data/images/session_20260720_125856/raster_0003.jpg
3,153.43088086004252,40.0,849.5144737001035,1784577677.1085885,raster_data/images/session_20260720_125856/raster_0003.jpg
3,151.1236804282188,40.0,850.1779319255094,1784577677.1162791,raster_data/images/session_20260720_125856/raster_0003.jpg
3,147.9463713919639,40.0,850.9434606471315,1784577677.1268702,raster_data/images/session_20260720_125856/raster_0003.jpg
3,144.88815243597026,40.0,849.2592974595628,1784577677.1370642,raster_data/images/session_20260720_125856/raster_0003.jpg
3,141.6545527731895,40.0,849.718614692536,1784577677.147843,raster_data/images/session_20260720_125856/raster_0003.jpg
3,138.46765931005473,40.0,850.2800024217256,1784577677.1584659,raster_data/images/session_20260720_125856/raster_0003.jpg
3,135.42424614782328,40.0,849.7696499406442,1784577677.1686106,raster_data/images/session_20260720_125856/raster_0003.jpg
3,132.76778633947367,40.0,849.7696499406443,1784577677.1774654,raster_data/images/session_20260720_125856/raster_0003.jpg
3,129.4780391013145,40.0,849.6165441963198,1784577677.1884313,raster_data/images/session_20260720_125856/raster_0003.jpg
3,126.30523617620462,40.0,849.8717204368605,1784577677.1990073,raster_data/images/session_20260720_125856/raster_0003.jpg
3,124.01584561223977,40.0,850.3820729179419,1784577677.2066386,raster_data/images/session_20260720_125856/raster_0003.jpg
3,120.92486794347757,40.0,850.3310376698339,1784577677.2169418,raster_data/images/session_20260720_125856/raster_0003.jpg
3,117.79927189702981,40.0,850.2289671736175,1784577677.2273605,raster_data/images/session_20260720_125856/raster_0003.jpg
3,114.6768229758262,40.0,849.2082622114547,1784577677.2377687,raster_data/images/session_20260720_125856/raster_0003.jpg
3,112.0391743933677,40.0,848.2385924974,1784577677.2465608,raster_data/images/session_20260720_125856/raster_0003.jpg
3,108.60980923528665,40.0,849.4634384519953,1784577677.257992,raster_data/images/session_20260720_125856/raster_0003.jpg
3,105.46611721868508,40.0,850.0758614292931,1784577677.268471,raster_data/images/session_20260720_125856/raster_0003.jpg
3,102.37993176336282,40.0,849.2082622114547,1784577677.2787583,raster_data/images/session_20260720_125856/raster_0003.jpg
3,100.07544930334086,40.0,849.3103327076709,1784577677.28644,raster_data/images/session_20260720_125856/raster_0003.jpg
3,96.94799359197611,40.0,849.9737909330768,1784577677.2968647,raster_data/images/session_20260720_125856/raster_0003.jpg
3,93.81882126684184,40.0,848.646874482265,1784577677.3072953,raster_data/images/session_20260720_125856/raster_0003.jpg
3,90.40268833990092,40.0,849.2592974595628,1784577677.3186824,raster_data/images/session_20260720_125856/raster_0003.jpg
3,88.0835431372642,40.0,849.6675794444279,1784577677.326413,raster_data/images/session_20260720_125856/raster_0003.jpg
3,84.93634636754985,40.0,848.9530859709139,1784577677.3369036,raster_data/images/session_20260720_125856/raster_0003.jpg
3,81.61019261236186,40.0,849.0041212190221,1784577677.3479908,raster_data/images/session_20260720_125856/raster_0003.jpg
3,78.48245079870219,40.0,849.1061917152383,1784577677.3584166,raster_data/images/session_20260720_125856/raster_0003.jpg
3,75.39347584600443,40.0,849.9227556849687,1784577677.3687131,raster_data/images/session_20260720_125856/raster_0003.jpg
3,73.08777745122904,40.0,850.2800024217256,1784577677.3763988,raster_data/images/session_20260720_125856/raster_0003.jpg
3,69.67253945289387,40.0,849.4634384519953,1784577677.387802,raster_data/images/session_20260720_125856/raster_0003.jpg
3,66.74469098075228,40.0,849.9227556849687,1784577677.3983192,raster_data/images/session_20260720_125856/raster_0003.jpg
3,64.20043425584004,40.0,849.6675794444279,1784577677.408613,raster_data/images/session_20260720_125856/raster_0003.jpg
3,62.35063386909307,40.0,849.718614692536,1784577677.4170573,raster_data/images/session_20260720_125856/raster_0003.jpg
3,60.35845039878889,40.0,850.2289671736175,1784577677.4275026,raster_data/images/session_20260720_125856/raster_0003.jpg
3,58.6973192976012,40.0,849.718614692536,1784577677.437922,raster_data/images/session_20260720_125856/raster_0003.jpg
3,57.36517951364438,40.0,849.7696499406442,1784577677.448312,raster_data/images/session_20260720_125856/raster_0003.jpg
3,56.271249134573566,40.0,850.8413901509152,1784577677.4597747,raster_data/images/session_20260720_125856/raster_0003.jpg
3,55.752545511537065,40.0,850.0758614292931,1784577677.467569,raster_data/images/session_20260720_125856/raster_0003.jpg
3,55.34740664559075,40.0,850.4841434141581,1784577677.4778378,raster_data/images/session_20260720_125856/raster_0003.jpg
3,55.245895197601165,40.00694568738276,849.7696499406442,1784577677.488252,raster_data/images/session_20260720_125856/raster_0003.jpg
3,55.10842123538768,40.193995271324034,849.2592974595628,1784577677.4985237,raster_data/images/session_20260720_125856/raster_0003.jpg
3,54.87715784780151,40.50865646048559,848.7999802265896,1784577677.506369,raster_data/images/session_20260720_125856/raster_0003.jpg
3,54.40402900178325,41.15240421004782,848.7999802265896,1784577677.5167327,raster_data/images/session_20260720_125856/raster_0003.jpg
3,53.681562432793584,42.1354054196234,848.6979097303733,1784577677.5278873,raster_data/images/session_20260720_125856/raster_0003.jpg
3,52.802744686118906,43.33114089730202,849.3613679557791,1784577677.5383527,raster_data/images/session_20260720_125856/raster_0003.jpg
3,51.74191817075683,44.774520830035875,849.6675794444279,1784577677.5487056,raster_data/images/session_20260720_125856/raster_0003.jpg
3,50.80379462117077,46.05094886637262,848.7489449784813,1784577677.5566099,raster_data/images/session_20260720_125856/raster_0003.jpg
3,49.40952826318422,47.94801313923993,848.595839234157,1784577677.5669463,raster_data/images/session_20260720_125856/raster_0003.jpg
3,47.81006009449625,50.12427874374625,848.595839234157,1784577677.5773773,raster_data/images/session_20260720_125856/raster_0003.jpg
3,46.04828886176204,52.52137686164956,849.0551564671304,1784577677.587653,raster_data/images/session_20260720_125856/raster_0003.jpg
3,44.27764459497106,54.93054779175594,849.718614692536,1784577677.5979998,raster_data/images/session_20260720_125856/raster_0003.jpg
3,42.807262137731065,56.93117701952342,849.2082622114547,1784577677.6075687,raster_data/images/session_20260720_125856/raster_0003.jpg
3,41.37992031105045,58.87324437921731,849.3613679557791,1784577677.6180773,raster_data/images/session_20260720_125856/raster_0003.jpg
3,40.182328268211904,60.50270998664975,850.7903549028072,1784577677.6282754,raster_data/images/session_20260720_125856/raster_0003.jpg
3,39.14211358283882,61.918045087026755,850.4841434141581,1784577677.638778,raster_data/images/session_20260720_125856/raster_0003.jpg
3,38.503913968079445,62.78639113954577,850.1779319255094,1784577677.646479,raster_data/images/session_20260720_125856/raster_0003.jpg
3,37.803939706860746,63.73878890434752,850.2289671736175,1784577677.6569715,raster_data/images/session_20260720_125856/raster_0003.jpg
3,37.2976163449503,64.4277017185285,850.2289671736175,1784577677.6675143,raster_data/images/session_20260720_125856/raster_0003.jpg
3,37.01170632239213,64.81671611735044,850.7393196546989,1784577677.67696,raster_data/images/session_20260720_125856/raster_0003.jpg
3,36.88048932863838,64.99525235572224,849.718614692536,1784577677.6872923,raster_data/images/session_20260720_125856/raster_0003.jpg
3,36.982144717701104,65.0,850.024826181185,1784577677.6976466,raster_data/images/session_20260720_125856/raster_0003.jpg
3,37.40246840627859,65.0,849.6675794444279,1784577677.707991,raster_data/images/session_20260720_125856/raster_0003.jpg
3,38.15820748783157,65.0,849.8206851887525,1784577677.7185,raster_data/images/session_20260720_125856/raster_0003.jpg
3,39.23235105380594,65.0,849.5655089482117,1784577677.7289004,raster_data/images/session_20260720_125856/raster_0003.jpg
3,40.24653757163907,65.0,849.2592974595628,1784577677.73667,raster_data/images/session_20260720_125856/raster_0003.jpg
3,42.17177424863203,65.0,849.2082622114547,1784577677.7486868,raster_data/images/session_20260720_125856/raster_0003.jpg
3,43.64619510034366,65.0,848.6979097303733,1784577677.7564516,raster_data/images/session_20260720_125856/raster_0003.jpg
3,45.91514955735767,65.0,849.2082622114547,1784577677.766898,raster_data/images/session_20260720_125856/raster_0003.jpg
3,48.52301068765488,65.0,848.646874482265,1784577677.7773879,raster_data/images/session_20260720_125856/raster_0003.jpg
3,51.379925051346405,65.0,848.9020507228058,1784577677.7876034,raster_data/images/session_20260720_125856/raster_0003.jpg
3,54.782643441258614,65.0,849.2592974595628,1784577677.7989597,raster_data/images/session_20260720_125856/raster_0003.jpg
3,57.060804490147774,65.0,848.5448039860488,1784577677.8065536,raster_data/images/session_20260720_125856/raster_0003.jpg
3,60.49567711740608,65.0,849.1572269633466,1784577677.8180032,raster_data/images/session_20260720_125856/raster_0003.jpg
3,63.57206356912727,65.0,848.5448039860488,1784577677.8282578,raster_data/images/session_20260720_125856/raster_0003.jpg
3,66.76002991586799,65.0,849.3613679557791,1784577677.8388844,raster_data/images/session_20260720_125856/raster_0003.jpg
3,69.07202256113166,65.0,849.1572269633466,1784577677.846591,raster_data/images/session_20260720_125856/raster_0003.jpg
3,72.15506089120979,65.0,849.0551564671304,1784577677.8568678,raster_data/images/session_20260720_125856/raster_0003.jpg
3,75.33866417795295,65.0,850.6372491584826,1784577677.8674798,raster_data/images/session_20260720_125856/raster_0003.jpg
3,78.40088856607551,65.0,849.7696499406442,1784577677.8776872,raster_data/images/session_20260720_125856/raster_0003.jpg
3,81.02845204263801,65.0,850.2289671736175,1784577677.8864458,raster_data/images/session_20260720_125856/raster_0003.jpg
3,84.15583622842902,65.0,849.9737909330768,1784577677.8968704,raster_data/images/session_20260720_125856/raster_0003.jpg
3,87.43521225839729,65.0,849.5144737001035,1784577677.9078016,raster_data/images/session_20260720_125856/raster_0003.jpg
3,90.51295769601936,65.0,850.3820729179419,1784577677.9180608,raster_data/images/session_20260720_125856/raster_0003.jpg
3,93.08558953195686,65.0,849.8717204368605,1784577677.9266362,raster_data/images/session_20260720_125856/raster_0003.jpg
3,96.21261608987922,65.0,850.2800024217256,1784577677.9370596,raster_data/images/session_20260720_125856/raster_0003.jpg
3,99.31367886453742,65.0,850.1268966774012,1784577677.9473965,raster_data/images/session_20260720_125856/raster_0003.jpg
3,102.40422737985725,65.0,850.024826181185,1784577677.9576983,raster_data/images/session_20260720_125856/raster_0003.jpg
3,105.04344952493781,65.0,850.1779319255094,1784577677.9664958,raster_data/images/session_20260720_125856/raster_0003.jpg
3,108.16997540384406,65.0,849.718614692536,1784577677.9769175,raster_data/images/session_20260720_125856/raster_0003.jpg
3,111.29499924570197,65.0,849.5144737001035,1784577677.9873343,raster_data/images/session_20260720_125856/raster_0003.jpg
3,114.4296790400135,65.0,849.1572269633466,1784577677.9977832,raster_data/images/session_20260720_125856/raster_0003.jpg
3,117.54690659433479,65.0,848.9020507228058,1784577678.008174,raster_data/images/session_20260720_125856/raster_0003.jpg
3,120.6350947657215,65.0,849.9737909330768,1784577678.018468,raster_data/images/session_20260720_125856/raster_0003.jpg
3,123.72457039743537,65.0,849.3613679557791,1784577678.0287662,raster_data/images/session_20260720_125856/raster_0003.jpg
3,126.35134709268684,65.0,849.4124032038872,1784577678.037522,raster_data/images/session_20260720_125856/raster_0003.jpg
3,129.4795180597889,65.0,849.5655089482117,1784577678.0479493,raster_data/images/session_20260720_125856/raster_0003.jpg
3,132.79408467203254,65.0,849.0041212190221,1784577678.0589979,raster_data/images/session_20260720_125856/raster_0003.jpg
3,135.20807278543586,65.0,849.3103327076709,1784577678.0670445,raster_data/images/session_20260720_125856/raster_0003.jpg
3,138.26078427225227,65.0,848.3406629936162,1784577678.0772202,raster_data/images/session_20260720_125856/raster_0003.jpg
3,141.4300109186756,65.0,849.6675794444279,1784577678.0877843,raster_data/images/session_20260720_125856/raster_0003.jpg
3,144.5026780405628,65.0,849.718614692536,1784577678.0980265,raster_data/images/session_20260720_125856/raster_0003.jpg
3,147.14082730203742,65.0,849.4124032038872,1784577678.1068203,raster_data/images/session_20260720_125856/raster_0003.jpg
3,150.28416169077033,65.0,850.4331081660501,1784577678.1172981,raster_data/images/session_20260720_125856/raster_0003.jpg
3,153.64142907053107,65.0,851.096566391456,1784577678.128489,raster_data/images/session_20260720_125856/raster_0003.jpg
3,156.73862946420783,65.0,850.7903549028072,1784577678.138813,raster_data/images/session_20260720_125856/raster_0003.jpg
3,159.0813781061756,65.0,850.3310376698339,1784577678.1466222,raster_data/images/session_20260720_125856/raster_0003.jpg
3,162.23343861490363,65.0,850.1779319255094,1784577678.157129,raster_data/images/session_20260720_125856/raster_0003.jpg
3,165.36103737741587,65.0,850.4841434141581,1784577678.1675544,raster_data/images/session_20260720_125856/raster_0003.jpg
3,168.7607909479725,65.0,850.1268966774012,1784577678.178887,raster_data/images/session_20260720_125856/raster_0003.jpg
3,171.06949341684458,65.0,850.6882844065909,1784577678.1865826,raster_data/images/session_20260720_125856/raster_0003.jpg
3,174.2241288462269,65.0,850.9944958952397,1784577678.197098,raster_data/images/session_20260720_125856/raster_0003.jpg
3,177.34407437234995,65.0,850.9944958952397,1784577678.2074978,raster_data/images/session_20260720_125856/raster_0003.jpg
3,180.41173470407603,65.0,850.024826181185,1784577678.2177234,raster_data/images/session_20260720_125856/raster_0003.jpg
3,183.5451893496786,65.0,850.3820729179419,1784577678.2281783,raster_data/images/session_20260720_125856/raster_0003.jpg
3,186.41846796030754,65.0,848.4937687379405,1784577678.2384262,raster_data/images/session_20260720_125856/raster_0003.jpg
3,188.76858326773987,65.0,849.6675794444279,1784577678.2477908,raster_data/images/session_20260720_125856/raster_0003.jpg
3,190.95251741858849,65.0,848.7999802265896,1784577678.257621,raster_data/images/session_20260720_125856/raster_0003.jpg
3,192.98837583231466,65.0,849.5655089482117,1784577678.2682538,raster_data/images/session_20260720_125856/raster_0003.jpg
3,194.62280980771226,65.0,848.7489449784813,1784577678.278455,raster_data/images/session_20260720_125856/raster_0003.jpg
3,195.95514909397158,65.0,848.7489449784813,1784577678.2887447,raster_data/images/session_20260720_125856/raster_0003.jpg
3,196.7621094648188,65.0,849.3613679557791,1784577678.2966402,raster_data/images/session_20260720_125856/raster_0003.jpg
3,197.54027519756198,65.0,848.3916982417243,1784577678.307051,raster_data/images/session_20260720_125856/raster_0003.jpg
3,197.99668379673417,65.0,849.0551564671304,1784577678.3175843,raster_data/images/session_20260720_125856/raster_0003.jpg
3,198.12302333604396,65.00007186512678,849.4634384519953,1784577678.3269854,raster_data/images/session_20260720_125856/raster_0003.jpg
3,198.1757947261027,65.1625853846474,849.6675794444279,1784577678.3374362,raster_data/images/session_20260720_125856/raster_0003.jpg
3,198.32520033736463,65.62269135675238,848.8510154746975,1784577678.3476527,raster_data/images/session_20260720_125856/raster_0003.jpg
3,198.58037562755635,66.40852312009223,849.3613679557791,1784577678.358182,raster_data/images/session_20260720_125856/raster_0003.jpg
3,198.93206568693577,67.49157947442652,850.1779319255094,1784577678.3685513,raster_data/images/session_20260720_125856/raster_0003.jpg
3,199.37652117734572,68.86031404701197,851.1986368876723,1784577678.3787785,raster_data/images/session_20260720_125856/raster_0003.jpg
3,199.78394675058874,70.1150121661393,849.2082622114547,1784577678.3866382,raster_data/images/session_20260720_125856/raster_0003.jpg
3,200.53100180317153,72.41562516374584,850.0758614292931,1784577678.398857,raster_data/images/session_20260720_125856/raster_0003.jpg
3,201.08049691779593,74.10783726840332,850.2800024217256,1784577678.4066608,raster_data/images/session_20260720_125856/raster_0003.jpg
3,201.89328402198717,76.61087713102722,849.8717204368605,1784577678.4169743,raster_data/images/session_20260720_125856/raster_0003.jpg
3,202.76856069004222,79.3063583704183,849.4634384519953,1784577678.4273918,raster_data/images/session_20260720_125856/raster_0003.jpg
3,203.5437825571724,81.69371322115175,849.5655089482117,1784577678.4376655,raster_data/images/session_20260720_125856/raster_0003.jpg
3,204.23056312219668,83.8087063383736,850.1779319255094,1784577678.4480922,raster_data/images/session_20260720_125856/raster_0003.jpg
3,204.7218101555525,85.32153903533043,849.8206851887525,1784577678.4567034,raster_data/images/session_20260720_125856/raster_0003.jpg
3,205.27077742432792,87.0121255984476,850.4841434141581,1784577678.468205,raster_data/images/session_20260720_125856/raster_0003.jpg
3,205.66089036299078,88.21350813929166,850.8413901509152,1784577678.478582,raster_data/images/session_20260720_125856/raster_0003.jpg
3,205.95035975611881,89.10495120755978,849.4124032038872,1784577678.4889212,raster_data/images/session_20260720_125856/raster_0003.jpg
3,206.1016224806638,89.57077630162532,849.0551564671304,1784577678.4966233,raster_data/images/session_20260720_125856/raster_0003.jpg
3,206.21919685737225,89.9328555597815,848.8510154746975,1784577678.5071082,raster_data/images/session_20260720_125856/raster_0003.jpg
3,206.22339842912635,90.0,849.1572269633466,1784577678.517394,raster_data/images/session_20260720_125856/raster_0003.jpg
3,205.92505035414288,90.0,849.3613679557791,1784577678.5284817,raster_data/images/session_20260720_125856/raster_0003.jpg
3,205.4230528082642,90.0,849.5655089482117,1784577678.5373201,raster_data/images/session_20260720_125856/raster_0003.jpg
3,204.54060321636825,90.0,848.2385924974,1784577678.5476375,raster_data/images/session_20260720_125856/raster_0003.jpg
3,203.34142271385232,90.0,848.3406629936162,1784577678.557935,raster_data/images/session_20260720_125856/raster_0003.jpg
3,201.78807181782255,90.0,849.2592974595628,1784577678.5684536,raster_data/images/session_20260720_125856/raster_0003.jpg
3,199.94633771094664,90.0,848.7999802265896,1784577678.5787485,raster_data/images/session_20260720_125856/raster_0003.jpg
3,198.36223738691572,90.0,848.7999802265896,1784577678.5864427,raster_data/images/session_20260720_125856/raster_0003.jpg
3,195.95271370338554,90.0,848.5448039860488,1784577678.5967867,raster_data/images/session_20260720_125856/raster_0003.jpg
3,192.68671740156944,90.0,849.9227556849687,1784577678.6090274,raster_data/images/session_20260720_125856/raster_0003.jpg
3,190.4166398258704,90.0,850.4841434141581,1784577678.6167164,raster_data/images/session_20260720_125856/raster_0003.jpg
3,187.28796817975223,90.0,849.8717204368605,1784577678.6271453,raster_data/images/session_20260720_125856/raster_0003.jpg
3,184.20035221295535,90.0,848.9530859709139,1784577678.6374373,raster_data/images/session_20260720_125856/raster_0003.jpg
3,181.08190872388064,90.0,849.8717204368605,1784577678.6478322,raster_data/images/session_20260720_125856/raster_0003.jpg
3,177.75861599164188,90.0,849.6675794444279,1784577678.6589098,raster_data/images/session_20260720_125856/raster_0003.jpg
3,175.38925983624637,90.0,850.1779319255094,1784577678.6668077,raster_data/images/session_20260720_125856/raster_0003.jpg
3,171.99973442273318,90.0,850.7393196546989,1784577678.678106,raster_data/images/session_20260720_125856/raster_0003.jpg
3,168.92628051953494,90.0,849.8206851887525,1784577678.688351,raster_data/images/session_20260720_125856/raster_0003.jpg
3,165.80311634259402,90.0,850.0758614292931,1784577678.6987615,raster_data/images/session_20260720_125856/raster_0003.jpg
3,163.47889282422244,90.0,849.7696499406442,1784577678.7065089,raster_data/images/session_20260720_125856/raster_0003.jpg
3,160.37833072858035,90.0,849.6165441963198,1784577678.716844,raster_data/images/session_20260720_125856/raster_0003.jpg
3,157.03164913373172,90.0,850.1268966774013,1784577678.7279997,raster_data/images/session_20260720_125856/raster_0003.jpg
3,153.84260990338504,90.0,848.4937687379405,1784577678.7386298,raster_data/images/session_20260720_125856/raster_0003.jpg
3,151.51609756665408,90.0,849.667579444428,1784577678.7463849,raster_data/images/session_20260720_125856/raster_0003.jpg
3,148.31919052319705,90.0,849.0041212190221,1784577678.7570412,raster_data/images/session_20260720_125856/raster_0003.jpg
3,145.19202091412723,90.0,849.1572269633466,1784577678.767465,raster_data/images/session_20260720_125856/raster_0003.jpg
3,142.1159920902747,90.0,849.6165441963198,1784577678.7777185,raster_data/images/session_20260720_125856/raster_0003.jpg
3,138.9760194035071,90.0,848.595839234157,1784577678.7881851,raster_data/images/session_20260720_125856/raster_0003.jpg
3,136.4625392170447,90.0,849.3613679557791,1784577678.7965634,raster_data/images/session_20260720_125856/raster_0003.jpg
3,133.3250699253577,90.0,848.9530859709139,1784577678.8070216,raster_data/images/session_20260720_125856/raster_0003.jpg
3,130.22465088086307,90.0,849.0551564671304,1784577678.8173563,raster_data/images/session_20260720_125856/raster_0003.jpg
3,126.81810238080205,90.0,848.9530859709139,1784577678.8287115,raster_data/images/session_20260720_125856/raster_0003.jpg
3,124.23796035962285,90.0,848.595839234157,1784577678.837312,raster_data/images/session_20260720_125856/raster_0003.jpg
3,121.15191795544804,90.0,849.2082622114547,1784577678.8475988,raster_data/images/session_20260720_125856/raster_0003.jpg
3,118.01637985425175,90.0,850.4331081660501,1784577678.8580506,raster_data/images/session_20260720_125856/raster_0003.jpg
3,114.89979603009402,90.0,850.5862139103746,1784577678.8684392,raster_data/images/session_20260720_125856/raster_0003.jpg
3,111.81032039838016,90.0,849.2592974595628,1784577678.8787374,raster_data/images/session_20260720_125856/raster_0003.jpg
3,109.45827343182742,90.0,849.3613679557791,1784577678.8865776,raster_data/images/session_20260720_125856/raster_0003.jpg
3,106.05558731274783,90.0,850.024826181185,1784577678.89792,raster_data/images/session_20260720_125856/raster_0003.jpg
3,102.96990253644168,90.0,850.1779319255094,1784577678.9082055,raster_data/images/session_20260720_125856/raster_0003.jpg
3,99.83887054639041,90.0,849.9227556849687,1784577678.9186423,raster_data/images/session_20260720_125856/raster_0003.jpg
3,97.47351982312381,90.0,850.2289671736175,1784577678.9265268,raster_data/images/session_20260720_125856/raster_0003.jpg
3,94.39942218976199,90.0,849.6675794444279,1784577678.9367738,raster_data/images/session_20260720_125856/raster_0003.jpg
3,91.29871704297244,90.0,849.8717204368605,1784577678.9471095,raster_data/images/session_20260720_125856/raster_0003.jpg
3,88.12505581097781,90.0,850.024826181185,1784577678.9576883,raster_data/images/session_20260720_125856/raster_0003.jpg
3,85.03543712811648,90.0,850.9944958952397,1784577678.967987,raster_data/images/session_20260720_125856/raster_0003.jpg
3,82.12499000744998,90.0,849.4124032038872,1784577678.9776886,raster_data/images/session_20260720_125856/raster_0003.jpg
3,79.03458454327762,90.0,848.4427334898326,1784577678.98799,raster_data/images/session_20260720_125856/raster_0003.jpg
3,75.92343666272342,90.0,848.7489449784813,1784577678.9983604,raster_data/images/session_20260720_125856/raster_0003.jpg
3,72.82494880871951,90.0,848.6979097303733,1784577679.0086887,raster_data/images/session_20260720_125856/raster_0003.jpg
3,70.48456051068484,90.0,849.310332707671,1784577679.01649,raster_data/images/session_20260720_125856/raster_0003.jpg
3,67.28486396985232,90.0,848.9020507228058,1784577679.0271556,raster_data/images/session_20260720_125856/raster_0003.jpg
3,64.43900444226443,90.0,848.646874482265,1784577679.0366418,raster_data/images/session_20260720_125856/raster_0003.jpg
3,61.340302011539336,90.0,849.6165441963198,1784577679.0469708,raster_data/images/session_20260720_125856/raster_0003.jpg
3,58.25390197949588,90.0,849.0551564671304,1784577679.0572588,raster_data/images/session_20260720_125856/raster_0003.jpg
3,55.08746483044803,90.0,849.4634384519953,1784577679.0678136,raster_data/images/session_20260720_125856/raster_0003.jpg
3,52.001851579715606,90.0,849.4124032038872,1784577679.078099,raster_data/images/session_20260720_125856/raster_0003.jpg
3,48.9024338932532,90.0,848.9530859709141,1784577679.0884304,raster_data/images/session_20260720_125856/raster_0003.jpg
3,45.8121714802283,90.0,849.3613679557791,1784577679.0987313,raster_data/images/session_20260720_125856/raster_0003.jpg
3,43.1849858309638,90.0,849.8717204368605,1784577679.1075072,raster_data/images/session_20260720_125856/raster_0003.jpg
3,40.280656843450714,90.0,849.718614692536,1784577679.1179333,raster_data/images/session_20260720_125856/raster_0003.jpg
3,37.73007092749506,90.0,849.4124032038872,1784577679.12824,raster_data/images/session_20260720_125856/raster_0003.jpg
3,35.85624230078733,90.0,849.6675794444279,1784577679.1367893,raster_data/images/session_20260720_125856/raster_0003.jpg
3,33.88376048620984,90.0,849.3103327076709,1784577679.1471243,raster_data/images/session_20260720_125856/raster_0003.jpg
3,32.207973212545994,90.0,850.4331081660501,1784577679.157624,raster_data/images/session_20260720_125856/raster_0003.jpg
3,30.88442942699251,90.0,849.7696499406442,1784577679.1679327,raster_data/images/session_20260720_125856/raster_0003.jpg
3,30.009427250259506,90.0,850.7903549028072,1784577679.1767027,raster_data/images/session_20260720_125856/raster_0003.jpg
3,29.268784697342028,90.0,849.2592974595628,1784577679.18714,raster_data/images/session_20260720_125856/raster_0003.jpg
3,28.84003208581521,90.0,850.1268966774012,1784577679.1982253,raster_data/images/session_20260720_125856/raster_0003.jpg
3,28.758633062767828,90.01306756524832,849.6165441963198,1784577679.2085273,raster_data/images/session_20260720_125856/raster_0003.jpg
3,28.75150152553763,90.26703968883083,850.2800024217256,1784577679.2189205,raster_data/images/session_20260720_125856/raster_0003.jpg
3,28.740436699614488,90.66108619606528,849.2082622114547,1784577679.2265728,raster_data/images/session_20260720_125856/raster_0003.jpg
3,28.71740571184881,91.48127806806237,849.4634384519953,1784577679.2370062,raster_data/images/session_20260720_125856/raster_0003.jpg
3,28.685868242632633,92.60440731365262,848.3406629936162,1784577679.247252,raster_data/images/session_20260720_125856/raster_0003.jpg
3,28.640042018469412,94.23639535365342,848.8510154746975,1784577679.2587295,raster_data/images/session_20260720_125856/raster_0003.jpg
3,28.60261889227171,95.56912776810145,848.9020507228058,1784577679.2665195,raster_data/images/session_20260720_125856/raster_0003.jpg
3,28.5452222116849,97.61316909954051,849.1572269633466,1784577679.2768314,raster_data/images/session_20260720_125856/raster_0003.jpg
3,28.479315090538282,99.96028879849422,848.7489449784813,1784577679.2870786,raster_data/images/session_20260720_125856/raster_0003.jpg
3,28.403166580296563,102.6721303313189,848.595839234157,1784577679.297511,raster_data/images/session_20260720_125856/raster_0003.jpg
3,28.32916688623159,105.30744707152459,849.0551564671304,1784577679.3077848,raster_data/images/session_20260720_125856/raster_0003.jpg
3,28.263708922036244,107.63857115255534,848.595839234157,1784577679.3181171,raster_data/images/session_20260720_125856/raster_0003.jpg
3,28.211183049367236,109.50915066355998,849.2082622114547,1784577679.3276708,raster_data/images/session_20260720_125856/raster_0003.jpg
3,28.162027919694708,111.25968946956161,848.595839234157,1784577679.3382401,raster_data/images/session_20260720_125856/raster_0003.jpg
3,28.12344445749054,112.63374439136257,849.4634384519953,1784577679.3484597,raster_data/images/session_20260720_125856/raster_0003.jpg
3,28.09290589680012,113.72129997150566,849.9737909330768,1784577679.3589826,raster_data/images/session_20260720_125856/raster_0003.jpg
3,28.076642200980206,114.30049141808378,850.3310376698339,1784577679.3665862,raster_data/images/session_20260720_125856/raster_0003.jpg
3,28.062172993453643,114.81577658640873,850.0758614292931,1784577679.377101,raster_data/images/session_20260720_125856/raster_0003.jpg
3,28.057031786320362,114.99886800853409,849.4124032038872,1784577679.3873165,raster_data/images/session_20260720_125856/raster_0003.jpg
3,28.172473455522628,115.0,850.0758614292931,1784577679.3969593,raster_data/images/session_20260720_125856/raster_0003.jpg
3,28.639203339661744,115.0,849.8206851887525,1784577679.4078865,raster_data/images/session_20260720_125856/raster_0003.jpg
3,29.386085704044383,115.0,850.4841434141581,1784577679.417952,raster_data/images/session_20260720_125856/raster_0003.jpg
3,30.482832040412635,115.0,850.3820729179419,1784577679.4284,raster_data/images/session_20260720_125856/raster_0003.jpg
3,31.89160161820583,115.0,850.6882844065909,1784577679.4387462,raster_data/images/session_20260720_125856/raster_0003.jpg
3,33.15586524249654,115.0,849.7696499406442,1784577679.4464884,raster_data/images/session_20260720_125856/raster_0003.jpg
3,35.11654766771897,115.0,850.3820729179419,1784577679.4567883,raster_data/images/session_20260720_125856/raster_0003.jpg
3,37.84209458233869,115.0,850.6372491584826,1784577679.468953,raster_data/images/session_20260720_125856/raster_0003.jpg
3,39.810929274276255,115.0,848.8510154746975,1784577679.4767063,raster_data/images/session_20260720_125856/raster_0003.jpg
3,42.70950776255143,115.0,849.5144737001035,1784577679.4870203,raster_data/images/session_20260720_125856/raster_0003.jpg
3,45.80095265795214,115.0,848.9020507228058,1784577679.4973319,raster_data/images/session_20260720_125856/raster_0003.jpg
3,48.93849347521288,115.0,849.1572269633466,1784577679.5077903,raster_data/images/session_20260720_125856/raster_0003.jpg
3,52.02539418627245,115.0,848.6979097303733,1784577679.51808,raster_data/images/session_20260720_125856/raster_0003.jpg
3,54.57034562517626,115.0,849.5655089482117,1784577679.5265632,raster_data/images/session_20260720_125856/raster_0003.jpg
3,58.04527257372362,115.0,849.1572269633466,1784577679.5381463,raster_data/images/session_20260720_125856/raster_0003.jpg
3,61.129526838555165,115.0,848.9020507228058,1784577679.548427,raster_data/images/session_20260720_125856/raster_0003.jpg
3,64.2839476912163,115.0,848.9530859709139,1784577679.5589418,raster_data/images/session_20260720_125856/raster_0003.jpg
3,66.6126773207329,115.0,849.3103327076709,1784577679.5667043,raster_data/images/session_20260720_125856/raster_0003.jpg
3,69.72933267046434,115.0,849.6165441963198,1784577679.5770931,raster_data/images/session_20260720_125856/raster_0003.jpg
3,72.81451676775438,115.0,849.9737909330768,1784577679.587377,raster_data/images/session_20260720_125856/raster_0003.jpg
3,75.93167279650194,115.0,850.2800024217256,1784577679.5977676,raster_data/images/session_20260720_125856/raster_0003.jpg
3,78.81744359423143,115.0,849.6165441963198,1784577679.6073868,raster_data/images/session_20260720_125856/raster_0003.jpg
3,81.91163991381151,115.0,851.1476016395642,1784577679.6177008,raster_data/images/session_20260720_125856/raster_0003.jpg
3,85.03458951403124,115.0,850.0758614292931,1784577679.6281106,raster_data/images/session_20260720_125856/raster_0003.jpg
3,88.1209895460747,115.0,849.8717204368605,1784577679.6383986,raster_data/images/session_20260720_125856/raster_0003.jpg
3,91.20989297319872,115.0,850.4331081660501,1784577679.648695,raster_data/images/session_20260720_125856/raster_0003.jpg
3,93.57045148302538,115.0,849.4634384519953,1784577679.6565635,raster_data/images/session_20260720_125856/raster_0003.jpg
3,96.67337392260058,115.0,850.7903549028072,1784577679.6669066,raster_data/images/session_20260720_125856/raster_0003.jpg
3,99.98615239550097,115.0,850.3310376698339,1784577679.6779492,raster_data/images/session_20260720_125856/raster_0003.jpg
3,102.6210830061577,115.0,850.1779319255094,1784577679.6867323,raster_data/images/session_20260720_125856/raster_0003.jpg
3,105.98113988329393,115.0,850.2800024217256,1784577679.6979325,raster_data/images/session_20260720_125856/raster_0003.jpg
3,109.11581967760546,115.0,850.0758614292931,1784577679.7083814,raster_data/images/session_20260720_125856/raster_0003.jpg
3,112.18848679949267,115.0,850.4841434141581,1784577679.7186236,raster_data/images/session_20260720_125856/raster_0003.jpg
3,114.49590180803759,115.0,849.6675794444279,1784577679.726315,raster_data/images/session_20260720_125856/raster_0003.jpg
3,117.8554580061577,115.0,849.4634384519953,1784577679.7375135,raster_data/images/session_20260720_125856/raster_0003.jpg
3,120.98813508440477,115.0,849.4124032038872,1784577679.7479558,raster_data/images/session_20260720_125856/raster_0003.jpg
3,124.0704581587456,115.0,849.2082622114547,1784577679.7582302,raster_data/images/session_20260720_125856/raster_0003.jpg
3,127.1581456511162,115.0,849.9227556849687,1784577679.7685225,raster_data/images/session_20260720_125856/raster_0003.jpg
3,129.74358056475145,115.0,849.2082622114547,1784577679.7771406,raster_data/images/session_20260720_125856/raster_0003.jpg
3,132.8151748030327,115.0,849.2082622114547,1784577679.7873793,raster_data/images/session_20260720_125856/raster_0003.jpg
3,136.22172330309374,115.0,849.9737909330768,1784577679.7987344,raster_data/images/session_20260720_125856/raster_0003.jpg
3,138.54015324999315,115.0,849.7696499406442,1784577679.8064625,raster_data/images/session_20260720_125856/raster_0003.jpg
3,141.68971036364061,115.0,848.646874482265,1784577679.816961,raster_data/images/session_20260720_125856/raster_0003.jpg
3,144.8165223448418,115.0,849.6165441963198,1784577679.8273838,raster_data/images/session_20260720_125856/raster_0003.jpg
3,147.9232356398247,115.0,849.3613679557791,1784577679.8377395,raster_data/images/session_20260720_125856/raster_0003.jpg
3,151.0008380262993,115.0,851.096566391456,1784577679.8479981,raster_data/images/session_20260720_125856/raster_0003.jpg
3,154.16584466387255,115.0,850.5351786622664,1784577679.8585482,raster_data/images/session_20260720_125856/raster_0003.jpg
3,157.30839227129442,115.0,850.2289671736175,1784577679.8690233,raster_data/images/session_20260720_125856/raster_0003.jpg
3,159.5854089110039,115.0,850.1779319255094,1784577679.8766134,raster_data/images/session_20260720_125856/raster_0003.jpg
3,162.72445176531298,115.0,850.024826181185,1784577679.8870769,raster_data/images/session_20260720_125856/raster_0003.jpg
3,165.54077123095018,115.0,849.3613679557791,1784577679.8964646,raster_data/images/session_20260720_125856/raster_0003.jpg
3,168.73102639605028,115.0,850.024826181185,1784577679.9070988,raster_data/images/session_20260720_125856/raster_0003.jpg
3,171.82708238054735,115.0,850.5351786622664,1784577679.917419,raster_data/images/session_20260720_125856/raster_0003.jpg
3,174.9754235594414,115.0,849.5655089482117,1784577679.9279134,raster_data/images/session_20260720_125856/raster_0003.jpg
3,178.0889317839287,115.0,850.8413901509152,1784577679.9382918,raster_data/images/session_20260720_125856/raster_0003.jpg
3,181.1726138441704,115.0,850.2800024217256,1784577679.9485707,raster_data/images/session_20260720_125856/raster_0003.jpg
3,183.52172826220018,115.0,850.3820729179419,1784577679.956401,raster_data/images/session_20260720_125856/raster_0003.jpg
3,186.92920659471972,115.0,850.4331081660501,1784577679.9677594,raster_data/images/session_20260720_125856/raster_0003.jpg
3,190.05079720903856,115.0,848.9020507228058,1784577679.9781647,raster_data/images/session_20260720_125856/raster_0003.jpg
3,193.1766092580322,115.0,848.6979097303733,1784577679.9886723,raster_data/images/session_20260720_125856/raster_0003.jpg
3,195.96261745210202,115.0,849.2592974595628,1784577679.9989135,raster_data/images/session_20260720_125856/raster_0003.jpg
3,197.8649941681821,115.0,849.1061917152383,1784577680.0066774,raster_data/images/session_20260720_125856/raster_0003.jpg
3,200.16635176041297,115.0,849.1061917152383,1784577680.0172577,raster_data/images/session_20260720_125856/raster_0003.jpg
3,202.0690113868043,115.0,849.5144737001035,1784577680.0274692,raster_data/images/session_20260720_125856/raster_0003.jpg
3,203.57783165646248,115.0,849.2082622114547,1784577680.037107,raster_data/images/session_20260720_125856/raster_0003.jpg
3,204.88369848532315,115.0,849.718614692536,1784577680.0474198,raster_data/images/session_20260720_125856/raster_0003.jpg
3,205.884990208561,115.0,849.0041212190221,1784577680.0579138,raster_data/images/session_20260720_125856/raster_0003.jpg
3,206.54905504783986,115.0,849.0551564671304,1784577680.0682662,raster_data/images/session_20260720_125856/raster_0003.jpg
3,206.89036249030158,115.0,849.2082622114547,1784577680.0785482,raster_data/images/session_20260720_125856/raster_0003.jpg
3,206.9350939811457,115.03028197814578,848.8510154746975,1784577680.0890398,raster_data/images/session_20260720_125856/raster_0003.jpg
3,206.88388901269428,115.22640948102395,850.1779319255094,1784577680.096962,raster_data/images/session_20260720_125856/raster_0003.jpg
3,206.74788641532584,115.74733255965285,850.024826181185,1784577680.107164,raster_data/images/session_20260720_125856/raster_0003.jpg
3,206.547708927485,116.51406110201857,849.9227556849687,1784577680.1167707,raster_data/images/session_20260720_125856/raster_0003.jpg
3,206.23278544945987,117.72029473931417,849.0041212190221,1784577680.1277654,raster_data/images/session_20260720_125856/raster_0003.jpg
3,205.82003475036066,119.30123046437625,850.7903549028072,1784577680.138911,raster_data/images/session_20260720_125856/raster_0003.jpg
3,205.47184980863258,120.63486361026287,849.8717204368605,1784577680.1467817,raster_data/images/session_20260720_125856/raster_0003.jpg
3,204.94142346463266,122.66652572149282,849.9227556849687,1784577680.1571517,raster_data/images/session_20260720_125856/raster_0003.jpg
3,204.30513571136558,125.10366281842515,850.0758614292931,1784577680.167908,raster_data/images/session_20260720_125856/raster_0003.jpg
3,203.60438554030267,127.78770667878555,849.4124032038872,1784577680.1783507,raster_data/images/session_20260720_125856/raster_0003.jpg
3,202.9297608894782,130.37168343236488,849.6675794444279,1784577680.1886313,raster_data/images/session_20260720_125856/raster_0003.jpg
3,202.33177528267643,132.66211397779824,849.9737909330768,1784577680.198976,raster_data/images/session_20260720_125856/raster_0003.jpg
3,201.93630988068963,134.17684280416103,849.9227556849687,1784577680.2067387,raster_data/images/session_20260720_125856/raster_0003.jpg
3,201.474704484352,135.9449039208212,850.5862139103746,1784577680.2172225,raster_data/images/session_20260720_125856/raster_0003.jpg
3,201.10283868618933,137.36924051559168,849.3103327076709,1784577680.227506,raster_data/images/session_20260720_125856/raster_0003.jpg
3,200.81125407032502,138.48608062538298,848.9530859709139,1784577680.2377837,raster_data/images/session_20260720_125856/raster_0003.jpg
3,200.60186011715126,139.2881104751369,848.9020507228058,1784577680.2479336,raster_data/images/session_20260720_125856/raster_0003.jpg
3,200.47870865845755,139.75981056205927,849.4124032038872,1784577680.2572165,raster_data/images/session_20260720_125856/raster_0003.jpg
3,200.41828878176022,139.9912334083031,848.9530859709139,1784577680.2676232,raster_data/images/session_20260720_125856/raster_0003.jpg
3,200.326725900109,140.0,849.6675794444279,1784577680.2777956,raster_data/images/session_20260720_125856/raster_0003.jpg
3,199.92142430565085,140.0,849.1061917152383,1784577680.288239,raster_data/images/session_20260720_125856/raster_0003.jpg
3,199.2026550619247,140.0,849.5655089482117,1784577680.298522,raster_data/images/session_20260720_125856/raster_0003.jpg
3,198.4404146948021,140.0,849.2592974595628,1784577680.3063722,raster_data/images/session_20260720_125856/raster_0003.jpg
3,197.13327635160073,140.0,849.6675794444279,1784577680.316862,raster_data/images/session_20260720_125856/raster_0003.jpg
3,195.6509353861095,140.0,848.5448039860488,1784577680.3264432,raster_data/images/session_20260720_125856/raster_0003.jpg
3,193.70991775175938,140.0,849.4634384519953,1784577680.3369443,raster_data/images/session_20260720_125856/raster_0003.jpg
3,191.5017112062693,140.0,850.8413901509152,1784577680.3471708,raster_data/images/session_20260720_125856/raster_0003.jpg
3,188.93762903805535,140.0,850.2289671736175,1784577680.357558,raster_data/images/session_20260720_125856/raster_0003.jpg
3,186.02031186219796,140.0,849.7696499406442,1784577680.3680458,raster_data/images/session_20260720_125856/raster_0003.jpg
3,182.92939532391222,140.0,849.718614692536,1784577680.3783696,raster_data/images/session_20260720_125856/raster_0003.jpg
3,179.8146711646715,140.0,849.6675794444279,1784577680.388752,raster_data/images/session_20260720_125856/raster_0003.jpg
3,176.98790896526964,140.0,849.4124032038872,1784577680.3981745,raster_data/images/session_20260720_125856/raster_0003.jpg
3,173.86410105816515,140.0,849.718614692536,1784577680.4085872,raster_data/images/session_20260720_125856/raster_0003.jpg
3,170.7706915198961,140.0,850.1779319255094,1784577680.4188986,raster_data/images/session_20260720_125856/raster_0003.jpg
3,168.4072004615465,140.0,850.1779319255094,1784577680.426777,raster_data/images/session_20260720_125856/raster_0003.jpg
3,165.31543601147325,140.0,850.2289671736175,1784577680.4370828,raster_data/images/session_20260720_125856/raster_0003.jpg
3,162.16487753979357,140.0,849.9737909330768,1784577680.4475846,raster_data/images/session_20260720_125856/raster_0003.jpg
3,158.98392069927843,140.0,850.024826181185,1784577680.4581878,raster_data/images/session_20260720_125856/raster_0003.jpg
3,156.205080634276,140.0,849.2082622114547,1784577680.4674506,raster_data/images/session_20260720_125856/raster_0003.jpg
3,153.04243434063585,140.0,849.0041212190221,1784577680.4779928,raster_data/images/session_20260720_125856/raster_0003.jpg
3,149.91319048992784,140.0,848.4937687379405,1784577680.4884236,raster_data/images/session_20260720_125856/raster_0003.jpg
3,146.83430064312608,140.0,849.8717204368605,1784577680.4986866,raster_data/images/session_20260720_125856/raster_0003.jpg
3,144.47917807690294,140.0,848.8510154746975,1784577680.506537,raster_data/images/session_20260720_125856/raster_0003.jpg
3,141.39449465862901,140.0,849.1061917152383,1784577680.5168192,raster_data/images/session_20260720_125856/raster_0003.jpg
3,138.2696853934923,140.0,848.9530859709139,1784577680.5272353,raster_data/images/session_20260720_125856/raster_0003.jpg
3,134.9338756858507,140.0,849.0551564671304,1784577680.5383546,raster_data/images/session_20260720_125856/raster_0003.jpg
3,132.29007590405138,140.0,848.6979097303733,1784577680.5471673,raster_data/images/session_20260720_125856/raster_0003.jpg
3,129.12349570385607,140.0,848.595839234157,1784577680.5577226,raster_data/images/session_20260720_125856/raster_0003.jpg
3,125.99317896954209,140.0,848.9020507228058,1784577680.568157,raster_data/images/session_20260720_125856/raster_0003.jpg
3,122.89512026898056,140.0,849.2592974595628,1784577680.5784838,raster_data/images/session_20260720_125856/raster_0003.jpg
3,119.81007922283798,140.0,849.6675794444279,1784577680.5887673,raster_data/images/session_20260720_125856/raster_0003.jpg
3,117.50080454937607,140.0,850.3310376698339,1784577680.5964649,raster_data/images/session_20260720_125856/raster_0003.jpg
3,114.33758605114609,140.0,850.7393196546989,1784577680.607009,raster_data/images/session_20260720_125856/raster_0003.jpg
3,110.93318331829697,140.0,849.9737909330768,1784577680.618357,raster_data/images/session_20260720_125856/raster_0003.jpg
3,107.81938899151474,140.0,850.024826181185,1784577680.6287363,raster_data/images/session_20260720_125856/raster_0003.jpg
3,105.50560820690781,140.0,850.1268966774012,1784577680.6364489,raster_data/images/session_20260720_125856/raster_0003.jpg
3,102.42035258404404,140.0,849.7696499406442,1784577680.646733,raster_data/images/session_20260720_125856/raster_0003.jpg
3,99.25420153729111,140.0,850.0758614292931,1784577680.657287,raster_data/images/session_20260720_125856/raster_0003.jpg
3,96.1266027747789,140.0,850.5351786622664,1784577680.6677122,raster_data/images/session_20260720_125856/raster_0003.jpg
3,93.05922854534775,140.0,850.1779319255094,1784577680.6779368,raster_data/images/session_20260720_125856/raster_0003.jpg
3,90.19334185711533,140.0,850.024826181185,1784577680.6874897,raster_data/images/session_20260720_125856/raster_0003.jpg
3,87.06152308575302,140.0,851.3517426319968,1784577680.6979291,raster_data/images/session_20260720_125856/raster_0003.jpg
3,83.97641051403671,140.0,849.4124032038872,1784577680.7082129,raster_data/images/session_20260720_125856/raster_0003.jpg
3,80.85553515545517,140.0,849.2592974595628,1784577680.7186158,raster_data/images/session_20260720_125856/raster_0003.jpg
3,78.43711245648056,140.0,848.4427334898326,1784577680.7266772,raster_data/images/session_20260720_125856/raster_0003.jpg
3,75.19914973370224,140.0,849.1061917152383,1784577680.7374704,raster_data/images/session_20260720_125856/raster_0003.jpg
3,71.97205889813094,140.0,848.4937687379405,1784577680.7482274,raster_data/images/session_20260720_125856/raster_0003.jpg
3,68.7187897025743,140.0,848.646874482265,1784577680.7590716,raster_data/images/session_20260720_125856/raster_0003.jpg
3,66.3090931235948,140.0,848.6979097303733,1784577680.767104,raster_data/images/session_20260720_125856/raster_0003.jpg
3,63.077067023436115,140.0,848.2385924974,1784577680.7778773,raster_data/images/session_20260720_125856/raster_0003.jpg
3,59.846972113768146,140.0,849.0041212190221,1784577680.7886443,raster_data/images/session_20260720_125856/raster_0003.jpg
3,57.442210799376056,140.0,849.0551564671304,1784577680.7966602,raster_data/images/session_20260720_125856/raster_0003.jpg
3,54.16970122448592,140.0,849.3103327076709,1784577680.8075686,raster_data/images/session_20260720_125856/raster_0003.jpg
3,50.94890463940291,140.0,849.1061917152383,1784577680.8183045,raster_data/images/session_20260720_125856/raster_0003.jpg
3,48.02824920414608,140.0,849.7696499406443,1784577680.828182,raster_data/images/session_20260720_125856/raster_0003.jpg
3,45.12931973683911,140.0,849.8717204368605,1784577680.8390079,raster_data/images/session_20260720_125856/raster_0003.jpg
3,43.20738934064386,140.0,850.1268966774012,1784577680.8470325,raster_data/images/session_20260720_125856/raster_0003.jpg
3,40.751399952190184,140.0,850.3310376698339,1784577680.8587325,raster_data/images/session_20260720_125856/raster_0003.jpg
3,38.969584527809104,140.0,850.0758614292931,1784577680.8687828,raster_data/images/session_20260720_125856/raster_0003.jpg
3,37.76142816907043,140.0,850.1779319255094,1784577680.8768294,raster_data/images/session_20260720_125856/raster_0003.jpg
3,36.44660686480651,140.0,849.5655089482117,1784577680.887616,raster_data/images/session_20260720_125856/raster_0003.jpg
3,35.55606556854886,140.0,850.1268966774012,1784577680.8973975,raster_data/images/session_20260720_125856/raster_0003.jpg
3,34.89319058970705,140.0,849.9737909330768,1784577680.908497,raster_data/images/session_20260720_125856/raster_0003.jpg
3,34.601372885606395,140.0,850.1779319255094,1784577680.919451,raster_data/images/session_20260720_125856/raster_0003.jpg
3,34.603069900055814,140.03010910075756,849.6675794444279,1784577680.9277287,raster_data/images/session_20260720_125856/raster_0003.jpg
3,34.775103650650934,140.30172990187404,850.3820729179419,1784577680.9382849,raster_data/images/session_20260720_125856/raster_0003.jpg
3,35.131465252020924,140.86438242393098,849.7696499406442,1784577680.9489715,raster_data/images/session_20260720_125856/raster_0003.jpg
3,35.52262026306256,141.48196959558948,850.8413901509152,1784577680.9570518,raster_data/images/session_20260720_125856/raster_0003.jpg
3,36.2039724188098,142.55774349313154,848.7489449784813,1784577680.9677808,raster_data/images/session_20260720_125856/raster_0003.jpg
3,36.93482456125516,143.7116719736882,848.6979097303733,1784577680.9769745,raster_data/images/session_20260720_125856/raster_0003.jpg
3,37.94672190404786,145.30933735008188,849.1061917152383,1784577680.9875827,raster_data/images/session_20260720_125856/raster_0003.jpg
3,39.16420407389673,147.23159668102932,848.9020507228058,1784577680.9983969,raster_data/images/session_20260720_125856/raster_0003.jpg
3,40.55438145819163,149.42652118572633,848.8510154746975,1784577681.0091026,raster_data/images/session_20260720_125856/raster_0003.jpg
3,41.7054053775643,151.24385085506552,848.4937687379405,1784577681.0170503,raster_data/images/session_20260720_125856/raster_0003.jpg
3,43.38413271455385,153.8943613656591,848.289627745508,1784577681.027876,raster_data/images/session_20260720_125856/raster_0003.jpg
3,44.91381680204877,156.30955033795752,849.3613679557791,1784577681.0386786,raster_data/images/session_20260720_125856/raster_0003.jpg
3,46.16495623173216,158.2849504732414,849.2592974595628,1784577681.0486965,raster_data/images/session_20260720_125856/raster_0003.jpg
3,47.0506629629935,159.6833759046885,848.7999802265896,1784577681.0567183,raster_data/images/session_20260720_125856/raster_0003.jpg
3,48.06785395841328,161.28939932804926,849.8717204368605,1784577681.0673788,raster_data/images/session_20260720_125856/raster_0003.jpg
3,48.923453817802816,162.64028959486362,849.1572269633466,1784577681.0783389,raster_data/images/session_20260720_125856/raster_0003.jpg
3,49.5754275496232,163.66967846031199,848.595839234157,1784577681.0890906,raster_data/images/session_20260720_125856/raster_0003.jpg
3,49.93863873807856,164.2431456645171,850.6372491584826,1784577681.0970523,raster_data/images/session_20260720_125856/raster_0003.jpg
3,50.26940203196612,164.76538150809353,849.1061917152383,1784577681.1078844,raster_data/images/session_20260720_125856/raster_0003.jpg
3,50.406979550288966,164.98260002256058,849.4634384519953,1784577681.1177857,raster_data/images/session_20260720_125856/raster_0003.jpg
3,50.4904960030984,165.0,849.9227556849687,1784577681.1284432,raster_data/images/session_20260720_125856/raster_0003.jpg
3,50.89122894870227,165.0,850.6882844065909,1784577681.1392531,raster_data/images/session_20260720_125856/raster_0003.jpg
3,51.417657411092264,165.0,850.5862139103746,1784577681.1473067,raster_data/images/session_20260720_125856/raster_0003.jpg
3,52.41558705420739,165.0,849.9227556849687,1784577681.157984,raster_data/images/session_20260720_125856/raster_0003.jpg
3,53.76816352056987,165.0,850.8413901509152,1784577681.1687505,raster_data/images/session_20260720_125856/raster_0003.jpg
3,55.020847281653715,165.0,850.4841434141581,1784577681.1768858,raster_data/images/session_20260720_125856/raster_0003.jpg
3,56.79732529910995,165.0,849.3103327076709,1784577681.1867054,raster_data/images/session_20260720_125856/raster_0003.jpg
3,59.58914509799038,165.0,849.9227556849687,1784577681.199684,raster_data/images/session_20260720_125856/raster_0003.jpg
3,63.11761572915489,165.0,849.9737909330768,1784577681.2135043,raster_data/images/session_20260720_125856/raster_0003.jpg
3,66.18550598670532,165.0,848.9530859709139,1784577681.2240496,raster_data/images/session_20260720_125856/raster_0003.jpg
3,68.69784176398804,165.0,849.2082622114547,1784577681.232424,raster_data/images/session_20260720_125856/raster_0003.jpg
3,71.85755550910523,165.0,849.3103327076709,1784577681.2429564,raster_data/images/session_20260720_125856/raster_0003.jpg
3,74.88981068183472,165.0,848.5448039860488,1784577681.253064,raster_data/images/session_20260720_125856/raster_0003.jpg
3,77.9631215338855,165.0,848.5448039860488,1784577681.2633083,raster_data/images/session_20260720_125856/raster_0003.jpg
3,80.51830112983276,165.0,848.4937687379405,1784577681.2718256,raster_data/images/session_20260720_125856/raster_0003.jpg
3,83.68802845527222,165.0,849.3613679557791,1784577681.2823913,raster_data/images/session_20260720_125856/raster_0003.jpg
3,86.86190426398804,165.0,848.0344515049674,1784577681.292971,raster_data/images/session_20260720_125856/raster_0003.jpg
3,91.53252422858765,165.0,849.0041212190221,1784577681.3085396,raster_data/images/session_20260720_125856/raster_0003.jpg
3,93.2198125128894,165.0,849.1061917152383,1784577681.314164,raster_data/images/session_20260720_125856/raster_0003.jpg
3,95.72943031837036,165.0,849.5144737001035,1784577681.3225293,raster_data/images/session_20260720_125856/raster_0003.jpg
3,97.38016903449585,165.0,849.4124032038872,1784577681.3280318,raster_data/images/session_20260720_125856/raster_0003.jpg
3,100.43538391639282,165.0,851.4027778801047,1784577681.3382158,raster_data/images/session_20260720_125856/raster_0003.jpg
3,103.47257435370972,165.0,850.2289671736175,1784577681.3483398,raster_data/images/session_20260720_125856/raster_0003.jpg
3,106.80995762397339,165.0,850.0758614292931,1784577681.3594644,raster_data/images/session_20260720_125856/raster_0003.jpg
3,111.67784512092163,165.0,850.6372491584826,1784577681.3756907,raster_data/images/session_20260720_125856/raster_0003.jpg
3,112.06951916266968,165.0,849.718614692536,1784577681.3769963,raster_data/images/session_20260720_125856/raster_0003.jpg
3,115.55174171973755,165.0,850.7393196546989,1784577681.3886037,raster_data/images/session_20260720_125856/raster_0003.jpg
3,118.60509693671753,165.0,849.718614692536,1784577681.3987815,raster_data/images/session_20260720_125856/raster_0003.jpg
3,121.64600670386841,165.0,850.4331081660501,1784577681.408918,raster_data/images/session_20260720_125856/raster_0003.jpg
3,124.45159733344605,165.0,850.5862139103746,1784577681.4182699,raster_data/images/session_20260720_125856/raster_0003.jpg
3,127.8894025092273,165.0,850.024826181185,1784577681.4297292,raster_data/images/session_20260720_125856/raster_0003.jpg
3,130.93682110358765,165.0,850.6372491584826,1784577681.4398873,raster_data/images/session_20260720_125856/raster_0003.jpg
3,133.8077145819812,165.0,851.453813128213,1784577681.449457,raster_data/images/session_20260720_125856/raster_0003.jpg
3,136.0983926062732,165.0,849.7696499406442,1784577681.4570925,raster_data/images/session_20260720_125856/raster_0003.jpg
3,139.38620865394165,165.0,849.8717204368605,1784577681.468052,raster_data/images/session_20260720_125856/raster_0003.jpg
3,142.62302696754028,165.0,849.2082622114547,1784577681.4788413,raster_data/images/session_20260720_125856/raster_0003.jpg
3,144.97650444556763,165.0,849.0551564671304,1784577681.4866862,raster_data/images/session_20260720_125856/raster_0003.jpg
3,148.18135082770874,165.0,848.9530859709139,1784577681.497369,raster_data/images/session_20260720_125856/raster_0003.jpg
3,151.3356286292224,165.0,849.5144737001035,1784577681.5078833,raster_data/images/session_20260720_125856/raster_0003.jpg
3,154.50392544318726,165.0,849.4634384519953,1784577681.5184443,raster_data/images/session_20260720_125856/raster_0003.jpg
3,157.67043411780884,165.0,850.024826181185,1784577681.5289993,raster_data/images/session_20260720_125856/raster_0003.jpg
3,160.2098780875354,165.0,850.024826181185,1784577681.5374641,raster_data/images/session_20260720_125856/raster_0003.jpg
3,163.45921337653687,165.0,849.7696499406442,1784577681.5482953,raster_data/images/session_20260720_125856/raster_0003.jpg
3,166.51042282630493,165.0,849.5655089482117,1784577681.558466,raster_data/images/session_20260720_125856/raster_0003.jpg
3,169.6533859774103,165.0,849.1572269633466,1784577681.5689428,raster_data/images/session_20260720_125856/raster_0003.jpg
3,171.8780237930666,165.0,849.7696499406442,1784577681.5766757,raster_data/images/session_20260720_125856/raster_0003.jpg
3,174.55958074549355,165.0,850.7393196546989,1784577681.5869634,raster_data/images/session_20260720_125856/raster_0003.jpg
3,176.95247205761453,165.0,851.7600246168618,1784577681.597386,raster_data/images/session_20260720_125856/raster_0003.jpg
3,179.00880341571983,165.0,850.5351786622664,1784577681.60775,raster_data/images/session_20260720_125856/raster_0003.jpg
3,180.50997794541763,165.0,849.8206851887525,1784577681.616602,raster_data/images/session_20260720_125856/raster_0003.jpg
3,181.96056431169902,165.0,850.0758614292931,1784577681.6269,raster_data/images/session_20260720_125856/raster_0003.jpg
3,183.1056637451857,165.0,851.0455311433477,1784577681.6373322,raster_data/images/session_20260720_125856/raster_0003.jpg
3,183.91585391928248,165.0,850.8413901509152,1784577681.647631,raster_data/images/session_20260720_125856/raster_0003.jpg
3,184.53806697815773,165.0,850.5351786622664,1784577681.6632926,raster_data/images/session_20260720_125856/raster_0003.jpg
3,184.58141508066205,165.0,850.8413901509152,1784577681.66808,raster_data/images/session_20260720_125856/raster_0003.jpg
3,184.4322640813232,165.09981862212467,849.6165441963198,1784577681.6796577,raster_data/images/session_20260720_125856/raster_0003.jpg
3,184.09067206671085,165.32753448702013,849.9227556849687,1784577681.6885455,raster_data/images/session_20260720_125856/raster_0003.jpg
3,183.41083414892404,165.7807355948189,850.5862139103747,1784577681.6993372,raster_data/images/session_20260720_125856/raster_0003.jpg
3,182.67332710414874,166.2723807369282,849.9227556849687,1784577681.7078104,raster_data/images/session_20260720_125856/raster_0003.jpg
3,181.5169027849431,167.04328916794896,849.3103327076709,1784577681.7182608,raster_data/images/session_20260720_125856/raster_0003.jpg
3,180.04659861572216,168.023439672736,848.7999802265896,1784577681.728986,raster_data/images/session_20260720_125856/raster_0003.jpg
3,178.7459463798922,168.89049492034277,849.5144737001035,1784577681.7370856,raster_data/images/session_20260720_125856/raster_0003.jpg
3,176.8449293829148,170.1577719968836,848.7489449784813,1784577681.747439,raster_data/images/session_20260720_125856/raster_0003.jpg
3,174.70828711780803,171.5821242081702,849.0041212190221,1784577681.7576485,raster_data/images/session_20260720_125856/raster_0003.jpg
3,172.2462795838546,173.22337503076196,850.0758614292931,1784577681.768121,raster_data/images/session_20260720_125856/raster_0003.jpg
3,168.5570243546545,175.68274735037164,849.7696499406442,1784577681.7829022,raster_data/images/session_20260720_125856/raster_0003.jpg
3,166.99490478723965,176.72410485624792,848.7489449784813,1784577681.7891603,raster_data/images/session_20260720_125856/raster_0003.jpg
3,164.34731208701163,178.4890725247909,848.9020507228058,1784577681.7997668,raster_data/images/session_20260720_125856/raster_0003.jpg
3,161.65264393045075,180.28542215718446,848.1875572492918,1784577681.810562,raster_data/images/session_20260720_125856/raster_0003.jpg
3,159.6875560762725,181.59541086057243,849.5655089482117,1784577681.8184342,raster_data/images/session_20260720_125856/raster_0003.jpg
3,157.11175232056192,183.31252178513017,849.8717204368605,1784577681.8292885,raster_data/images/session_20260720_125856/raster_0003.jpg
3,155.32839825393958,184.50136109144876,851.1986368876723,1784577681.837647,raster_data/images/session_20260720_125856/raster_0003.jpg
3,153.38213506629822,185.79880068643124,850.5351786622664,1784577681.8478823,raster_data/images/session_20260720_125856/raster_0003.jpg
3,151.6860897808075,186.92943724280875,850.7393196546989,1784577681.858192,raster_data/images/session_20260720_125856/raster_0003.jpg
3,150.24169057359305,187.89231869394098,850.4841434141581,1784577681.8686104,raster_data/images/session_20260720_125856/raster_0003.jpg
3,149.22151295358563,188.57240083623165,850.1779319255094,1784577681.877519,raster_data/images/session_20260720_125856/raster_0003.jpg
3,148.34535745541618,189.15647335114383,850.2289671736175,1784577681.8871007,raster_data/images/session_20260720_125856/raster_0003.jpg
3,147.5967616246995,189.6555106229671,849.8717204368605,1784577681.8985934,raster_data/images/session_20260720_125856/raster_0003.jpg
3,147.21071339406004,189.9128623846328,849.8206851887525,1784577681.9087076,raster_data/images/session_20260720_125856/raster_0003.jpg
3,147.07924005630528,190.0,850.8413901509152,1784577681.9196532,raster_data/images/session_20260720_125856/raster_0003.jpg
3,146.94862086960032,190.0,850.3310376698339,1784577681.9283001,raster_data/images/session_20260720_125856/raster_0003.jpg
3,146.45766102232372,190.0,850.6372491584826,1784577681.9393103,raster_data/images/session_20260720_125856/raster_0003.jpg
3,145.84530871284161,190.0,851.3007073838885,1784577681.9476316,raster_data/images/session_20260720_125856/raster_0003.jpg
3,144.70743682560024,190.0,849.0551564671304,1784577681.958712,raster_data/images/session_20260720_125856/raster_0003.jpg
3,143.6065088089476,190.0,849.6165441963198,1784577681.9670627,raster_data/images/session_20260720_125856/raster_0003.jpg
3,141.81288883803896,190.0,848.595839234157,1784577681.9781985,raster_data/images/session_20260720_125856/raster_0003.jpg
3,138.7549570319485,190.0,849.8717204368605,1784577681.99344,raster_data/images/session_20260720_125856/raster_0003.jpg
3,137.25582714538214,190.0,850.1268966774012,1784577681.99987,raster_data/images/session_20260720_125856/raster_0003.jpg
3,134.9155080914835,190.0,849.5144737001035,1784577682.008995,raster_data/images/session_20260720_125856/raster_0003.jpg
3,132.2594884902195,190.0,849.8717204368605,1784577682.0183413,raster_data/images/session_20260720_125856/raster_0003.jpg
3,129.38126737070252,190.0,849.0041212190221,1784577682.0279372,raster_data/images/session_20260720_125856/raster_0003.jpg
3,125.78524762582948,190.0,848.7999802265896,1784577682.039924,raster_data/images/session_20260720_125856/raster_0003.jpg
3,123.55171853494814,190.0,849.718614692536,1784577682.047369,raster_data/images/session_20260720_125856/raster_0003.jpg
3,120.32949143839052,190.0,849.3103327076709,1784577682.0581098,raster_data/images/session_20260720_125856/raster_0003.jpg
3,117.19681436014345,190.0,849.3613679557791,1784577682.068552,raster_data/images/session_20260720_125856/raster_0003.jpg
3,114.11284619760683,190.0,850.5862139103746,1784577682.078832,raster_data/images/session_20260720_125856/raster_0003.jpg
3,111.40252763223818,190.0,849.718614692536,1784577682.0878663,raster_data/images/session_20260720_125856/raster_0003.jpg
3,108.20626431894472,190.0,850.1268966774012,1784577682.0985205,raster_data/images/session_20260720_125856/raster_0003.jpg
3,105.29102498483827,190.0,849.9737909330768,1784577682.108238,raster_data/images/session_20260720_125856/raster_0003.jpg
3,102.13666439383533,190.0,850.2800024217256,1784577682.1187875,raster_data/images/session_20260720_125856/raster_0003.jpg
3,98.73494958263541,190.0,849.8717204368605,1784577682.1312299,raster_data/images/session_20260720_125856/raster_0003.jpg
3,96.55801547593828,190.0,851.3007073838885,1784577682.1402555,raster_data/images/session_20260720_125856/raster_0003.jpg
3,94.62135222850168,190.0,850.4331081660501,1784577682.1493015,raster_data/images/session_20260720_125856/raster_0003.jpg
3,93.10294972505308,190.0,850.9944958952397,1784577682.1573596,raster_data/images/session_20260720_125856/raster_0003.jpg
3,91.33254030807826,190.0,850.8413901509152,1784577682.1684442,raster_data/images/session_20260720_125856/raster_0003.jpg
3,90.03802947486086,190.0,850.2289671736175,1784577682.1785645,raster_data/images/session_20260720_125856/raster_0003.jpg
3,89.2080834278483,190.0,850.0758614292931,1784577682.1868374,raster_data/images/session_20260720_125856/raster_0003.jpg
3,88.38495453318512,190.0,850.4331081660501,1784577682.1985354,raster_data/images/session_20260720_125856/raster_0003.jpg
3,88.00228764444377,190.0,849.6165441963198,1784577682.2087348,raster_data/images/session_20260720_125856/raster_0003.jpg
3,87.92,190.0,848.9530859709139,1784577682.2170696,raster_data/images/session_20260720_125856/raster_0003.jpg
