raster_number,x_mm,y_mm,charge_v,timestamp,image_path
1,117.52213791306426,15.008890870963489,14045.392365529466,1784563731.2146688,raster_data/images/session_20260720_090735/raster_0001.jpg
1,117.78955106576666,15.116287436652259,20056.01767621583,1784563731.2251036,raster_data/images/session_20260720_090735/raster_0001.jpg
1,118.18294870886734,15.274280996026981,16558.061770884913,1784563731.2328312,raster_data/images/session_20260720_090735/raster_0001.jpg
1,118.9768901659938,15.593138109043435,16095.070000048,1784563731.2432542,raster_data/images/session_20260720_090735/raster_0001.jpg
1,120.1114764906864,16.048802587465822,20393.768948195404,1784563731.2539952,raster_data/images/session_20260720_090735/raster_0001.jpg
1,121.64477608526893,16.664595449432493,14017.476084814318,1784563731.265249,raster_data/images/session_20260720_090735/raster_0001.jpg
1,123.02539620582333,17.21907026852774,20077.04419843638,1784563731.2736852,raster_data/images/session_20260720_090735/raster_0001.jpg
1,125.22785517283201,18.103606151436974,16567.65639752924,1784563731.2851915,raster_data/images/session_20260720_090735/raster_0001.jpg
1,128.02840546225417,19.228343211238002,16045.974091367983,1784563731.297651,raster_data/images/session_20260720_090735/raster_0001.jpg
1,129.93897962619343,19.995654398541912,20431.177785058662,1784563731.3052135,raster_data/images/session_20260720_090735/raster_0001.jpg
1,132.33703991135488,20.95874628964115,14017.374014318102,1784563731.313977,raster_data/images/session_20260720_090735/raster_0001.jpg
1,135.4053903783033,22.191035349284046,20030.55108740988,1784563731.3249989,raster_data/images/session_20260720_090735/raster_0001.jpg
1,137.8764515711582,23.183445344968682,16603.12589496439,1784563731.3338752,raster_data/images/session_20260720_090735/raster_0001.jpg
1,140.94911627333457,24.41746705703488,16047.709289803657,1784563731.3449125,raster_data/images/session_20260720_090735/raster_0001.jpg
1,143.95945686967985,25.62645860563216,20395.146899894327,1784563731.355726,raster_data/images/session_20260720_090735/raster_0001.jpg
1,146.17305777870226,26.515469235932407,14047.229634461359,1784563731.3636775,raster_data/images/session_20260720_090735/raster_0001.jpg
1,149.1878453559748,27.726246749335242,20037.338775408258,1784563731.374507,raster_data/images/session_20260720_090735/raster_0001.jpg
1,152.09212213856281,28.89264170451044,16574.69926176816,1784563731.3849394,raster_data/images/session_20260720_090735/raster_0001.jpg
1,154.44729633591075,29.838509990486095,16058.324621410147,1784563731.3933995,raster_data/images/session_20260720_090735/raster_0001.jpg
1,157.44031361849468,31.040544273199043,20420.358312459743,1784563731.4041507,raster_data/images/session_20260720_090735/raster_0001.jpg
1,160.0883248285441,32.10401967443015,14002.420686622423,1784563731.4136627,raster_data/images/session_20260720_090735/raster_0001.jpg
1,163.09879817058868,33.31306453540968,20058.263227132593,1784563731.4244766,raster_data/images/session_20260720_090735/raster_0001.jpg
1,166.06229444703038,34.503242801904605,16601.543802273034,1784563731.4351254,raster_data/images/session_20260720_090735/raster_0001.jpg
1,168.14314060373135,35.338937414147765,16004.839681392832,1784563731.4429739,raster_data/images/session_20260720_090735/raster_0001.jpg
1,170.7297197502212,36.37774090757329,20446.13111275434,1784563731.4537897,raster_data/images/session_20260720_090735/raster_0001.jpg
1,172.97619556836528,37.27995452471738,14029.061086134865,1784563731.4645312,raster_data/images/session_20260720_090735/raster_0001.jpg
1,174.8751516659355,38.04259974695798,20006.156238814194,1784563731.4751127,raster_data/images/session_20260720_090735/raster_0001.jpg
1,176.3571743464534,38.63779913992731,16605.626622121687,1784563731.4849224,raster_data/images/session_20260720_090735/raster_0001.jpg
1,177.39922380339203,39.05629962063328,16015.863294984187,1784563731.493199,raster_data/images/session_20260720_090735/raster_0001.jpg
1,178.4686715599554,39.48580361128508,20379.68321971756,1784563731.5039575,raster_data/images/session_20260720_090735/raster_0001.jpg
1,179.22611642486467,39.790003222889,13984.456279288363,1784563731.5149043,raster_data/images/session_20260720_090735/raster_0001.jpg
1,179.64813742212218,39.95949228988505,19970.48260038661,1784563731.5257735,raster_data/images/session_20260720_090735/raster_0001.jpg
1,179.74850119179433,39.99979967220129,16523.4598726676,1784563731.5336874,raster_data/images/session_20260720_090735/raster_0001.jpg
1,179.59140948602135,40.0,15914.25211600091,1784563731.5445359,raster_data/images/session_20260720_090735/raster_0001.jpg
1,179.1383661586435,40.0,20344.928215755932,1784563731.5544624,raster_data/images/session_20260720_090735/raster_0001.jpg
1,178.48427542916295,40.0,13886.97895540184,1784563731.563323,raster_data/images/session_20260720_090735/raster_0001.jpg
1,177.38170334269006,40.0,19846.517982731977,1784563731.5740125,raster_data/images/session_20260720_090735/raster_0001.jpg
1,175.8824159879805,40.0,16550.355448420585,1784563731.5850573,raster_data/images/session_20260720_090735/raster_0001.jpg
1,174.49287083255572,40.0,15856.83746187927,1784563731.5934813,raster_data/images/session_20260720_090735/raster_0001.jpg
1,172.2084289492273,40.0,20311.449092996998,1784563731.6051877,raster_data/images/session_20260720_090735/raster_0001.jpg
1,170.42762315347255,40.0,13927.654048144019,1784563731.6131165,raster_data/images/session_20260720_090735/raster_0001.jpg
1,167.76196921923923,40.0,19886.070300015774,1784563731.6236804,raster_data/images/session_20260720_090735/raster_0001.jpg
1,164.7696084035076,40.0,16527.899939253013,1784563731.6342173,raster_data/images/session_20260720_090735/raster_0001.jpg
1,161.52378495092387,40.0,15894.297333990633,1784563731.6450367,raster_data/images/session_20260720_090735/raster_0001.jpg
1,159.14741928930277,40.0,20330.536275789436,1784563731.652958,raster_data/images/session_20260720_090735/raster_0001.jpg
1,155.8794873511314,40.0,13899.176379699687,1784563731.663851,raster_data/images/session_20260720_090735/raster_0001.jpg
1,152.1653073584556,40.0,19896.634596374155,1784563731.6762316,raster_data/images/session_20260720_090735/raster_0001.jpg
1,149.47136814947123,40.0,16537.851812634097,1784563731.6852114,raster_data/images/session_20260720_090735/raster_0001.jpg
1,146.41844208593363,40.0,15834.841269944665,1784563731.6953878,raster_data/images/session_20260720_090735/raster_0001.jpg
1,144.01253636236186,40.0,20441.282764184074,1784563731.7034075,raster_data/images/session_20260720_090735/raster_0001.jpg
1,140.78265602941508,40.0,13807.210862608843,1784563731.7141738,raster_data/images/session_20260720_090735/raster_0001.jpg
1,137.55871231908793,40.0,19881.06884570118,1784563731.7249203,raster_data/images/session_20260720_090735/raster_0001.jpg
1,134.28956444616313,40.0,16624.254487681155,1784563731.7358174,raster_data/images/session_20260720_090735/raster_0001.jpg
1,131.83373387212748,40.0,15915.170750466856,1784563731.7440035,raster_data/images/session_20260720_090735/raster_0001.jpg
1,128.39013512487406,40.0,20400.70974193811,1784563731.7554822,raster_data/images/session_20260720_090735/raster_0001.jpg
1,125.79447205419534,40.0,14029.877650104594,1784563731.7641344,raster_data/images/session_20260720_090735/raster_0001.jpg
1,122.4322694098472,40.0,19954.81477921742,1784563731.7753417,raster_data/images/session_20260720_090735/raster_0001.jpg
1,120.07385666723245,40.0,16667.02202559576,1784563731.7832031,raster_data/images/session_20260720_090735/raster_0001.jpg
1,116.77531178350442,40.0,15974.677849760932,1784563731.7941983,raster_data/images/session_20260720_090735/raster_0001.jpg
1,113.52075512762063,40.0,20500.228475748954,1784563731.8050468,raster_data/images/session_20260720_090735/raster_0001.jpg
1,111.06242115850442,40.0,14038.655712779191,1784563731.8132412,raster_data/images/session_20260720_090735/raster_0001.jpg
1,107.64378483648294,40.0,20034.83804825096,1784563731.8246367,raster_data/images/session_20260720_090735/raster_0001.jpg
1,104.58756859655374,40.0,16751.842607951465,1784563731.834824,raster_data/images/session_20260720_090735/raster_0001.jpg
1,100.27193005437846,40.0,16004.482434656078,1784563731.8492095,raster_data/images/session_20260720_090735/raster_0001.jpg
1,98.6703294074058,40.0,20541.413920972213,1784563731.8545482,raster_data/images/session_20260720_090735/raster_0001.jpg
1,94.90930016393656,40.0,14136.235107161927,1784563731.867085,raster_data/images/session_20260720_090735/raster_0001.jpg
1,92.61554653997416,40.0,20049.17895296934,1784563731.8747308,raster_data/images/session_20260720_090735/raster_0001.jpg
1,89.91853173131938,40.0,16788.536951341208,1784563731.8837209,raster_data/images/session_20260720_090735/raster_0001.jpg
1,86.63400586004252,40.0,16056.07907049339,1784563731.8946693,raster_data/images/session_20260720_090735/raster_0001.jpg
1,83.96152432317729,40.0,20577.597911880875,1784563731.9035776,raster_data/images/session_20260720_090735/raster_0001.jpg
1,80.38867886419291,40.0,14105.613958297052,1784563731.915487,raster_data/images/session_20260720_090735/raster_0001.jpg
1,77.97547753210063,40.0,20051.322433389887,1784563731.923531,raster_data/images/session_20260720_090735/raster_0001.jpg
1,74.84659130926127,40.0,16777.972654982823,1784563731.9339607,raster_data/images/session_20260720_090735/raster_0001.jpg
1,71.62171776647563,40.0,15949.007119962544,1784563731.9447103,raster_data/images/session_20260720_090735/raster_0001.jpg
1,68.51554757981057,40.0,20559.378328306277,1784563731.955242,raster_data/images/session_20260720_090735/raster_0001.jpg
1,66.17613763379128,40.0,14067.031310727309,1784563731.9639363,raster_data/images/session_20260720_090735/raster_0001.jpg
1,63.586810462523715,40.0,19964.05215912499,1784563731.9747326,raster_data/images/session_20260720_090735/raster_0001.jpg
1,61.60732741915152,40.0,16762.304833813632,1784563731.9841828,raster_data/images/session_20260720_090735/raster_0001.jpg
1,59.65626399050991,40.0,15933.696545530105,1784563731.9950867,raster_data/images/session_20260720_090735/raster_0001.jpg
1,58.09320947308635,40.0,20483.131667632733,1784563732.00575,raster_data/images/session_20260720_090735/raster_0001.jpg
1,57.14324507897891,40.0,14039.063994764057,1784563732.0137618,raster_data/images/session_20260720_090735/raster_0001.jpg
1,56.150358477050816,40.0,19951.956805323363,1784563732.0247931,raster_data/images/session_20260720_090735/raster_0001.jpg
1,55.557836023327596,40.0,16715.352405554157,1784563732.034977,raster_data/images/session_20260720_090735/raster_0001.jpg
1,55.30001626859797,40.0,15862.196162930622,1784563732.043563,raster_data/images/session_20260720_090735/raster_0001.jpg
1,55.232938543881794,40.024574747085836,20497.93188958409,1784563732.0537884,raster_data/images/session_20260720_090735/raster_0001.jpg
1,55.03823065558176,40.289497856234675,13995.275751887286,1784563732.0647557,raster_data/images/session_20260720_090735/raster_0001.jpg
1,54.6250456113338,40.85168497423832,19882.70197364064,1784563732.0758245,raster_data/images/session_20260720_090735/raster_0001.jpg
1,54.21036711638397,41.41590410854472,16748.78049306498,1784563732.0835059,raster_data/images/session_20260720_090735/raster_0001.jpg
1,53.42144250100411,42.489329349891,15830.605344351694,1784563732.0946617,raster_data/images/session_20260720_090735/raster_0001.jpg
1,52.48360490468912,43.76536831298421,20455.929880391104,1784563732.1050942,raster_data/images/session_20260720_090735/raster_0001.jpg
1,51.61003750613461,44.953960071113244,13991.09086154242,1784563732.1133003,raster_data/images/session_20260720_090735/raster_0001.jpg
1,50.100920106040924,47.00729276961886,19871.219042816312,1784563732.1254208,raster_data/images/session_20260720_090735/raster_0001.jpg
1,49.03436796467594,48.45846309367049,16687.589230583337,1784563732.1329343,raster_data/images/session_20260720_090735/raster_0001.jpg
1,47.300632719534974,50.817414934778796,15846.273165520888,1784563732.143883,raster_data/images/session_20260720_090735/raster_0001.jpg
1,45.505954555242766,53.25928682480303,20514.977662452206,1784563732.1541405,raster_data/images/session_20260720_090735/raster_0001.jpg
1,43.74030754398902,55.661658397750884,13977.97480277863,1784563732.1648004,raster_data/images/session_20260720_090735/raster_0001.jpg
1,42.137425711944026,57.84256869497112,19888.315850932533,1784563732.175746,raster_data/images/session_20260720_090735/raster_0001.jpg
1,41.16284015055895,59.16860761053806,16725.814631416324,1784563732.1832392,raster_data/images/session_20260720_090735/raster_0001.jpg
1,39.93167742468703,60.84375010247221,15774.007254199782,1784563732.1940584,raster_data/images/session_20260720_090735/raster_0001.jpg
1,38.9463726126703,62.18437382623503,20500.228475748954,1784563732.2044337,raster_data/images/session_20260720_090735/raster_0001.jpg
1,38.13029634497579,63.29474210164391,13968.941563863491,1784563732.2151375,raster_data/images/session_20260720_090735/raster_0001.jpg
1,37.513570599529494,64.13387041535663,19837.331638072515,1784563732.2259295,raster_data/images/session_20260720_090735/raster_0001.jpg
1,37.20616641114303,64.55213016879418,16725.86566666443,1784563732.2334492,raster_data/images/session_20260720_090735/raster_0001.jpg
1,36.93958978877156,64.9148391901987,15807.23120071817,1784563732.244305,raster_data/images/session_20260720_090735/raster_0001.jpg
1,36.88207934805481,65.0,20481.498539693275,1784563732.254539,raster_data/images/session_20260720_090735/raster_0001.jpg
1,37.11701831523745,65.0,13969.094669607815,1784563732.2653484,raster_data/images/session_20260720_090735/raster_0001.jpg
1,37.585460542006636,65.0,19907.50510422119,1784563732.2744315,raster_data/images/session_20260720_090735/raster_0001.jpg
1,38.41610318229409,65.0,16764.24417324174,1784563732.2847311,raster_data/images/session_20260720_090735/raster_0001.jpg
1,39.629998180048624,65.0,15805.95531951547,1784563732.2955396,raster_data/images/session_20260720_090735/raster_0001.jpg
1,40.72726213536471,65.0,20553.305133781407,1784563732.3033628,raster_data/images/session_20260720_090735/raster_0001.jpg
1,42.7236074815202,65.0,13994.408152669448,1784563732.3151307,raster_data/images/session_20260720_090735/raster_0001.jpg
1,44.94371630534326,65.0,19875.91428564226,1784563732.3260324,raster_data/images/session_20260720_090735/raster_0001.jpg
1,46.676634831172294,65.0,16805.582724209322,1784563732.3335264,raster_data/images/session_20260720_090735/raster_0001.jpg
1,49.76058774348461,65.0,15789.266793384111,1784563732.345376,raster_data/images/session_20260720_090735/raster_0001.jpg
1,51.96904194742317,65.0,20494.46149271274,1784563732.3530056,raster_data/images/session_20260720_090735/raster_0001.jpg
1,55.19391549020881,65.0,13983.129362837552,1784563732.3637552,raster_data/images/session_20260720_090735/raster_0001.jpg
1,58.39225304514045,65.0,19839.219942252515,1784563732.3744164,raster_data/images/session_20260720_090735/raster_0001.jpg
1,61.526217583714676,65.0,16712.18822017145,1784563732.384863,raster_data/images/session_20260720_090735/raster_0001.jpg
1,64.7588158884632,65.0,15746.907537454366,1784563732.3956382,raster_data/images/session_20260720_090735/raster_0001.jpg
1,67.07324040323371,65.0,20480.477834731108,1784563732.403353,raster_data/images/session_20260720_090735/raster_0001.jpg
1,70.40554535776252,65.0,13903.463340540768,1784563732.4144607,raster_data/images/session_20260720_090735/raster_0001.jpg
1,73.63850129037971,65.0,19809.87467459034,1784563732.4252372,raster_data/images/session_20260720_090735/raster_0001.jpg
1,76.74170983224982,65.0,16752.35296043255,1784563732.4355812,raster_data/images/session_20260720_090735/raster_0001.jpg
1,79.20834076791877,65.0,15800.086265983033,1784563732.4438033,raster_data/images/session_20260720_090735/raster_0001.jpg
1,82.23444474130744,65.0,20520.438433999778,1784563732.4538903,raster_data/images/session_20260720_090735/raster_0001.jpg
1,85.5905677118885,65.0,13971.544361517008,1784563732.4650774,raster_data/images/session_20260720_090735/raster_0001.jpg
1,88.89805329233283,65.0,19846.97729996495,1784563732.4761024,raster_data/images/session_20260720_090735/raster_0001.jpg
1,91.18980420023078,65.0,16787.567281627154,1784563732.4837415,raster_data/images/session_20260720_090735/raster_0001.jpg
1,94.4951440134632,65.0,15787.480559700325,1784563732.4947593,raster_data/images/session_20260720_090735/raster_0001.jpg
1,97.55851281076545,65.0,20550.1409483987,1784563732.5049706,raster_data/images/session_20260720_090735/raster_0001.jpg
1,100.72616589456672,65.0,14004.41106129864,1784563732.5155294,raster_data/images/session_20260720_090735/raster_0001.jpg
1,103.15517437845344,65.0,19908.066491950376,1784563732.523626,raster_data/images/session_20260720_090735/raster_0001.jpg
1,106.32440102487678,65.0,16879.89004545475,1784563732.5341902,raster_data/images/session_20260720_090735/raster_0001.jpg
1,109.48862088113898,65.0,15784.469480061949,1784563732.5447376,raster_data/images/session_20260720_090735/raster_0001.jpg
1,112.57888329416389,65.0,20648.17966001441,1784563732.5550385,raster_data/images/session_20260720_090735/raster_0001.jpg
1,115.01475823312873,65.0,14068.154086185688,1784563732.563158,raster_data/images/session_20260720_090735/raster_0001.jpg
1,118.23627007394904,65.0,19904.085742597945,1784563732.5738964,raster_data/images/session_20260720_090735/raster_0001.jpg
1,121.38554108530158,65.0,16934.59983142666,1784563732.584394,raster_data/images/session_20260720_090735/raster_0001.jpg
1,124.6103431025135,65.0,15806.159460507903,1784563732.5951433,raster_data/images/session_20260720_090735/raster_0001.jpg
1,127.69924652963752,65.0,20615.159854488455,1784563732.6054397,raster_data/images/session_20260720_090735/raster_0001.jpg
1,130.1364089289295,65.0,14088.057832947856,1784563732.6135635,raster_data/images/session_20260720_090735/raster_0001.jpg
1,133.30241692453498,65.0,19941.137332724444,1784563732.624117,raster_data/images/session_20260720_090735/raster_0001.jpg
1,136.52657521158332,65.0,16916.12507161152,1784563732.634864,raster_data/images/session_20260720_090735/raster_0001.jpg
1,139.68028080850715,65.0,15839.791689011156,1784563732.6453764,raster_data/images/session_20260720_090735/raster_0001.jpg
1,142.00479042917365,65.0,20676.708363706854,1784563732.6531248,raster_data/images/session_20260720_090735/raster_0001.jpg
1,145.33359063058967,65.0,14076.932148860285,1784563732.6642208,raster_data/images/session_20260720_090735/raster_0001.jpg
1,148.44016087442512,65.0,19879.63985875415,1784563732.674576,raster_data/images/session_20260720_090735/raster_0001.jpg
1,151.4737750330555,65.0,16938.070228298013,1784563732.684688,raster_data/images/session_20260720_090735/raster_0001.jpg
1,154.70730317026252,65.0,15765.229191525183,1784563732.6954665,raster_data/images/session_20260720_090735/raster_0001.jpg
1,157.30332386880988,65.0,20577.34273564033,1784563732.70412,raster_data/images/session_20260720_090735/raster_0001.jpg
1,160.45545590311164,65.0,14043.606131845678,1784563732.714627,raster_data/images/session_20260720_090735/raster_0001.jpg
1,163.56081021219367,65.0,19819.57137173089,1784563732.7249782,raster_data/images/session_20260720_090735/raster_0001.jpg
1,166.69770729929087,65.0,16861.568391383935,1784563732.7354345,raster_data/images/session_20260720_090735/raster_0001.jpg
1,169.0338040629017,65.0,15783.80602183654,1784563732.7432215,raster_data/images/session_20260720_090735/raster_0001.jpg
1,172.12270749002573,65.0,20606.53489755818,1784563732.7535179,raster_data/images/session_20260720_090735/raster_0001.jpg
1,175.32083046823618,65.0,13980.577600432145,1784563732.7641783,raster_data/images/session_20260720_090735/raster_0001.jpg
1,178.00210965067026,65.0,19777.212115801143,1784563732.7731159,raster_data/images/session_20260720_090735/raster_0001.jpg
1,181.05181706339,65.0,16860.139404436908,1784563732.7832816,raster_data/images/session_20260720_090735/raster_0001.jpg
1,184.2023957327043,65.0,15632.588581692165,1784563732.7938507,raster_data/images/session_20260720_090735/raster_0001.jpg
1,187.05079576246797,65.0,20549.426454925186,1784563732.80427,raster_data/images/session_20260720_090735/raster_0001.jpg
1,189.6220899611313,65.0,13941.841847118078,1784563732.8149042,raster_data/images/session_20260720_090735/raster_0001.jpg
1,191.84709622822376,65.0,19714.796007364905,1784563732.8255022,raster_data/images/session_20260720_090735/raster_0001.jpg
1,193.24916127017346,65.0,16845.900570214744,1784563732.8331835,raster_data/images/session_20260720_090735/raster_0001.jpg
1,195.05028444633257,65.0,15625.290541212702,1784563732.8449254,raster_data/images/session_20260720_090735/raster_0001.jpg
1,196.0842831219027,65.0,20481.294398700844,1784563732.853319,raster_data/images/session_20260720_090735/raster_0001.jpg
1,197.09266767001404,65.0,13958.020020768354,1784563732.863977,raster_data/images/session_20260720_090735/raster_0001.jpg
1,197.73778857870604,65.0,19688.870101325978,1784563732.8741603,raster_data/images/session_20260720_090735/raster_0001.jpg
1,198.0740360002168,65.0,16811.502812989864,1784563732.8844721,raster_data/images/session_20260720_090735/raster_0001.jpg
1,198.1332285349687,65.03149955336512,15618.60492371054,1784563732.8948843,raster_data/images/session_20260720_090735/raster_0001.jpg
1,198.22788506758832,65.32300156315695,20510.99691309977,1784563732.9052322,raster_data/images/session_20260720_090735/raster_0001.jpg
1,198.3698214591181,65.76010550356646,13903.871622525632,1784563732.9132676,raster_data/images/session_20260720_090735/raster_0001.jpg
1,198.63977800435708,66.59145726889966,19688.870101325978,1784563732.9235847,raster_data/images/session_20260720_090735/raster_0001.jpg
1,199.0088207162847,67.72795243990122,16846.257816951496,1784563732.9339132,raster_data/images/session_20260720_090735/raster_0001.jpg
1,199.4829094862971,69.18794495656905,15572.87734140566,1784563732.9443655,raster_data/images/session_20260720_090735/raster_0001.jpg
1,200.05007837475287,70.93458479537102,20598.36925786088,1784563732.9546816,raster_data/images/session_20260720_090735/raster_0001.jpg
1,200.7966402483582,73.23367901071134,13950.568874544566,1784563732.9661543,raster_data/images/session_20260720_090735/raster_0001.jpg
1,201.31038514780818,74.81579560177441,19658.453093453532,1784563732.9731326,raster_data/images/session_20260720_090735/raster_0001.jpg
1,202.29596012232676,77.85094888619966,16837.4797542769,1784563732.9851127,raster_data/images/session_20260720_090735/raster_0001.jpg
1,202.94306548330346,79.84375918731047,15581.910580320799,1784563732.9930198,raster_data/images/session_20260720_090735/raster_0001.jpg
1,203.70398679998226,82.18707440250752,20482.519244655436,1784563733.0033908,raster_data/images/session_20260720_090735/raster_0001.jpg
1,204.37688735295984,84.25932296427635,13914.589024628338,1784563733.0139594,raster_data/images/session_20260720_090735/raster_0001.jpg
1,204.9316238973764,85.96767645163953,19664.57732322651,1784563733.0242293,raster_data/images/session_20260720_090735/raster_0001.jpg
1,205.39114746036122,87.38281430266449,16859.16973472285,1784563733.0345623,raster_data/images/session_20260720_090735/raster_0001.jpg
1,205.75673368749926,88.50866496519845,15533.93744709916,1784563733.0450616,raster_data/images/session_20260720_090735/raster_0001.jpg
1,205.98461985097427,89.21045778200994,20535.034514958697,1784563733.0538683,raster_data/images/session_20260720_090735/raster_0001.jpg
1,206.16210565701763,89.75703885506778,13924.949179994288,1784563733.0643432,raster_data/images/session_20260720_090735/raster_0001.jpg
1,206.2379730875906,89.9906783924322,19656.003401544345,1784563733.074837,raster_data/images/session_20260720_090735/raster_0001.jpg
1,206.1509343265772,90.0,16903.723506321247,1784563733.085142,raster_data/images/session_20260720_090735/raster_0001.jpg
1,205.87847014311862,90.0,15607.836486359725,1784563733.0929394,raster_data/images/session_20260720_090735/raster_0001.jpg
1,205.23618654879724,90.0,20518.34598882734,1784563733.103275,raster_data/images/session_20260720_090735/raster_0001.jpg
1,204.2464688278937,90.0,14058.151177556498,1784563733.113858,raster_data/images/session_20260720_090735/raster_0001.jpg
1,202.9321542347733,90.0,19695.045366347058,1784563733.12436,raster_data/images/session_20260720_090735/raster_0001.jpg
1,201.44924537548022,90.0,16985.686114782897,1784563733.133913,raster_data/images/session_20260720_090735/raster_0001.jpg
1,199.52328479152325,90.0,15651.57369398839,1784563733.1443145,raster_data/images/session_20260720_090735/raster_0001.jpg
1,197.1481604564471,90.0,20641.443007264137,1784563733.1552513,raster_data/images/session_20260720_090735/raster_0001.jpg
1,195.1953174421837,90.0,14033.24597647973,1784563733.1632056,raster_data/images/session_20260720_090735/raster_0001.jpg
1,192.3729780457162,90.0,19784.867403017364,1784563733.1735458,raster_data/images/session_20260720_090735/raster_0001.jpg
1,189.2788109989661,90.0,16989.66686413533,1784563733.1839337,raster_data/images/session_20260720_090735/raster_0001.jpg
1,186.18897773938357,90.0,15640.499045148923,1784563733.1942332,raster_data/images/session_20260720_090735/raster_0001.jpg
1,183.50884296612918,90.0,20618.017828382508,1784563733.203167,raster_data/images/session_20260720_090735/raster_0001.jpg
1,180.26866295056521,90.0,14076.574902123528,1784563733.2139676,raster_data/images/session_20260720_090735/raster_0001.jpg
1,176.9403634281653,90.0,19680.65342638057,1784563733.225062,raster_data/images/session_20260720_090735/raster_0001.jpg
1,173.85768272595584,90.0,17056.012686675895,1784563733.2353375,raster_data/images/session_20260720_090735/raster_0001.jpg
1,171.48038723187625,90.0,15614.317962869458,1784563733.2432618,raster_data/images/session_20260720_090735/raster_0001.jpg
1,168.39405872540652,90.0,20621.84547199062,1784563733.2535496,raster_data/images/session_20260720_090735/raster_0001.jpg
1,165.32904483990848,90.0,14082.85223764083,1784563733.2637663,raster_data/images/session_20260720_090735/raster_0001.jpg
1,162.126415750553,90.0,19728.83070059464,1784563733.2744417,raster_data/images/session_20260720_090735/raster_0001.jpg
1,159.05174591260135,90.0,17006.763672251553,1784563733.2846906,raster_data/images/session_20260720_090735/raster_0001.jpg
1,155.86735584454715,90.0,15631.312700489463,1784563733.2953053,raster_data/images/session_20260720_090735/raster_0001.jpg
1,153.55929710583865,90.0,20640.116090813328,1784563733.3029988,raster_data/images/session_20260720_090735/raster_0001.jpg
1,150.4651723118323,90.0,14053.251793738114,1784563733.3133125,raster_data/images/session_20260720_090735/raster_0001.jpg
1,147.37812854962527,90.0,19716.939487785447,1784563733.3236027,raster_data/images/session_20260720_090735/raster_0001.jpg
1,144.2513165684241,90.0,17097.300202395367,1784563733.3340254,raster_data/images/session_20260720_090735/raster_0001.jpg
1,141.39143802838504,90.0,15609.214438058645,1784563733.3435583,raster_data/images/session_20260720_090735/raster_0001.jpg
1,138.25597145276248,90.0,20662.163317996037,1784563733.3540099,raster_data/images/session_20260720_090735/raster_0001.jpg
1,135.12601234631717,90.0,14132.56056929814,1784563733.364443,raster_data/images/session_20260720_090735/raster_0001.jpg
1,132.02888347821414,90.0,19729.44312357194,1784563733.3747668,raster_data/images/session_20260720_090735/raster_0001.jpg
1,128.8962779255408,90.0,17106.48654705483,1784563733.3852088,raster_data/images/session_20260720_090735/raster_0001.jpg
1,126.54444553570927,90.0,15679.643080447855,1784563733.3930483,raster_data/images/session_20260720_090735/raster_0001.jpg
1,123.42779018597783,90.0,20698.041097416048,1784563733.4034371,raster_data/images/session_20260720_090735/raster_0001.jpg
1,119.77397777753056,90.0,14150.116694647339,1784563733.4156165,raster_data/images/session_20260720_090735/raster_0001.jpg
1,117.41813995557011,90.0,19793.543395195742,1784563733.4234693,raster_data/images/session_20260720_090735/raster_0001.jpg
1,114.31171276288211,90.0,17162.26807323701,1784563733.433824,raster_data/images/session_20260720_090735/raster_0001.jpg
1,111.17967941479861,90.0,15664.536647007853,1784563733.4442642,raster_data/images/session_20260720_090735/raster_0001.jpg
1,107.87019111828982,90.0,20761.886192799313,1784563733.4552958,raster_data/images/session_20260720_090735/raster_0001.jpg
1,105.50312378125369,90.0,14155.373325202474,1784563733.463186,raster_data/images/session_20260720_090735/raster_0001.jpg
1,102.41565086560428,90.0,19740.211560922755,1784563733.4734776,raster_data/images/session_20260720_090735/raster_0001.jpg
1,99.08170082287967,90.0,17183.855983186746,1784563733.4845908,raster_data/images/session_20260720_090735/raster_0001.jpg
1,95.92220165448367,90.0,15643.765301027846,1784563733.4951224,raster_data/images/session_20260720_090735/raster_0001.jpg
1,92.83158161359012,90.0,20701.103212302536,1784563733.5054245,raster_data/images/session_20260720_090735/raster_0001.jpg
1,90.4781756611365,90.0,14164.355528869506,1784563733.5132692,raster_data/images/session_20260720_090735/raster_0001.jpg
1,87.33777382092654,90.0,19729.749335060587,1784563733.5237372,raster_data/images/session_20260720_090735/raster_0001.jpg
1,84.24937107281863,90.0,17135.984920461327,1784563733.5340319,raster_data/images/session_20260720_090735/raster_0001.jpg
1,80.89303352551639,90.0,15636.365190052169,1784563733.5452197,raster_data/images/session_20260720_090735/raster_0001.jpg
1,77.8131423206824,90.0,20714.066165322,1784563733.555486,raster_data/images/session_20260720_090735/raster_0001.jpg
1,75.17020084576785,90.0,14111.68715282192,1784563733.5642958,raster_data/images/session_20260720_090735/raster_0001.jpg
1,72.0821557255286,90.0,19742.610217583835,1784563733.5745893,raster_data/images/session_20260720_090735/raster_0001.jpg
1,68.99740078168094,90.0,17169.770254708907,1784563733.5848718,raster_data/images/session_20260720_090735/raster_0001.jpg
1,65.87552406506717,90.0,15576.245667780795,1784563733.595278,raster_data/images/session_20260720_090735/raster_0001.jpg
1,63.568109056522246,90.0,20727.233259333898,1784563733.6029694,raster_data/images/session_20260720_090735/raster_0001.jpg
1,60.423058054019805,90.0,14118.16862933165,1784563733.613453,raster_data/images/session_20260720_090735/raster_0001.jpg
1,57.331794282962676,90.0,19653.706815379475,1784563733.6237571,raster_data/images/session_20260720_090735/raster_0001.jpg
1,53.86144497113406,90.0,17167.575739040254,1784563733.635325,raster_data/images/session_20260720_090735/raster_0001.jpg
1,51.318210145999785,90.0,15664.638717504069,1784563733.6438024,raster_data/images/session_20260720_090735/raster_0001.jpg
1,48.417490503360625,90.0,20657.978427651175,1784563733.6534715,raster_data/images/session_20260720_090735/raster_0001.jpg
1,45.33917286114871,90.0,14111.840258566244,1784563733.6637325,raster_data/images/session_20260720_090735/raster_0001.jpg
1,42.24965136478042,90.0,19646.153598659475,1784563733.6741643,raster_data/images/session_20260720_090735/raster_0001.jpg
1,39.48328835832967,90.0,17118.42879511213,1784563733.684445,raster_data/images/session_20260720_090735/raster_0001.jpg
1,37.030173559772635,90.0,15551.034255215382,1784563733.6947427,raster_data/images/session_20260720_090735/raster_0001.jpg
1,34.99703206699493,90.0,20693.65206607875,1784563733.704512,raster_data/images/session_20260720_090735/raster_0001.jpg
1,33.162728950616696,90.0,14075.299020920826,1784563733.7148166,raster_data/images/session_20260720_090735/raster_0001.jpg
1,31.633913255233978,90.0,19635.94654903785,1784563733.7252207,raster_data/images/session_20260720_090735/raster_0001.jpg
1,30.70874305991029,90.0,17161.043227282415,1784563733.7329466,raster_data/images/session_20260720_090735/raster_0001.jpg
1,29.75417380924719,90.0,15492.649931379685,1784563733.7432423,raster_data/images/session_20260720_090735/raster_0001.jpg
1,29.110375431159753,90.0,20655.988052974953,1784563733.7536945,raster_data/images/session_20260720_090735/raster_0001.jpg
1,28.795467573627292,90.0,14097.601424344075,1784563733.764069,raster_data/images/session_20260720_090735/raster_0001.jpg
1,28.758114957350706,90.03151861286662,19631.60855294866,1784563733.7735846,raster_data/images/session_20260720_090735/raster_0001.jpg
1,28.749912817235717,90.3236176198107,17072.75224805536,1784563733.783691,raster_data/images/session_20260720_090735/raster_0001.jpg
1,28.73346817539642,90.909253012948,15462.079817762919,1784563733.793625,raster_data/images/session_20260720_090735/raster_0001.jpg
1,28.70801570226015,91.81568011894055,20600.869985018184,1784563733.8037982,raster_data/images/session_20260720_090735/raster_0001.jpg
1,28.67195473233885,93.0999026944854,14006.50350647107,1784563733.8144686,raster_data/images/session_20260720_090735/raster_0001.jpg
1,28.62897615431378,94.63047883497941,19551.228037178364,1784563733.8245714,raster_data/images/session_20260720_090735/raster_0001.jpg
1,28.57421810644699,96.5805517647084,17083.82689689482,1784563733.8352475,raster_data/images/session_20260720_090735/raster_0001.jpg
1,28.512892190644674,98.76452312518961,15376.953023918564,1784563733.8454545,raster_data/images/session_20260720_090735/raster_0001.jpg
1,28.458511119211025,100.70117096826829,20593.520909290608,1784563733.85348,raster_data/images/session_20260720_090735/raster_0001.jpg
1,28.38098251671007,103.46216108582372,13960.520747925651,1784563733.8638892,raster_data/images/session_20260720_090735/raster_0001.jpg
1,28.310244366343372,105.98132598492256,19469.01025247617,1784563733.8740547,raster_data/images/session_20260720_090735/raster_0001.jpg
1,28.246752149047047,108.24244483450683,17068.41425196617,1784563733.8844771,raster_data/images/session_20260720_090735/raster_0001.jpg
1,28.18901866714911,110.2984805146328,15474.88966503806,1784563733.8956137,raster_data/images/session_20260720_090735/raster_0001.jpg
1,28.155295815085864,111.4994367846914,20512.11968855815,1784563733.903292,raster_data/images/session_20260720_090735/raster_0001.jpg
1,28.117790304361083,112.83510312104397,13972.718172223495,1784563733.9136121,raster_data/images/session_20260720_090735/raster_0001.jpg
1,28.08638613488934,113.95348522473844,19448.085800751844,1784563733.9251912,raster_data/images/session_20260720_090735/raster_0001.jpg
1,28.067902657948544,114.61172870553617,17010.08096337858,1784563733.935518,raster_data/images/session_20260720_090735/raster_0001.jpg
1,28.0599258267204,114.89580389172369,15343.882183144502,1784563733.9432738,raster_data/images/session_20260720_090735/raster_0001.jpg
1,28.062955779834095,115.0,20542.230484941945,1784563733.9536026,raster_data/images/session_20260720_090735/raster_0001.jpg
1,28.286535066810977,115.0,13939.443190456996,1784563733.9639802,raster_data/images/session_20260720_090735/raster_0001.jpg
1,28.853540508077664,115.0,19464.570185890767,1784563733.974654,raster_data/images/session_20260720_090735/raster_0001.jpg
1,29.79482750613061,115.0,17137.669083648896,1784563733.9856474,raster_data/images/session_20260720_090735/raster_0001.jpg
1,30.798042349725307,115.0,15365.878375079103,1784563733.9943576,raster_data/images/session_20260720_090735/raster_0001.jpg
1,32.282735390303934,115.0,20656.39633495982,1784563734.0046868,raster_data/images/session_20260720_090735/raster_0001.jpg
1,34.11520463967028,115.0,14082.954308137043,1784563734.0151615,raster_data/images/session_20260720_090735/raster_0001.jpg
1,36.236428489475784,115.0,19542.398939255658,1784563734.025454,raster_data/images/session_20260720_090735/raster_0001.jpg
1,38.044456680550226,115.0,17235.809865760817,1784563734.0332084,raster_data/images/session_20260720_090735/raster_0001.jpg
1,40.74014989593089,115.0,15465.703320378596,1784563734.0435634,raster_data/images/session_20260720_090735/raster_0001.jpg
1,43.83635972429735,115.0,20713.759953833356,1784563734.0542078,raster_data/images/session_20260720_090735/raster_0001.jpg
1,47.206001028313466,115.0,14086.271599264073,1784563734.06544,raster_data/images/session_20260720_090735/raster_0001.jpg
1,49.55633138109667,115.0,19600.732227843244,1784563734.0732744,raster_data/images/session_20260720_090735/raster_0001.jpg
1,52.80223344255907,115.0,17245.455527653256,1784563734.084094,raster_data/images/session_20260720_090735/raster_0001.jpg
1,55.91795895983202,115.0,15419.31227984831,1784563734.0944798,raster_data/images/session_20260720_090735/raster_0001.jpg
1,59.02152512957079,115.0,20761.426875566343,1784563734.104825,raster_data/images/session_20260720_090735/raster_0001.jpg
1,62.10985635210497,115.0,14080.147369491098,1784563734.1151195,raster_data/images/session_20260720_090735/raster_0001.jpg
1,65.30561898638231,115.0,19548.82938051728,1784563734.125772,raster_data/images/session_20260720_090735/raster_0001.jpg
1,67.89978002001268,115.0,17235.350548527847,1784563734.1344192,raster_data/images/session_20260720_090735/raster_0001.jpg
1,71.03975270678026,115.0,15458.50735039535,1784563734.1448858,raster_data/images/session_20260720_090735/raster_0001.jpg
1,74.13130258013231,115.0,20685.945743614426,1784563734.155191,raster_data/images/session_20260720_090735/raster_0001.jpg
1,77.22700093676073,115.0,14127.45704448733,1784563734.16551,raster_data/images/session_20260720_090735/raster_0001.jpg
1,79.53863595415575,115.0,19543.113432729173,1784563734.1732154,raster_data/images/session_20260720_090735/raster_0001.jpg
1,82.66895268846972,115.0,17239.433368376496,1784563734.1836498,raster_data/images/session_20260720_090735/raster_0001.jpg
1,85.75971578051073,115.0,15464.121227687245,1784563734.1939523,raster_data/images/session_20260720_090735/raster_0001.jpg
1,88.63232587267382,115.0,20719.22072538092,1784563734.2035277,raster_data/images/session_20260720_090735/raster_0001.jpg
1,91.79618810106737,115.0,14119.648651526786,1784563734.214074,raster_data/images/session_20260720_090735/raster_0001.jpg
1,94.9057624189995,115.0,19551.125966682146,1784563734.2244391,raster_data/images/session_20260720_090735/raster_0001.jpg
1,98.02298997332079,115.0,17340.02384239761,1784563734.23483,raster_data/images/session_20260720_090735/raster_0001.jpg
1,101.10753034044725,115.0,15400.48027329641,1784563734.2451117,raster_data/images/session_20260720_090735/raster_0001.jpg
1,104.23806165148241,115.0,20862.425631572325,1784563734.2555468,raster_data/images/session_20260720_090735/raster_0001.jpg
1,106.56729196001513,115.0,14167.162467515453,1784563734.263311,raster_data/images/session_20260720_090735/raster_0001.jpg
1,110.19478295732958,115.0,19632.220975925957,1784563734.2754025,raster_data/images/session_20260720_090735/raster_0001.jpg
1,112.55276654650194,115.0,17366.715277158164,1784563734.2832625,raster_data/images/session_20260720_090735/raster_0001.jpg
1,116.13276456285936,115.0,15542.001016300244,1784563734.2951958,raster_data/images/session_20260720_090735/raster_0001.jpg
1,119.11037419725878,115.0,20827.7216628588,1784563734.3051212,raster_data/images/session_20260720_090735/raster_0001.jpg
1,122.16058228899462,115.0,14237.080757423584,1784563734.3152885,raster_data/images/session_20260720_090735/raster_0001.jpg
1,124.51599095751268,115.0,19635.23205556434,1784563734.32314,raster_data/images/session_20260720_090735/raster_0001.jpg
1,127.60131810595018,115.0,17404.991713239255,1784563734.3334243,raster_data/images/session_20260720_090735/raster_0001.jpg
1,130.68249677111132,115.0,15425.742721109935,1784563734.343695,raster_data/images/session_20260720_090735/raster_0001.jpg
1,134.08296559740526,115.0,20821.13811585285,1784563734.3550298,raster_data/images/session_20260720_090735/raster_0001.jpg
1,137.27851365496142,115.0,14149.249095429499,1784563734.3656816,raster_data/images/session_20260720_090735/raster_0001.jpg
1,139.5522401182793,115.0,19529.74219772484,1784563734.3732607,raster_data/images/session_20260720_090735/raster_0001.jpg
1,142.69478772570116,115.0,17359.264130934374,1784563734.383736,raster_data/images/session_20260720_090735/raster_0001.jpg
1,145.7809016554497,115.0,15393.335338561274,1784563734.394023,raster_data/images/session_20260720_090735/raster_0001.jpg
1,148.86351083208544,115.0,20716.97517446416,1784563734.4042983,raster_data/images/session_20260720_090735/raster_0001.jpg
1,152.00126622606737,115.0,14283.21662171333,1784563734.4147575,raster_data/images/session_20260720_090735/raster_0001.jpg
1,154.893903478875,115.0,19489.78159845618,1784563734.4243996,raster_data/images/session_20260720_090735/raster_0001.jpg
1,157.9916760771416,115.0,17300.675666106246,1784563734.4347255,raster_data/images/session_20260720_090735/raster_0001.jpg
1,161.12199281145556,115.0,15356.743065667746,1784563734.44516,raster_data/images/session_20260720_090735/raster_0001.jpg
1,163.47797368456347,115.0,20720.39453608741,1784563734.4530132,raster_data/images/session_20260720_090735/raster_0001.jpg
1,166.56072591234667,115.0,14054.78285118136,1784563734.463289,raster_data/images/session_20260720_090735/raster_0001.jpg
1,169.72837899614794,115.0,19466.662631063202,1784563734.4738479,raster_data/images/session_20260720_090735/raster_0001.jpg
1,172.8255793898247,115.0,17294.959718318136,1784563734.4841719,raster_data/images/session_20260720_090735/raster_0001.jpg
1,176.26710389543993,115.0,15290.091031638534,1784563734.4956436,raster_data/images/session_20260720_090735/raster_0001.jpg
1,178.59604810167772,115.0,20700.79700081389,1784563734.5034068,raster_data/images/session_20260720_090735/raster_0001.jpg
1,181.7085549681328,115.0,14078.769417792179,1784563734.5137818,raster_data/images/session_20260720_090735/raster_0001.jpg
1,184.7903773634575,115.0,19393.478085276147,1784563734.5240545,raster_data/images/session_20260720_090735/raster_0001.jpg
1,187.9294202177666,115.0,17315.220711817063,1784563734.534518,raster_data/images/session_20260720_090735/raster_0001.jpg
1,191.0339877455376,115.0,15316.833501647194,1784563734.5448666,raster_data/images/session_20260720_090735/raster_0001.jpg
1,194.04793707639445,115.0,20699.265943370647,1784563734.5551782,raster_data/images/session_20260720_090735/raster_0001.jpg
1,196.5783044468417,115.0,14093.875851232182,1784563734.5647714,raster_data/images/session_20260720_090735/raster_0001.jpg
1,199.00157009186358,115.0,19539.89821209836,1784563734.5751348,raster_data/images/session_20260720_090735/raster_0001.jpg
1,201.11829420350952,115.0,17344.923226215993,1784563734.5855818,raster_data/images/session_20260720_090735/raster_0001.jpg
1,202.46652107201524,115.0,15254.31532271474,1784563734.5932677,raster_data/images/session_20260720_090735/raster_0001.jpg
1,204.01582457507098,115.0,20697.275568694433,1784563734.6037214,raster_data/images/session_20260720_090735/raster_0001.jpg
1,205.2449498654986,115.0,14065.040936051095,1784563734.614251,raster_data/images/session_20260720_090735/raster_0001.jpg
1,206.123339552964,115.0,19381.586872466956,1784563734.6245205,raster_data/images/session_20260720_090735/raster_0001.jpg
1,206.6600880533675,115.0,17321.85529407112,1784563734.6341631,raster_data/images/session_20260720_090735/raster_0001.jpg
1,206.92592242244618,115.0,15224.816949308244,1784563734.6445224,raster_data/images/session_20260720_090735/raster_0001.jpg
1,206.92448282904297,115.07092527561302,20649.965893698194,1784563734.6548872,raster_data/images/session_20260720_090735/raster_0001.jpg
1,206.83102599931172,115.42888769989388,14083.260519625694,1784563734.665087,raster_data/images/session_20260720_090735/raster_0001.jpg
1,206.65152087348054,116.11643605990301,19346.525657016675,1784563734.6756318,raster_data/images/session_20260720_090735/raster_0001.jpg
1,206.46624406699365,116.826091362825,17284.701633448403,1784563734.6833677,raster_data/images/session_20260720_090735/raster_0001.jpg
1,206.12673359344916,118.12649918243777,15255.38706292501,1784563734.69431,raster_data/images/session_20260720_090735/raster_0001.jpg
1,205.67611193836305,119.8524898944269,20662.826776221442,1784563734.705719,raster_data/images/session_20260720_090735/raster_0001.jpg
1,205.30862429880028,121.26005707522489,14160.834096750046,1784563734.713572,raster_data/images/session_20260720_090735/raster_0001.jpg
1,204.74009389533035,123.43766701650708,19379.188215805872,1784563734.724144,raster_data/images/session_20260720_090735/raster_0001.jpg
1,204.07860562927297,125.9713282163591,17321.80425882301,1784563734.7348413,raster_data/images/session_20260720_090735/raster_0001.jpg
1,203.37066422263956,128.6829162607647,15211.190538063374,1784563734.7452013,raster_data/images/session_20260720_090735/raster_0001.jpg
1,202.7206603662564,131.17258937392222,20685.741602621994,1784563734.755517,raster_data/images/session_20260720_090735/raster_0001.jpg
1,202.24135603923665,133.00844170661622,14082.18877941542,1784563734.764099,raster_data/images/session_20260720_090735/raster_0001.jpg
1,201.7403348643555,134.9274748569193,19311.872723551256,1784563734.7743866,raster_data/images/session_20260720_090735/raster_0001.jpg
1,201.32582342820012,136.51515463382822,17355.6406283187,1784563734.7845044,raster_data/images/session_20260720_090735/raster_0001.jpg
1,201.02071132539294,137.68380831395385,15227.16457072122,1784563734.793557,raster_data/images/session_20260720_090735/raster_0001.jpg
1,200.7494870390279,138.7226634019155,20664.664045153335,1784563734.803839,raster_data/images/session_20260720_090735/raster_0001.jpg
1,200.55536810902268,139.4661861918849,14073.2576109965,1784563734.8143272,raster_data/images/session_20260720_090735/raster_0001.jpg
1,200.44577830214732,139.8859418486773,19327.8467562091,1784563734.8246405,raster_data/images/session_20260720_090735/raster_0001.jpg
1,200.4112221682975,140.0,17331.296814971123,1784563734.8352902,raster_data/images/session_20260720_090735/raster_0001.jpg
1,200.19656173684626,140.0,15205.321484530938,1784563734.8456006,raster_data/images/session_20260720_090735/raster_0001.jpg
1,199.7625074752959,140.0,20720.24143034309,1784563734.854378,raster_data/images/session_20260720_090735/raster_0001.jpg
1,198.95942245289396,140.0,14096.17243739705,1784563734.8646672,raster_data/images/session_20260720_090735/raster_0001.jpg
1,197.82267048394476,140.0,19340.09521575505,1784563734.8750854,raster_data/images/session_20260720_090735/raster_0001.jpg
1,196.3806959591269,140.0,17442.40055010251,1784563734.8853726,raster_data/images/session_20260720_090735/raster_0001.jpg
1,195.0906526522618,140.0,15246.813141242845,1784563734.8930893,raster_data/images/session_20260720_090735/raster_0001.jpg
1,193.0427314249832,140.0,20749.688768501474,1784563734.9036162,raster_data/images/session_20260720_090735/raster_0001.jpg
1,190.72581958142752,140.0,14200.488484530058,1784563734.9138803,raster_data/images/session_20260720_090735/raster_0001.jpg
1,188.24852976732296,140.0,19411.697668850746,1784563734.9235702,raster_data/images/session_20260720_090735/raster_0001.jpg
1,185.09611952892928,140.0,17449.29030859711,1784563734.9345717,raster_data/images/session_20260720_090735/raster_0001.jpg
1,182.19311106793077,140.0,15344.69874711423,1784563734.9442484,raster_data/images/session_20260720_090735/raster_0001.jpg
1,179.0667997657457,140.0,20793.06872939338,1784563734.9546695,raster_data/images/session_20260720_090735/raster_0001.jpg
1,176.4626966773668,140.0,14197.018087658706,1784563734.9633498,raster_data/images/session_20260720_090735/raster_0001.jpg
1,173.33481181255968,140.0,19439.97119630265,1784563734.973776,raster_data/images/session_20260720_090735/raster_0001.jpg
1,170.25663722149523,140.0,17510.532606326862,1784563734.9840367,raster_data/images/session_20260720_090735/raster_0001.jpg
1,167.0151697456041,140.0,15269.523826650962,1784563734.9948416,raster_data/images/session_20260720_090735/raster_0001.jpg
1,163.92404902569444,140.0,20812.206947433926,1784563735.0051453,raster_data/images/session_20260720_090735/raster_0001.jpg
1,161.55891287914903,140.0,14201.611259988436,1784563735.013029,raster_data/images/session_20260720_090735/raster_0001.jpg
1,158.4742294608751,140.0,19370.86947036425,1784563735.0233114,raster_data/images/session_20260720_090735/raster_0001.jpg
1,155.3238855659166,140.0,17524.822475797137,1784563735.0338125,raster_data/images/session_20260720_090735/raster_0001.jpg
1,152.23913062206896,140.0,15283.456449384481,1784563735.044095,raster_data/images/session_20260720_090735/raster_0001.jpg
1,149.1369949638048,140.0,20767.959387324187,1784563735.0544355,raster_data/images/session_20260720_090735/raster_0001.jpg
1,146.2840544044176,140.0,14213.604543293844,1784563735.0639453,raster_data/images/session_20260720_090735/raster_0001.jpg
1,143.15824378124864,140.0,19392.049098329117,1784563735.0743647,raster_data/images/session_20260720_090735/raster_0001.jpg
1,139.8019062339464,140.0,17522.015537151186,1784563735.0855525,raster_data/images/session_20260720_090735/raster_0001.jpg
1,137.49205935589464,140.0,15235.942633395814,1784563735.093252,raster_data/images/session_20260720_090735/raster_0001.jpg
1,134.37204230419786,140.0,20830.528601504742,1784563735.103652,raster_data/images/session_20260720_090735/raster_0001.jpg
1,131.26282561413439,140.0,14198.038792620866,1784563735.114016,raster_data/images/session_20260720_090735/raster_0001.jpg
1,128.1556831657091,140.0,19367.603214485327,1784563735.1243732,raster_data/images/session_20260720_090735/raster_0001.jpg
1,124.70850813976914,140.0,17592.137968051753,1784563735.1358638,raster_data/images/session_20260720_090735/raster_0001.jpg
1,122.39036429516464,140.0,15275.954267912584,1784563735.143591,raster_data/images/session_20260720_090735/raster_0001.jpg
1,119.25554144970566,140.0,20840.17426339718,1784563735.1540403,raster_data/images/session_20260720_090735/raster_0001.jpg
1,116.15319121472031,140.0,14278.980696120354,1784563735.1643815,raster_data/images/session_20260720_090735/raster_0001.jpg
1,113.01672328106552,140.0,19422.976458682642,1784563735.1748364,raster_data/images/session_20260720_090735/raster_0001.jpg
1,109.9238144218126,140.0,17603.467793131756,1784563735.185146,raster_data/images/session_20260720_090735/raster_0001.jpg
1,106.83326590649277,140.0,15327.755044742333,1784563735.195448,raster_data/images/session_20260720_090735/raster_0001.jpg
1,104.52642310253769,140.0,20866.916733405837,1784563735.2031374,raster_data/images/session_20260720_090735/raster_0001.jpg
1,100.8040176688829,140.0,14258.821773117645,1784563735.2155454,raster_data/images/session_20260720_090735/raster_0001.jpg
1,98.4388815223375,140.0,19418.43432160102,1784563735.2234292,raster_data/images/session_20260720_090735/raster_0001.jpg
1,95.2868925391832,140.0,17619.441825789596,1784563735.2339358,raster_data/images/session_20260720_090735/raster_0001.jpg
1,92.230676299254,140.0,15244.975872310953,1784563735.2441232,raster_data/images/session_20260720_090735/raster_0001.jpg
1,89.13905490032822,140.0,20886.973585912336,1784563735.2544286,raster_data/images/session_20260720_090735/raster_0001.jpg
1,85.7522474586168,140.0,14247.542983285748,1784563735.265718,raster_data/images/session_20260720_090735/raster_0001.jpg
1,83.34126341931015,140.0,19458.599061862114,1784563735.2737546,raster_data/images/session_20260720_090735/raster_0001.jpg
1,80.15315402142197,140.0,17624.23913911176,1784563735.2843816,raster_data/images/session_20260720_090735/raster_0001.jpg
1,76.87270510784775,140.0,15253.29461775258,1784563735.2953165,raster_data/images/session_20260720_090735/raster_0001.jpg
1,74.47845805279404,140.0,20821.240186349063,1784563735.3032973,raster_data/images/session_20260720_090735/raster_0001.jpg
1,71.39263022534041,140.0,14248.155406263048,1784563735.3135834,raster_data/images/session_20260720_090735/raster_0001.jpg
1,68.26639044872908,140.0,19352.802992533972,1784563735.3240042,raster_data/images/session_20260720_090735/raster_0001.jpg
1,65.17848837963729,140.0,17592.086932803642,1784563735.3342972,raster_data/images/session_20260720_090735/raster_0001.jpg
1,62.05582488171248,140.0,15188.071570670392,1784563735.344706,raster_data/images/session_20260720_090735/raster_0001.jpg
1,59.427116995970295,140.0,20842.41981431394,1784563735.3534684,raster_data/images/session_20260720_090735/raster_0001.jpg
1,56.22656214825301,140.0,14206.816855295465,1784563735.364137,raster_data/images/session_20260720_090735/raster_0001.jpg
1,53.174208289305255,140.0,19288.906861902597,1784563735.3743114,raster_data/images/session_20260720_090735/raster_0001.jpg
1,50.03888476483016,140.0,17720.38954654747,1784563735.3847625,raster_data/images/session_20260720_090735/raster_0001.jpg
1,47.07651396672557,140.0,15180.62042444661,1784563735.395019,raster_data/images/session_20260720_090735/raster_0001.jpg
1,44.38438121839525,140.0,20804.29648397717,1784563735.4054482,raster_data/images/session_20260720_090735/raster_0001.jpg
1,42.57786330486306,140.0,14239.377343588449,1784563735.4132771,raster_data/images/session_20260720_090735/raster_0001.jpg
1,40.1467810016253,140.0,19298.858735283684,1784563735.4253812,raster_data/images/session_20260720_090735/raster_0001.jpg
1,38.79136248998182,140.0,17593.617990246887,1784563735.4333174,raster_data/images/session_20260720_090735/raster_0001.jpg
1,37.31717515557165,140.0,15193.736483210396,1784563735.4435925,raster_data/images/session_20260720_090735/raster_0001.jpg
1,36.157937905810996,140.0,20838.03078297664,1784563735.453886,raster_data/images/session_20260720_090735/raster_0001.jpg
1,35.30867035039867,140.0,14168.897665951126,1784563735.464299,raster_data/images/session_20260720_090735/raster_0001.jpg
1,34.7765589063801,140.0,19324.325324089637,1784563735.4749486,raster_data/images/session_20260720_090735/raster_0001.jpg
1,34.585154161092646,140.0,17584.176469346883,1784563735.4854016,raster_data/images/session_20260720_090735/raster_0001.jpg
1,34.63056836817704,140.07352590655714,15231.604637306626,1784563735.493896,raster_data/images/session_20260720_090735/raster_0001.jpg
1,34.846808559488174,140.41494341210083,20791.79284819068,1784563735.5043743,raster_data/images/session_20260720_090735/raster_0001.jpg
1,35.22987621754701,141.01976161669037,14198.549145101948,1784563735.5146465,raster_data/images/session_20260720_090735/raster_0001.jpg
1,35.79156955088262,141.90660848629943,19212.60916598095,1784563735.5250676,raster_data/images/session_20260720_090735/raster_0001.jpg
1,36.52666220953819,143.06723223686086,17591.67865081878,1784563735.535477,raster_data/images/session_20260720_090735/raster_0001.jpg
1,37.18249022597192,144.10270655862686,15130.861057541186,1784563735.5431786,raster_data/images/session_20260720_090735/raster_0001.jpg
1,38.22489183908104,145.74853454446293,20731.06090294201,1784563735.5536313,raster_data/images/session_20260720_090735/raster_0001.jpg
1,39.677896332089226,148.04265557043266,14216.513552436008,1784563735.5659451,raster_data/images/session_20260720_090735/raster_0001.jpg
1,40.71888971889318,149.68626013466778,19193.62405368473,1784563735.5737073,raster_data/images/session_20260720_090735/raster_0001.jpg
1,42.48082489955877,152.46814591947515,17561.771995427414,1784563735.5854707,raster_data/images/session_20260720_090735/raster_0001.jpg
1,43.94947433231992,154.7869684418339,15059.871027422781,1784563735.5951414,raster_data/images/session_20260720_090735/raster_0001.jpg
1,45.363746328443355,157.0199354686803,20736.368568745253,1784563735.60556,raster_data/images/session_20260720_090735/raster_0001.jpg
1,46.32328344995432,158.5349302923366,14157.363699878693,1784563735.613489,raster_data/images/session_20260720_090735/raster_0001.jpg
1,47.42767448050601,160.27863218470696,19106.813096652804,1784563735.6238766,raster_data/images/session_20260720_090735/raster_0001.jpg
1,48.35924607164201,161.7494727668972,17738.09877764099,1784563735.634269,raster_data/images/session_20260720_090735/raster_0001.jpg
1,49.169198054945895,163.02829047452616,14974.94837457086,1784563735.6454704,raster_data/images/session_20260720_090735/raster_0001.jpg
1,49.616104985711075,163.73390328677382,20743.768679720928,1784563735.653307,raster_data/images/session_20260720_090735/raster_0001.jpg
1,50.0526973836639,164.42323068028278,14109.49263715327,1784563735.6635816,raster_data/images/session_20260720_090735/raster_0001.jpg
1,50.323503656278625,164.8508015287966,19122.685058814433,1784563735.674065,raster_data/images/session_20260720_090735/raster_0001.jpg
1,50.41775968578709,164.99962057248183,17567.794154704174,1784563735.6843686,raster_data/images/session_20260720_090735/raster_0001.jpg
1,50.582885094215015,165.0,14985.206459440595,1784563735.6954002,raster_data/images/session_20260720_090735/raster_0001.jpg
1,50.92592841527722,165.0,20784.03549047824,1784563735.7033174,raster_data/images/session_20260720_090735/raster_0001.jpg
1,51.756027349552845,165.0,14107.60433297327,1784563735.7147825,raster_data/images/session_20260720_090735/raster_0001.jpg
1,52.83765960224353,165.0,19222.254827873385,1784563735.7250793,raster_data/images/session_20260720_090735/raster_0001.jpg
1,54.252177525781356,165.0,17606.478872770134,1784563735.7354739,raster_data/images/session_20260720_090735/raster_0001.jpg
1,55.507623057648686,165.0,15074.620214126031,1784563735.743166,raster_data/images/session_20260720_090735/raster_0001.jpg
1,57.50590207882728,165.0,20832.263799940418,1784563735.7536564,raster_data/images/session_20260720_090735/raster_0001.jpg
1,60.02988215154117,165.0,14251.829944126832,1784563735.7649653,raster_data/images/session_20260720_090735/raster_0001.jpg
1,63.41050734443063,165.0,19214.446434912843,1784563735.777984,raster_data/images/session_20260720_090735/raster_0001.jpg
1,66.34851276923706,165.0,17725.646177102608,1784563735.7880175,raster_data/images/session_20260720_090735/raster_0001.jpg
1,69.38019573737671,165.0,15135.811476607672,1784563735.7981231,raster_data/images/session_20260720_090735/raster_0001.jpg
1,72.40887463141968,165.0,20828.997544061498,1784563735.8082187,raster_data/images/session_20260720_090735/raster_0001.jpg
1,75.5484896903186,165.0,14334.813257550644,1784563735.818684,raster_data/images/session_20260720_090735/raster_0001.jpg
1,78.58088791419556,165.0,19231.7473840215,1784563735.828792,raster_data/images/session_20260720_090735/raster_0001.jpg
1,80.9892970328479,165.0,17766.576446085324,1784563735.8368201,raster_data/images/session_20260720_090735/raster_0001.jpg
1,84.04122173835327,165.0,15103.965481788202,1784563735.8469932,raster_data/images/session_20260720_090735/raster_0001.jpg
1,87.18269646216919,165.0,20890.852264768546,1784563735.8574648,raster_data/images/session_20260720_090735/raster_0001.jpg
1,90.39970219184448,165.0,14251.472697390076,1784563735.8681881,raster_data/images/session_20260720_090735/raster_0001.jpg
1,93.4273082022815,165.0,19198.676543247435,1784563735.8782802,raster_data/images/session_20260720_090735/raster_0001.jpg
1,96.47773087073853,165.0,17786.633298591816,1784563735.8884482,raster_data/images/session_20260720_090735/raster_0001.jpg
1,98.93534958411743,165.0,15041.1410913671,1784563735.8966403,raster_data/images/session_20260720_090735/raster_0001.jpg
1,101.93041145850708,165.0,20849.768890041505,1784563735.9066238,raster_data/images/session_20260720_090735/raster_0001.jpg
1,104.02346432258179,165.0,14287.044265321438,1784563735.9136007,raster_data/images/session_20260720_090735/raster_0001.jpg
1,108.9020806555896,165.0,19153.918630656604,1784563735.9298627,raster_data/images/session_20260720_090735/raster_0001.jpg
1,110.28881847907593,165.0,17739.068447355043,1784563735.9344852,raster_data/images/session_20260720_090735/raster_0001.jpg
1,113.55610668708374,165.0,15046.857039155211,1784563735.9453762,raster_data/images/session_20260720_090735/raster_0001.jpg
1,116.18531525184204,165.0,20867.937438367997,1784563735.9541402,raster_data/images/session_20260720_090735/raster_0001.jpg
1,119.95378315497925,165.0,14223.046064193848,1784563735.9667017,raster_data/images/session_20260720_090735/raster_0001.jpg
1,122.28716194678833,165.0,19204.137314795003,1784563735.9744797,raster_data/images/session_20260720_090735/raster_0001.jpg
1,125.33458054114868,165.0,17772.241358625328,1784563735.9846377,raster_data/images/session_20260720_090735/raster_0001.jpg
1,128.78604710151245,165.0,15047.979814613587,1784563735.9961426,raster_data/images/session_20260720_090735/raster_0001.jpg
1,131.55136883307983,165.0,20892.485392708008,1784563736.0053604,raster_data/images/session_20260720_090735/raster_0001.jpg
1,134.77059185554077,165.0,14315.777110006313,1784563736.016091,raster_data/images/session_20260720_090735/raster_0001.jpg
1,137.01177418281128,165.0,19149.172352582555,1784563736.0235617,raster_data/images/session_20260720_090735/raster_0001.jpg
1,140.34157574225952,165.0,17847.875596321566,1784563736.034661,raster_data/images/session_20260720_090735/raster_0001.jpg
1,143.4153157477527,165.0,15031.0871474898,1784563736.0449069,raster_data/images/session_20260720_090735/raster_0001.jpg
1,146.65828526069214,165.0,20894.679908376656,1784563736.0557168,raster_data/images/session_20260720_090735/raster_0001.jpg
1,149.0045386557727,165.0,14308.223893286311,1784563736.0635376,raster_data/images/session_20260720_090735/raster_0001.jpg
1,151.94631397773315,165.0,19196.27788658635,1784563736.0733435,raster_data/images/session_20260720_090735/raster_0001.jpg
1,155.13864338447144,165.0,17918.457344455106,1784563736.0839846,raster_data/images/session_20260720_090735/raster_0001.jpg
1,158.49376499702026,165.0,15027.871926858988,1784563736.0951684,raster_data/images/session_20260720_090735/raster_0001.jpg
1,161.66899979163696,165.0,20867.529156383134,1784563736.1057525,raster_data/images/session_20260720_090735/raster_0001.jpg
1,164.22510922004273,165.0,14269.692280964675,1784563736.1142728,raster_data/images/session_20260720_090735/raster_0001.jpg
1,167.34805882026245,165.0,19102.168889074965,1784563736.1246827,raster_data/images/session_20260720_090735/raster_0001.jpg
1,170.4310327293046,165.0,17838.58718116589,1784563736.1350005,raster_data/images/session_20260720_090735/raster_0001.jpg
1,173.06959734402372,165.0,14986.68648163573,1784563736.1445224,raster_data/images/session_20260720_090735/raster_0001.jpg
1,175.6125141139726,165.0,20830.732742497174,1784563736.154801,raster_data/images/session_20260720_090735/raster_0001.jpg
1,177.47081049629517,165.0,14289.69809822306,1784563736.1632757,raster_data/images/session_20260720_090735/raster_0001.jpg
1,179.50227768382896,165.0,19186.938436182565,1784563736.1739357,raster_data/images/session_20260720_090735/raster_0001.jpg
1,181.1533233865706,165.0,17772.598605362084,1784563736.1843193,raster_data/images/session_20260720_090735/raster_0001.jpg
1,182.46137799125844,165.0,14948.563151298962,1784563736.1945293,raster_data/images/session_20260720_090735/raster_0001.jpg
1,183.48335790194054,165.0,20792.81355315284,1784563736.2050657,raster_data/images/session_20260720_090735/raster_0001.jpg
1,184.0844911365433,165.0,14244.327762654935,1784563736.2139173,raster_data/images/session_20260720_090735/raster_0001.jpg
1,184.5712524027519,165.0,19062.973818527928,1784563736.2294524,raster_data/images/session_20260720_090735/raster_0001.jpg
1,184.56341575597375,165.0123888352796,17774.384839045866,1784563736.235988,raster_data/images/session_20260720_090735/raster_0001.jpg
1,184.17704503021562,165.26995558222518,14900.283806588675,1784563736.2501419,raster_data/images/session_20260720_090735/raster_0001.jpg
1,184.00731360263353,165.38310383270658,20836.09144354853,1784563736.2535872,raster_data/images/session_20260720_090735/raster_0001.jpg
1,183.25096116892834,165.88731189741324,14257.903138651698,1784563736.2647858,raster_data/images/session_20260720_090735/raster_0001.jpg
1,182.0756877570014,166.670785720094,18980.756033825735,1784563736.276941,raster_data/images/session_20260720_090735/raster_0001.jpg
1,180.94170308791843,167.426735182178,17808.32327903777,1784563736.2861354,raster_data/images/session_20260720_090735/raster_0001.jpg
1,179.86442137937513,168.14488468656663,15019.40007567304,1784563736.2936094,raster_data/images/session_20260720_090735/raster_0001.jpg
1,177.86466812043935,169.477982427311,20770.051832496614,1784563736.3054917,raster_data/images/session_20260720_090735/raster_0001.jpg
1,175.88088478346194,170.80043412120557,14238.305603378178,1784563736.3156247,raster_data/images/session_20260720_090735/raster_0001.jpg
1,174.1654927354002,171.94396783144887,18974.12145157168,1784563736.3234851,raster_data/images/session_20260720_090735/raster_0001.jpg
1,171.65995753073935,173.6142355536109,17764.27985992046,1784563736.3338962,raster_data/images/session_20260720_090735/raster_0001.jpg
1,169.05700021894327,175.34944788348403,14868.999199498392,1784563736.3443239,raster_data/images/session_20260720_090735/raster_0001.jpg
1,166.39667155454936,177.12290574199417,20796.9984434977,1784563736.3549814,raster_data/images/session_20260720_090735/raster_0001.jpg
1,163.53673343308787,179.02942947503607,14213.808684286278,1784563736.3664386,raster_data/images/session_20260720_090735/raster_0001.jpg
1,161.5890831373237,180.32779375945037,18951.921118644645,1784563736.374241,raster_data/images/session_20260720_090735/raster_0001.jpg
1,159.02555998849869,182.0367180493716,17836.596806489673,1784563736.3845344,raster_data/images/session_20260720_090735/raster_0001.jpg
1,156.68620822898555,183.59620271653142,14855.47485874974,1784563736.3946352,raster_data/images/session_20260720_090735/raster_0001.jpg
1,154.35316705614866,185.15148055027154,20792.30320067176,1784563736.4060285,raster_data/images/session_20260720_090735/raster_0001.jpg
1,152.9598735721545,186.08029333625242,14264.282544665217,1784563736.4137287,raster_data/images/session_20260720_090735/raster_0001.jpg
1,151.4439783822341,187.0908362339115,18974.427663060327,1784563736.4232347,raster_data/images/session_20260720_090735/raster_0001.jpg
1,150.03771983931944,188.0282919315507,17821.184161561017,1784563736.4336855,raster_data/images/session_20260720_090735/raster_0001.jpg
1,148.92515596476008,188.76996162553993,14908.398411037864,1784563736.4439163,raster_data/images/session_20260720_090735/raster_0001.jpg
1,147.93638153932392,189.4291094212816,20823.791948754468,1784563736.4561715,raster_data/images/session_20260720_090735/raster_0001.jpg
1,147.4376851573178,189.76155594547106,14278.674484631705,1784563736.4654372,raster_data/images/session_20260720_090735/raster_0001.jpg
1,147.1670757593845,189.94195258960556,19009.080596525746,1784563736.4740133,raster_data/images/session_20260720_090735/raster_0001.jpg
1,147.06833919340713,190.0,17899.47223215888,1784563736.4851542,raster_data/images/session_20260720_090735/raster_0001.jpg
1,146.82646778145968,190.0,14891.6588496584,1784563736.4953668,raster_data/images/session_20260720_090735/raster_0001.jpg
1,146.26346144305722,190.0,20892.68953370044,1784563736.5056975,raster_data/images/session_20260720_090735/raster_0001.jpg
1,145.3891352546973,190.0,14359.71845862741,1784563736.5159404,raster_data/images/session_20260720_090735/raster_0001.jpg
1,144.53548725825854,190.0,19020.359386357643,1784563736.5235527,raster_data/images/session_20260720_090735/raster_0001.jpg
1,142.9887907994868,190.0,17993.836405910806,1784563736.5345912,raster_data/images/session_20260720_090735/raster_0001.jpg
1,141.2763080903948,190.0,14956.626720500044,1784563736.5445683,raster_data/images/session_20260720_090735/raster_0001.jpg
1,138.01884038003342,190.0,20905.142134238824,1784563736.5600884,raster_data/images/session_20260720_090735/raster_0001.jpg
1,137.2651443704522,190.0,14437.649282488515,1784563736.5632563,raster_data/images/session_20260720_090735/raster_0001.jpg
1,133.9809331235933,190.0,19065.780757173874,1784563736.575815,raster_data/images/session_20260720_090735/raster_0001.jpg
1,131.31324464273624,190.0,18015.67949210108,1784563736.5849218,raster_data/images/session_20260720_090735/raster_0001.jpg
1,128.27784234476258,190.0,14980.511216614646,1784563736.5950398,raster_data/images/session_20260720_090735/raster_0001.jpg
1,124.69762975168398,190.0,20956.789805324246,1784563736.606974,raster_data/images/session_20260720_090735/raster_0001.jpg
1,122.62338811350038,190.0,14385.695399914446,1784563736.613888,raster_data/images/session_20260720_090735/raster_0001.jpg
1,119.25460511636904,190.0,19052.715733658195,1784563736.6251173,raster_data/images/session_20260720_090735/raster_0001.jpg
1,115.98002129984071,190.0,18045.126830259473,1784563736.6360326,raster_data/images/session_20260720_090735/raster_0001.jpg
1,113.77059632730654,190.0,14928.659404536791,1784563736.6433973,raster_data/images/session_20260720_090735/raster_0001.jpg
1,110.48664266061952,190.0,20932.548062472888,1784563736.6543438,raster_data/images/session_20260720_090735/raster_0001.jpg
1,105.88132554483583,190.0,14440.456221134464,1784563736.669695,raster_data/images/session_20260720_090735/raster_0001.jpg
1,104.05284577799013,190.0,19013.826874599803,1784563736.6757898,raster_data/images/session_20260720_090735/raster_0001.jpg
1,101.10686168281472,190.0,18028.387268880007,1784563736.6858044,raster_data/images/session_20260720_090735/raster_0001.jpg
1,98.93954745142005,190.0,14923.351738733545,1784563736.693855,raster_data/images/session_20260720_090735/raster_0001.jpg
1,96.25108211100635,190.0,21009.917498604806,1784563736.7050405,raster_data/images/session_20260720_090735/raster_0001.jpg
1,93.28642782429529,190.0,14368.037204069033,1784563736.7197528,raster_data/images/session_20260720_090735/raster_0001.jpg
1,92.53421850427144,190.0,19003.7729307225,1784563736.724103,raster_data/images/session_20260720_090735/raster_0001.jpg
1,90.8468095314233,190.0,18019.35402996487,1784563736.7353935,raster_data/images/session_20260720_090735/raster_0001.jpg
1,89.67679773423525,190.0,14855.270717757307,1784563736.7453432,raster_data/images/session_20260720_090735/raster_0001.jpg
1,88.94262531319538,190.0,20907.18354416315,1784563736.7534556,raster_data/images/session_20260720_090735/raster_0001.jpg
1,88.29796843657503,190.0,14369.057909031195,1784563736.7636921,raster_data/images/session_20260720_090735/raster_0001.jpg
1,87.95797071838987,190.0,18915.430916247336,1784563736.7745347,raster_data/images/session_20260720_090735/raster_0001.jpg
2,117.50500452114694,15.00200988013741,14957.03500248491,1784563756.026817,raster_data/images/session_20260720_090735/raster_0002.jpg
2,117.63260961801818,15.053257730251964,17998.786824977295,1784563756.0346816,raster_data/images/session_20260720_090735/raster_0002.jpg
2,118.05436140711204,15.222638679782824,18940.693364060855,1784563756.0448775,raster_data/images/session_20260720_090735/raster_0002.jpg
2,118.77046724993859,15.51023600778269,14327.617287567398,1784563756.0551324,raster_data/images/session_20260720_090735/raster_0002.jpg
2,119.69907224490652,15.883175731701119,20899.17101021017,1784563756.0646684,raster_data/images/session_20260720_090735/raster_0002.jpg
2,121.0025121449618,16.40665398036988,14925.75039539463,1784563756.0750835,raster_data/images/session_20260720_090735/raster_0002.jpg
2,122.63087383500674,17.060625004018835,18008.075240132974,1784563756.0856345,raster_data/images/session_20260720_090735/raster_0002.jpg
2,124.51556165472297,17.817539902136165,18967.384798821404,1784563756.0959148,raster_data/images/session_20260720_090735/raster_0002.jpg
2,126.69042122228791,18.690991510822627,14282.093846254953,1784563756.1061773,raster_data/images/session_20260720_090735/raster_0002.jpg
2,129.20109548640815,19.699310626037423,20899.222045458282,1784563756.116607,raster_data/images/session_20260720_090735/raster_0002.jpg
2,131.2606619371969,20.526459034360748,14979.592582148702,1784563756.124349,raster_data/images/session_20260720_090735/raster_0002.jpg
2,134.1791519808283,21.69856221819961,17916.72214601943,1784563756.1348343,raster_data/images/session_20260720_090735/raster_0002.jpg
2,136.87508438833248,22.781283389424924,19025.156699679806,1784563756.1445184,raster_data/images/session_20260720_090735/raster_0002.jpg
2,139.99878981189764,24.035803712468333,14283.880079938735,1784563756.155739,raster_data/images/session_20260720_090735/raster_0002.jpg
2,142.85089753465263,25.18124690141715,20870.948518006382,1784563756.1659842,raster_data/images/session_20260720_090735/raster_0002.jpg
2,145.75776285837745,26.348681448046328,14985.461635681137,1784563756.176426,raster_data/images/session_20260720_090735/raster_0002.jpg
2,147.89111899216047,27.205464743273176,17936.778998525922,1784563756.1840892,raster_data/images/session_20260720_090735/raster_0002.jpg
2,150.76552799240136,28.359864412440906,19009.080596525746,1784563756.1944144,raster_data/images/session_20260720_090735/raster_0002.jpg
2,153.6813536508303,29.530897544872325,14279.746224841976,1784563756.2048883,raster_data/images/session_20260720_090735/raster_0002.jpg
2,157.03829326810194,30.879087723538504,20895.241296105844,1784563756.2169468,raster_data/images/session_20260720_090735/raster_0002.jpg
2,159.2017163027811,31.747946273346205,14989.748596522217,1784563756.224718,raster_data/images/session_20260720_090735/raster_0002.jpg
2,162.07280666053896,32.901013132957544,17874.56703108212,1784563756.2350314,raster_data/images/session_20260720_090735/raster_0002.jpg
2,165.20587065590624,34.15929197894996,19090.99216973929,1784563756.2462857,raster_data/images/session_20260720_090735/raster_0002.jpg
2,167.81896644946315,35.208744899300854,14243.40912818899,1784563756.2559476,raster_data/images/session_20260720_090735/raster_0002.jpg
2,170.31636763769393,36.211733376316865,20873.296139419355,1784563756.266206,raster_data/images/session_20260720_090735/raster_0002.jpg
2,172.5735607875779,37.11825121189814,15043.335607035751,1784563756.276728,raster_data/images/session_20260720_090735/raster_0002.jpg
2,174.19572531216386,37.76973337409591,17856.80676474049,1784563756.285363,raster_data/images/session_20260720_090735/raster_0002.jpg
2,175.87478066711867,38.444063626370976,19063.841417745767,1784563756.295769,raster_data/images/session_20260720_090735/raster_0002.jpg
2,177.24979636683392,38.99628763788732,14259.076949358185,1784563756.306153,raster_data/images/session_20260720_090735/raster_0002.jpg
2,178.32210094567003,39.42693896515206,20868.856072833947,1784563756.3165088,raster_data/images/session_20260720_090735/raster_0002.jpg
2,178.92705364810666,39.66989576061731,15015.215185328172,1784563756.324226,raster_data/images/session_20260720_090735/raster_0002.jpg
2,179.47749246800595,39.89095907886309,17831.18707019021,1784563756.33456,raster_data/images/session_20260720_090735/raster_0002.jpg
2,179.7304665051149,39.99255670979248,19066.240074406847,1784563756.3448772,raster_data/images/session_20260720_090735/raster_0002.jpg
2,179.69445208765416,40.0,14168.081101981397,1784563756.3545566,raster_data/images/session_20260720_090735/raster_0002.jpg
2,179.3479191311769,40.0,20869.06021382638,1784563756.3648782,raster_data/images/session_20260720_090735/raster_0002.jpg
2,178.68637178693285,40.0,14986.635446387621,1784563756.3751423,raster_data/images/session_20260720_090735/raster_0002.jpg
2,177.69078856878687,40.0,17689.207009953407,1784563756.3855686,raster_data/images/session_20260720_090735/raster_0002.jpg
2,176.39047315496947,40.0,19052.409522169546,1784563756.3958445,raster_data/images/session_20260720_090735/raster_0002.jpg
2,174.7714839032367,40.0,14150.473941384096,1784563756.4061313,raster_data/images/session_20260720_090735/raster_0002.jpg
2,172.64711463613313,40.0,20734.071982580383,1784563756.4173346,raster_data/images/session_20260720_090735/raster_0002.jpg
2,170.70946598422836,40.0,15026.136728423311,1784563756.4261558,raster_data/images/session_20260720_090735/raster_0002.jpg
2,168.15015036901286,40.0,17697.219543906383,1784563756.4364612,raster_data/images/session_20260720_090735/raster_0002.jpg
2,165.98090561752306,40.0,19067.618026105767,1784563756.444332,raster_data/images/session_20260720_090735/raster_0002.jpg
2,162.9201787268638,40.0,14141.951054950037,1784563756.4546223,raster_data/images/session_20260720_090735/raster_0002.jpg
2,159.77598603124613,40.0,20790.210755499327,1784563756.465103,raster_data/images/session_20260720_090735/raster_0002.jpg
2,156.68772633428568,40.0,14999.751505151411,1784563756.475397,raster_data/images/session_20260720_090735/raster_0002.jpg
2,153.5662787711143,40.0,17791.634752906415,1784563756.485802,raster_data/images/session_20260720_090735/raster_0002.jpg
2,150.918759659481,40.0,19091.961839453343,1784563756.494627,raster_data/images/session_20260720_090735/raster_0002.jpg
2,147.8339331900596,40.0,14097.29521285543,1784563756.5049098,raster_data/images/session_20260720_090735/raster_0002.jpg
2,144.7100537573814,40.0,20736.57270973768,1784563756.5153227,raster_data/images/session_20260720_090735/raster_0002.jpg
2,141.4195912634849,40.0,15065.740080955216,1784563756.526291,raster_data/images/session_20260720_090735/raster_0002.jpg
2,138.29521115179057,40.0,17604.64160383824,1784563756.5367055,raster_data/images/session_20260720_090735/raster_0002.jpg
2,136.0149043356895,40.0,19131.76933297768,1784563756.5443065,raster_data/images/session_20260720_090735/raster_0002.jpg
2,132.82808239812846,40.0,14144.196605866797,1784563756.5549293,raster_data/images/session_20260720_090735/raster_0002.jpg
2,129.70756466741557,40.0,20788.42452181554,1784563756.565331,raster_data/images/session_20260720_090735/raster_0002.jpg
2,126.83681424016946,40.0,15098.9129922255,1784563756.5749002,raster_data/images/session_20260720_090735/raster_0002.jpg
2,123.7372535025596,40.0,17678.99996033178,1784563756.585232,raster_data/images/session_20260720_090735/raster_0002.jpg
2,120.66780503149026,40.0,19215.875421859873,1784563756.5954635,raster_data/images/session_20260720_090735/raster_0002.jpg
2,117.30066712255471,40.0,14175.889494941943,1784563756.6066873,raster_data/images/session_20260720_090735/raster_0002.jpg
2,114.97851784582132,40.0,20855.280696837184,1784563756.6144278,raster_data/images/session_20260720_090735/raster_0002.jpg
2,111.83532650823587,40.0,15200.115889223911,1784563756.624905,raster_data/images/session_20260720_090735/raster_0002.jpg
2,108.76823838109964,40.0,17659.402425058262,1784563756.6351287,raster_data/images/session_20260720_090735/raster_0002.jpg
2,105.5607455527305,40.0,19342.340766671805,1784563756.6458204,raster_data/images/session_20260720_090735/raster_0002.jpg
2,102.47785027379983,40.0,14219.16738533763,1784563756.6560967,raster_data/images/session_20260720_090735/raster_0002.jpg
2,99.35254032964701,40.0,20886.565303927466,1784563756.6665144,raster_data/images/session_20260720_090735/raster_0002.jpg
2,97.05764229650492,40.0,15286.875811007723,1784563756.674164,raster_data/images/session_20260720_090735/raster_0002.jpg
2,93.97024090642924,40.0,17701.149258010708,1784563756.6844554,raster_data/images/session_20260720_090735/raster_0002.jpg
2,90.78978474493022,40.0,19342.595942912347,1784563756.695057,raster_data/images/session_20260720_090735/raster_0002.jpg
2,87.7349274909019,40.0,14290.157415456033,1784563756.7052398,raster_data/images/session_20260720_090735/raster_0002.jpg
2,84.86074383611674,40.0,20900.140679924225,1784563756.7148204,raster_data/images/session_20260720_090735/raster_0002.jpg
2,81.77098210210795,40.0,15274.882527702313,1784563756.7251196,raster_data/images/session_20260720_090735/raster_0002.jpg
2,78.61355717535014,40.0,17662.464539944747,1784563756.7356443,raster_data/images/session_20260720_090735/raster_0002.jpg
2,75.53037579412455,40.0,19376.942664889117,1784563756.7459216,raster_data/images/session_20260720_090735/raster_0002.jpg
2,72.40320618505473,40.0,14169.10180694356,1784563756.7563455,raster_data/images/session_20260720_090735/raster_0002.jpg
2,69.31998883044437,40.0,20845.686070192856,1784563756.7666726,raster_data/images/session_20260720_090735/raster_0002.jpg
2,67.15717173359815,40.0,15270.187284876367,1784563756.7744272,raster_data/images/session_20260720_090735/raster_0002.jpg
2,64.24729015323678,40.0,17539.87787398903,1784563756.7860758,raster_data/images/session_20260720_090735/raster_0002.jpg
2,62.23400234884444,40.0,19382.505506932903,1784563756.7952895,raster_data/images/session_20260720_090735/raster_0002.jpg
2,60.26265904582034,40.0,14162.926541922478,1784563756.8057172,raster_data/images/session_20260720_090735/raster_0002.jpg
2,58.63887472795936,40.0,20795.82463279122,1784563756.815995,raster_data/images/session_20260720_090735/raster_0002.jpg
2,57.52961566167484,40.0,15277.944642588804,1784563756.8245442,raster_data/images/session_20260720_090735/raster_0002.jpg
2,56.44591926957516,40.0,17532.63086875768,1784563756.8352952,raster_data/images/session_20260720_090735/raster_0002.jpg
2,55.729995263940395,40.0,19366.072157042083,1784563756.8456497,raster_data/images/session_20260720_090735/raster_0002.jpg
2,55.34032801980307,40.0,14109.288496160836,1784563756.8558025,raster_data/images/session_20260720_090735/raster_0002.jpg
2,55.24451501930305,40.008823583184046,20787.914169334457,1784563756.8662214,raster_data/images/session_20260720_090735/raster_0002.jpg
2,55.09767571918951,40.20861581692948,15266.972064245556,1784563756.8766572,raster_data/images/session_20260720_090735/raster_0002.jpg
2,54.84237319332766,40.55598509670232,17439.49154096035,1784563756.884967,raster_data/images/session_20260720_090735/raster_0002.jpg
2,54.33927012713971,41.24051631770475,19392.91669754696,1784563756.8955562,raster_data/images/session_20260720_090735/raster_0002.jpg
2,53.65087934370377,42.17715339106377,14090.303383864613,1784563756.905961,raster_data/images/session_20260720_090735/raster_0002.jpg
2,52.77795425646863,43.36487120867988,20711.25922667606,1784563756.9162827,raster_data/images/session_20260720_090735/raster_0002.jpg
2,51.880660957613934,44.58574486010948,15281.670215700695,1784563756.9251153,raster_data/images/session_20260720_090735/raster_0002.jpg
2,50.658588323899025,46.24851920662482,17404.27721976574,1784563756.9354205,raster_data/images/session_20260720_090735/raster_0002.jpg
2,49.23777448968427,48.18170446053626,19363.112112651812,1784563756.9457946,raster_data/images/session_20260720_090735/raster_0002.jpg
2,47.63430854218576,50.36340951591141,14186.300685555996,1784563756.9561167,raster_data/images/session_20260720_090735/raster_0002.jpg
2,45.839757636557366,52.805108255473264,20723.711827214436,1784563756.9664915,raster_data/images/session_20260720_090735/raster_0002.jpg
2,44.514068918719865,54.60886453858732,15259.776094262312,1784563756.9742181,raster_data/images/session_20260720_090735/raster_0002.jpg
2,42.88444811143899,56.82615637389927,17393.355676670602,1784563756.9847035,raster_data/images/session_20260720_090735/raster_0002.jpg
2,41.47237200095229,58.74745292131233,19434.56146000319,1784563756.995015,raster_data/images/session_20260720_090735/raster_0002.jpg
2,40.335976549848866,60.29365332827791,14001.451016908368,1784563757.0045385,raster_data/images/session_20260720_090735/raster_0002.jpg
2,39.27825492267523,61.73280869343198,20761.375840318236,1784563757.0149474,raster_data/images/session_20260720_090735/raster_0002.jpg
2,38.36004802975485,62.98213776293288,15318.466629586655,1784563757.0260797,raster_data/images/session_20260720_090735/raster_0002.jpg
2,37.699188687750535,63.881315054219925,17331.1437092268,1784563757.0365162,raster_data/images/session_20260720_090735/raster_0002.jpg
2,37.33484096528608,64.3770532201942,19452.78104357779,1784563757.0442367,raster_data/images/session_20260720_090735/raster_0002.jpg
2,37.01382714366196,64.81383048919403,14050.291749347844,1784563757.0545282,raster_data/images/session_20260720_090735/raster_0002.jpg
2,36.88048177712565,64.9952626304484,20742.85004525499,1784563757.0649593,raster_data/images/session_20260720_090735/raster_0002.jpg
2,37.009874916436374,65.0,15300.144975515837,1784563757.076351,raster_data/images/session_20260720_090735/raster_0002.jpg
2,37.452887914347905,65.0,17362.530386813294,1784563757.086533,raster_data/images/session_20260720_090735/raster_0002.jpg
2,38.00873845001915,65.0,19483.300121946446,1784563757.094407,raster_data/images/session_20260720_090735/raster_0002.jpg
2,39.01622123388389,65.0,14034.11357569757,1784563757.1047034,raster_data/images/session_20260720_090735/raster_0002.jpg
2,40.363783536752564,65.0,20772.34841866148,1784563757.1151524,raster_data/images/session_20260720_090735/raster_0002.jpg
2,42.179426139596295,65.0,15379.351680579646,1784563757.1263945,raster_data/images/session_20260720_090735/raster_0002.jpg
2,43.674429235450425,65.0,17307.769565593277,1784563757.1342564,raster_data/images/session_20260720_090735/raster_0002.jpg
2,46.165762768189765,65.0,19542.705150744307,1784563757.1456316,raster_data/images/session_20260720_090735/raster_0002.jpg
2,48.78641016403647,65.0,14046.719281980279,1784563757.1560435,raster_data/images/session_20260720_090735/raster_0002.jpg
2,51.711508197427904,65.0,20702.99151648254,1784563757.166386,raster_data/images/session_20260720_090735/raster_0002.jpg
2,54.036560181676094,65.0,15509.083281270501,1784563757.1741376,raster_data/images/session_20260720_090735/raster_0002.jpg
2,57.14570534616584,65.0,17272.708350142995,1784563757.1845014,raster_data/images/session_20260720_090735/raster_0002.jpg
2,60.248842362462234,65.0,19489.373316471316,1784563757.1948452,raster_data/images/session_20260720_090735/raster_0002.jpg
2,63.38030350595589,65.0,14003.186215344043,1784563757.2052834,raster_data/images/session_20260720_090735/raster_0002.jpg
2,66.77726757913703,65.0,20706.155701865242,1784563757.2166066,raster_data/images/session_20260720_090735/raster_0002.jpg
2,69.12130368143195,65.0,15380.015138805053,1784563757.22442,raster_data/images/session_20260720_090735/raster_0002.jpg
2,72.21256745248908,65.0,17227.64422606352,1784563757.2347243,raster_data/images/session_20260720_090735/raster_0002.jpg
2,75.35583031564826,65.0,19576.898766976752,1784563757.2452018,raster_data/images/session_20260720_090735/raster_0002.jpg
2,78.44087136179084,65.0,13982.516939860254,1784563757.2554853,raster_data/images/session_20260720_090735/raster_0002.jpg
2,81.74978745370979,65.0,20703.144622226864,1784563757.266515,raster_data/images/session_20260720_090735/raster_0002.jpg
2,84.0898181238758,65.0,15452.740367359133,1784563757.274315,raster_data/images/session_20260720_090735/raster_0002.jpg
2,87.5688220301258,65.0,17327.82641809977,1784563757.2859118,raster_data/images/session_20260720_090735/raster_0002.jpg
2,90.15096676736945,65.0,19574.551145563775,1784563757.294519,raster_data/images/session_20260720_090735/raster_0002.jpg
2,93.30402863412971,65.0,14032.174236269459,1784563757.3050292,raster_data/images/session_20260720_090735/raster_0002.jpg
2,96.3130379953968,65.0,20712.739248871192,1784563757.3150592,raster_data/images/session_20260720_090735/raster_0002.jpg
2,99.44356930643195,65.0,15460.548760319674,1784563757.3254943,raster_data/images/session_20260720_090735/raster_0002.jpg
2,102.57996571451301,65.0,17232.594645130008,1784563757.335949,raster_data/images/session_20260720_090735/raster_0002.jpg
2,105.66522133737678,65.0,19659.014481182723,1784563757.3462331,raster_data/images/session_20260720_090735/raster_0002.jpg
2,110.00303280740852,65.0,14028.754874646214,1784563757.3606925,raster_data/images/session_20260720_090735/raster_0002.jpg
2,112.2915650644886,65.0,20761.733087054992,1784563757.368321,raster_data/images/session_20260720_090735/raster_0002.jpg
2,114.74632275491828,65.0,15535.31539879808,1784563757.3765035,raster_data/images/session_20260720_090735/raster_0002.jpg
2,117.87828457742805,65.0,17202.12660200946,1784563757.3869433,raster_data/images/session_20260720_090735/raster_0002.jpg
2,120.16681683450813,65.0,19720.4098846568,1784563757.3945718,raster_data/images/session_20260720_090735/raster_0002.jpg
2,123.27360165506477,65.0,14062.693314638118,1784563757.4049277,raster_data/images/session_20260720_090735/raster_0002.jpg
2,126.60712254434699,65.0,20719.88418360633,1784563757.4160395,raster_data/images/session_20260720_090735/raster_0002.jpg
2,129.7424460688221,65.0,15547.053505862948,1784563757.4264905,raster_data/images/session_20260720_090735/raster_0002.jpg
2,132.1573640146839,65.0,17191.154023666208,1784563757.4345403,raster_data/images/session_20260720_090735/raster_0002.jpg
2,135.26836884409065,65.0,19703.159970796252,1784563757.4449103,raster_data/images/session_20260720_090735/raster_0002.jpg
2,138.35727227121467,65.0,14037.58397256892,1784563757.4552066,raster_data/images/session_20260720_090735/raster_0002.jpg
2,141.48472798257941,65.0,20774.389828585805,1784563757.4656315,raster_data/images/session_20260720_090735/raster_0002.jpg
2,144.56948292642707,65.0,15599.21152942945,1784563757.475914,raster_data/images/session_20260720_090735/raster_0002.jpg
2,147.67712605386848,65.0,17148.080274262953,1784563757.4862728,raster_data/images/session_20260720_090735/raster_0002.jpg
2,150.82646859079475,65.0,19767.311277668166,1784563757.4967706,raster_data/images/session_20260720_090735/raster_0002.jpg
2,153.6907817164051,65.0,14039.268135756489,1784563757.5063183,raster_data/images/session_20260720_090735/raster_0002.jpg
2,156.7782546320545,65.0,20666.19510259658,1784563757.51661,raster_data/images/session_20260720_090735/raster_0002.jpg
2,159.13480770975227,65.0,15621.769109093242,1784563757.524465,raster_data/images/session_20260720_090735/raster_0002.jpg
2,162.44114888101691,65.0,17080.05028853482,1784563757.5354862,raster_data/images/session_20260720_090735/raster_0002.jpg
2,165.34286988168833,65.0,19847.79386393468,1784563757.5451586,raster_data/images/session_20260720_090735/raster_0002.jpg
2,168.46517575174448,65.0,14011.862207522427,1784563757.5555663,raster_data/images/session_20260720_090735/raster_0002.jpg
2,171.5630198755848,65.0,20633.27736756684,1784563757.5658925,raster_data/images/session_20260720_090735/raster_0002.jpg
2,174.45730221658823,65.0,15566.395864895927,1784563757.57554,raster_data/images/session_20260720_090735/raster_0002.jpg
2,177.82207978159067,65.0,17009.00922316831,1784563757.586756,raster_data/images/session_20260720_090735/raster_0002.jpg
2,180.13450158029673,65.0,19746.437861191942,1784563757.594464,raster_data/images/session_20260720_090735/raster_0002.jpg
2,183.22209638713502,65.0,13930.205810549425,1784563757.6047566,raster_data/images/session_20260720_090735/raster_0002.jpg
2,186.1828256631858,65.0,20587.54978526196,1784563757.6152062,raster_data/images/session_20260720_090735/raster_0002.jpg
2,188.80170989165512,65.0,15616.869725274864,1784563757.6255956,raster_data/images/session_20260720_090735/raster_0002.jpg
2,191.08184120746054,65.0,16931.792892780715,1784563757.6359122,raster_data/images/session_20260720_090735/raster_0002.jpg
2,192.76636881040687,65.0,19733.270767180045,1784563757.6446671,raster_data/images/session_20260720_090735/raster_0002.jpg
2,194.47185205525594,65.0,13930.0527048051,1784563757.6550891,raster_data/images/session_20260720_090735/raster_0002.jpg
2,195.83606337506478,65.0,20558.2555528479,1784563757.6653793,raster_data/images/session_20260720_090735/raster_0002.jpg
2,196.8920976531765,65.0,15574.71461033755,1784563757.6757796,raster_data/images/session_20260720_090735/raster_0002.jpg
2,197.61583830442163,65.0,16920.769279189364,1784563757.686038,raster_data/images/session_20260720_090735/raster_0002.jpg
2,198.02989491496643,65.0,19710.917328508687,1784563757.6965473,raster_data/images/session_20260720_090735/raster_0002.jpg
2,198.12295991711295,65.0,14027.376922947296,1784563757.7042623,raster_data/images/session_20260720_090735/raster_0002.jpg
2,198.18891693080516,65.20299621460083,20539.423546295995,1784563757.7163541,raster_data/images/session_20260720_090735/raster_0002.jpg
2,198.30410875134362,65.55773820936074,15607.581310119185,1784563757.7241979,raster_data/images/session_20260720_090735/raster_0002.jpg
2,198.54950005537592,66.31343944129068,16808.236557110944,1784563757.7347677,raster_data/images/session_20260720_090735/raster_0002.jpg
2,198.89168639617063,67.36722836958187,19774.966564884384,1784563757.7451599,raster_data/images/session_20260720_090735/raster_0002.jpg
2,199.333213642535,68.72694519134949,13882.794065056978,1784563757.7555368,raster_data/images/session_20260720_090735/raster_0002.jpg
2,199.8737095715492,70.39144361772973,20485.019971812733,1784563757.7658997,raster_data/images/session_20260720_090735/raster_0002.jpg
2,200.5071240813935,72.34209189884668,15619.727699168918,1784563757.7761636,raster_data/images/session_20260720_090735/raster_0002.jpg
2,201.12066290420776,74.2315314862274,16844.82883000447,1784563757.7848663,raster_data/images/session_20260720_090735/raster_0002.jpg
2,201.97515125615558,76.8629935210507,19724.441669257343,1784563757.7956133,raster_data/images/session_20260720_090735/raster_0002.jpg
2,202.84545297968498,79.54315403943393,13907.393054645094,1784563757.8060205,raster_data/images/session_20260720_090735/raster_0002.jpg
2,203.61241455300876,81.90507068554064,20471.08734907922,1784563757.8163073,raster_data/images/session_20260720_090735/raster_0002.jpg
2,204.18746352532705,83.675977843456,15775.487276394917,1784563757.8250546,raster_data/images/session_20260720_090735/raster_0002.jpg
2,204.77474925139313,85.484569017594,16748.321175832003,1784563757.8353748,raster_data/images/session_20260720_090735/raster_0002.jpg
2,205.2635155058863,86.98976196688305,19800.331083194123,1784563757.8456988,raster_data/images/session_20260720_090735/raster_0002.jpg
2,205.65261409754584,88.18802074878613,13842.731395292098,1784563757.8559952,raster_data/images/session_20260720_090735/raster_0002.jpg
2,205.90651460776783,88.96992673000682,20462.870674133806,1784563757.864763,raster_data/images/session_20260720_090735/raster_0002.jpg
2,206.11554441212994,89.61364995112689,15678.418234493263,1784563757.8751771,raster_data/images/session_20260720_090735/raster_0002.jpg
2,206.2274935353066,89.95840581210453,16764.754525722823,1784563757.8862338,raster_data/images/session_20260720_090735/raster_0002.jpg
2,206.2021313576242,90.0,19776.75279856817,1784563757.8967237,raster_data/images/session_20260720_090735/raster_0002.jpg
2,205.99042200401902,90.0,13947.200548169429,1784563757.9045582,raster_data/images/session_20260720_090735/raster_0002.jpg
2,205.433358911051,90.0,20470.62803184624,1784563757.9148374,raster_data/images/session_20260720_090735/raster_0002.jpg
2,204.54541618697564,90.0,15727.616213669495,1784563757.9252546,raster_data/images/session_20260720_090735/raster_0002.jpg
2,203.20777574046363,90.0,16835.999732081764,1784563757.9366016,raster_data/images/session_20260720_090735/raster_0002.jpg
2,202.08071831625185,90.0,19862.23683914928,1784563757.9442976,raster_data/images/session_20260720_090735/raster_0002.jpg
2,200.29220171266,90.0,13986.905971197551,1784563757.9546084,raster_data/images/session_20260720_090735/raster_0002.jpg
2,198.13507790003163,90.0,20530.135131140316,1784563757.9651449,raster_data/images/session_20260720_090735/raster_0002.jpg
2,195.70505529970416,90.0,15839.94479475548,1784563757.9754424,raster_data/images/session_20260720_090735/raster_0002.jpg
2,192.94742245597845,90.0,16761.641375588224,1784563757.9857736,raster_data/images/session_20260720_090735/raster_0002.jpg
2,189.9004397602576,90.0,19967.2673797558,1784563757.9961019,raster_data/images/session_20260720_090735/raster_0002.jpg
2,187.0170293064612,90.0,13970.166409818088,1784563758.0057132,raster_data/images/session_20260720_090735/raster_0002.jpg
2,183.91296245770633,90.0,20487.061381737058,1784563758.01606,raster_data/images/session_20260720_090735/raster_0002.jpg
2,180.80767967419803,90.0,15851.07047884305,1784563758.026411,raster_data/images/session_20260720_090735/raster_0002.jpg
2,178.398126146366,90.0,16764.040032249304,1784563758.034443,raster_data/images/session_20260720_090735/raster_0002.jpg
2,175.1881299229163,90.0,19918.783894053082,1784563758.045143,raster_data/images/session_20260720_090735/raster_0002.jpg
2,172.1331296177405,90.0,13992.46881324134,1784563758.0553262,raster_data/images/session_20260720_090735/raster_0002.jpg
2,168.97913791852176,90.0,20478.793671543546,1784563758.0658395,raster_data/images/session_20260720_090735/raster_0002.jpg
2,166.38633587079227,90.0,15885.978588549011,1784563758.0744822,raster_data/images/session_20260720_090735/raster_0002.jpg
2,163.30079414563357,90.0,16729.38709878389,1784563758.0847673,raster_data/images/session_20260720_090735/raster_0002.jpg
2,160.11282779889285,90.0,19996.816788410404,1784563758.095394,raster_data/images/session_20260720_090735/raster_0002.jpg
2,157.01169349866092,90.0,13943.168763568889,1784563758.105731,raster_data/images/session_20260720_090735/raster_0002.jpg
2,153.66916038708865,90.0,20468.28041043327,1784563758.1168728,raster_data/images/session_20260720_090735/raster_0002.jpg
2,151.30845882611453,90.0,15982.435207473367,1784563758.1247418,raster_data/images/session_20260720_090735/raster_0002.jpg
2,148.15704204755008,90.0,16771.133931736338,1784563758.1352465,raster_data/images/session_20260720_090735/raster_0002.jpg
2,144.78403904156863,90.0,20018.047451623384,1784563758.1464899,raster_data/images/session_20260720_090735/raster_0002.jpg
2,142.47619487958133,90.0,13979.250683981334,1784563758.1541827,raster_data/images/session_20260720_090735/raster_0002.jpg
2,139.09847118573367,90.0,20471.34252531976,1784563758.1654418,raster_data/images/session_20260720_090735/raster_0002.jpg
2,136.0205111713904,90.0,15974.065426783634,1784563758.1757016,raster_data/images/session_20260720_090735/raster_0002.jpg
2,132.66116954999148,90.0,16712.035114427126,1784563758.1868994,raster_data/images/session_20260720_090735/raster_0002.jpg
2,129.75315429883182,90.0,20072.553096602864,1784563758.1965928,raster_data/images/session_20260720_090735/raster_0002.jpg
2,127.44016029553592,90.0,14006.50350647107,1784563758.2043028,raster_data/images/session_20260720_090735/raster_0002.jpg
2,124.25183632092656,90.0,20520.540504495988,1784563758.2149305,raster_data/images/session_20260720_090735/raster_0002.jpg
2,120.84493019299687,90.0,16049.444488239335,1784563758.226287,raster_data/images/session_20260720_090735/raster_0002.jpg
2,117.7164731235999,90.0,16694.989341559012,1784563758.236715,raster_data/images/session_20260720_090735/raster_0002.jpg
2,115.39246418194949,90.0,20147.47284082559,1784563758.2444618,raster_data/images/session_20260720_090735/raster_0002.jpg
2,112.29884006695926,90.0,14047.791022190548,1784563758.2547739,raster_data/images/session_20260720_090735/raster_0002.jpg
2,109.20793392377078,90.0,20483.23373812895,1784563758.2650769,raster_data/images/session_20260720_090735/raster_0002.jpg
2,106.08913280682742,90.0,16091.752708920973,1784563758.2754729,raster_data/images/session_20260720_090735/raster_0002.jpg
2,103.01238872723758,90.0,16661.765395040624,1784563758.2857287,raster_data/images/session_20260720_090735/raster_0002.jpg
2,100.35907604413211,90.0,20127.262882574778,1784563758.294573,raster_data/images/session_20260720_090735/raster_0002.jpg
2,97.03692772107303,90.0,14044.728907304057,1784563758.305647,raster_data/images/session_20260720_090735/raster_0002.jpg
2,93.99580337720096,90.0,20467.259705471104,1784563758.315784,raster_data/images/session_20260720_090735/raster_0002.jpg
2,90.87163784222781,90.0,16074.757971300964,1784563758.3261979,raster_data/images/session_20260720_090735/raster_0002.jpg
2,87.7024827213782,90.0,16646.556891104403,1784563758.3367617,raster_data/images/session_20260720_090735/raster_0002.jpg
2,85.40858604626834,90.0,20153.903282087216,1784563758.344408,raster_data/images/session_20260720_090735/raster_0002.jpg
2,82.32290126996219,90.0,13986.242512972147,1784563758.3546937,raster_data/images/session_20260720_090735/raster_0002.jpg
2,78.86885978894412,90.0,20470.42389085381,1784563758.3662071,raster_data/images/session_20260720_090735/raster_0002.jpg
2,75.75613834576785,90.0,16120.791765094493,1784563758.3765829,raster_data/images/session_20260720_090735/raster_0002.jpg
2,73.42326023297488,90.0,16574.239944535188,1784563758.3843591,raster_data/images/session_20260720_090735/raster_0002.jpg
2,70.32169677930057,90.0,20162.52823901749,1784563758.3946977,raster_data/images/session_20260720_090735/raster_0002.jpg
2,67.18100883679568,90.0,14029.928685352701,1784563758.4051666,raster_data/images/session_20260720_090735/raster_0002.jpg
2,64.09382202344119,90.0,20376.672140079183,1784563758.4154572,raster_data/images/session_20260720_090735/raster_0002.jpg
2,60.98811008649051,90.0,16138.194784699364,1784563758.4258096,raster_data/images/session_20260720_090735/raster_0002.jpg
2,58.09954979138553,90.0,16642.882353240617,1784563758.4354382,raster_data/images/session_20260720_090735/raster_0002.jpg
2,54.99462463574588,90.0,20156.76125598127,1784563758.445788,raster_data/images/session_20260720_090735/raster_0002.jpg
2,51.911586305667754,90.0,13965.062885007275,1784563758.4560647,raster_data/images/session_20260720_090735/raster_0002.jpg
2,48.78470279889285,90.0,20385.80744949054,1784563758.4664876,raster_data/images/session_20260720_090735/raster_0002.jpg
2,46.47242405133426,90.0,16108.492270300434,1784563758.4741952,raster_data/images/session_20260720_090735/raster_0002.jpg
2,43.3504354160998,90.0,16459.972024021095,1784563758.4846113,raster_data/images/session_20260720_090735/raster_0002.jpg
2,40.421123753073516,90.0,20188.607250800742,1784563758.4950655,raster_data/images/session_20260720_090735/raster_0002.jpg
2,38.029905188502596,90.0,13956.999315806193,1784563758.5046232,raster_data/images/session_20260720_090735/raster_0002.jpg
2,35.77069773985883,90.0,20321.962354107272,1784563758.51487,raster_data/images/session_20260720_090735/raster_0002.jpg
2,33.68275467139094,90.0,16175.144304329648,1784563758.5259469,raster_data/images/session_20260720_090735/raster_0002.jpg
2,32.03213300122812,90.0,16567.248115544375,1784563758.5365272,raster_data/images/session_20260720_090735/raster_0002.jpg
2,30.741786370686242,90.0,20147.676981818026,1784563758.5468826,raster_data/images/session_20260720_090735/raster_0002.jpg
2,30.002395111568006,90.0,13974.249229666737,1784563758.5544488,raster_data/images/session_20260720_090735/raster_0002.jpg
2,29.21255435970741,90.0,20284.400411499693,1784563758.5658512,raster_data/images/session_20260720_090735/raster_0002.jpg
2,28.835374886135213,90.0,16136.816833000446,1784563758.5761044,raster_data/images/session_20260720_090735/raster_0002.jpg
2,28.758603877708477,90.01410691921376,16383.521222355123,1784563758.5863073,raster_data/images/session_20260720_090735/raster_0002.jpg
2,28.751259542297735,90.2756573255793,20130.733279446125,1784563758.596799,raster_data/images/session_20260720_090735/raster_0002.jpg
2,28.739961553629993,90.67800734935928,13884.274087252114,1784563758.6045046,raster_data/images/session_20260720_090735/raster_0002.jpg
2,28.717066162065887,91.49337029679896,20272.662304434827,1784563758.614799,raster_data/images/session_20260720_090735/raster_0002.jpg
2,28.682016756629675,92.74156849609417,16163.967584993969,1784563758.6260002,raster_data/images/session_20260720_090735/raster_0002.jpg
2,28.640952682201934,94.20396430904788,16403.935321598372,1784563758.6361904,raster_data/images/session_20260720_090735/raster_0002.jpg
2,28.59764415502307,95.7462907755317,20185.44306541804,1784563758.6451461,raster_data/images/session_20260720_090735/raster_0002.jpg
2,28.539463077066802,97.818266486225,13897.747392752657,1784563758.6554496,raster_data/images/session_20260720_090735/raster_0002.jpg
2,28.47153511276266,100.23735353409337,20180.849893088307,1784563758.6658692,raster_data/images/session_20260720_090735/raster_0002.jpg
2,28.39583494209672,102.93322855780917,16202.090915330738,1784563758.6761413,raster_data/images/session_20260720_090735/raster_0002.jpg
2,28.32257790368671,105.5420974470545,16272.31541672752,1784563758.6864288,raster_data/images/session_20260720_090735/raster_0002.jpg
2,28.27214786040892,107.33803915922644,20143.492091473156,1784563758.694366,raster_data/images/session_20260720_090735/raster_0002.jpg
2,28.214607268594612,109.38720553437987,13888.714153837518,1784563758.7046673,raster_data/images/session_20260720_090735/raster_0002.jpg
2,28.166145581471927,111.11304909288005,20128.998081010453,1784563758.7149353,raster_data/images/session_20260720_090735/raster_0002.jpg
2,28.128614513414792,112.44962559064122,16171.265625473432,1784563758.724608,raster_data/images/session_20260720_090735/raster_0002.jpg
2,28.097281667405877,113.56546768497583,16215.513185583175,1784563758.734919,raster_data/images/session_20260720_090735/raster_0002.jpg
2,28.074931451873468,114.36141553157167,20172.786323887223,1784563758.745213,raster_data/images/session_20260720_090735/raster_0002.jpg
2,28.061394263633854,114.8435091298485,13914.180742643473,1784563758.755634,raster_data/images/session_20260720_090735/raster_0002.jpg
2,28.057027280333543,115.0,20117.9744674191,1784563758.765985,raster_data/images/session_20260720_090735/raster_0002.jpg
2,28.21909778241192,115.0,16230.415478030749,1784563758.7762456,raster_data/images/session_20260720_090735/raster_0002.jpg
2,28.689009585985733,115.0,16169.37732129343,1784563758.7863767,raster_data/images/session_20260720_090735/raster_0002.jpg
2,29.502698496502255,115.0,20223.71950149913,1784563758.7968953,raster_data/images/session_20260720_090735/raster_0002.jpg
2,30.31517785831048,115.0,13902.442635578605,1784563758.8046503,raster_data/images/session_20260720_090735/raster_0002.jpg
2,31.674771373491026,115.0,20182.738197268307,1784563758.8149607,raster_data/images/session_20260720_090735/raster_0002.jpg
2,33.50738797698568,115.0,16282.777642589683,1784563758.8261294,raster_data/images/session_20260720_090735/raster_0002.jpg
2,35.39450629758579,115.0,16281.705902379414,1784563758.8357906,raster_data/images/session_20260720_090735/raster_0002.jpg
2,37.757760375492836,115.0,20283.277636041315,1784563758.846269,raster_data/images/session_20260720_090735/raster_0002.jpg
2,40.397790251397545,115.0,13940.821142155917,1784563758.856554,raster_data/images/session_20260720_090735/raster_0002.jpg
2,42.93923194342821,115.0,20246.583292651576,1784563758.8654568,raster_data/images/session_20260720_090735/raster_0002.jpg
2,46.03505586077196,115.0,16345.602033010786,1784563758.875777,raster_data/images/session_20260720_090735/raster_0002.jpg
2,49.12581895281298,115.0,16252.003387980485,1784563758.8860795,raster_data/images/session_20260720_090735/raster_0002.jpg
2,52.2363231032036,115.0,20324.922398497547,1784563758.896448,raster_data/images/session_20260720_090735/raster_0002.jpg
2,55.32708619524462,115.0,13996.24542160134,1784563758.9067504,raster_data/images/session_20260720_090735/raster_0002.jpg
2,57.64036630083544,115.0,20169.520068008303,1784563758.9144614,raster_data/images/session_20260720_090735/raster_0002.jpg
2,60.78441594530565,115.0,16444.457308596226,1784563758.9249415,raster_data/images/session_20260720_090735/raster_0002.jpg
2,63.64343617845995,115.0,16199.998470158305,1784563758.9344716,raster_data/images/session_20260720_090735/raster_0002.jpg
2,66.7265460341118,115.0,20312.776009447814,1784563758.9447486,raster_data/images/session_20260720_090735/raster_0002.jpg
2,69.8078677504204,115.0,14005.023484275936,1784563758.9550197,raster_data/images/session_20260720_090735/raster_0002.jpg
2,72.95685265947802,115.0,20146.14592437478,1784563758.9655163,raster_data/images/session_20260720_090735/raster_0002.jpg
2,76.04690049578173,115.0,16467.576275989206,1784563758.9758165,raster_data/images/session_20260720_090735/raster_0002.jpg
2,79.13530324388964,115.0,16129.722933513418,1784563758.9861112,raster_data/images/session_20260720_090735/raster_0002.jpg
2,82.26504777361376,115.0,20423.114215857582,1784563758.9965436,raster_data/images/session_20260720_090735/raster_0002.jpg
2,85.11827443529589,115.0,13930.563057286181,1784563759.0060544,raster_data/images/session_20260720_090735/raster_0002.jpg
2,88.28213666368944,115.0,20132.417442633694,1784563759.0166006,raster_data/images/session_20260720_090735/raster_0002.jpg
2,90.841750845208,115.0,16491.20559586327,1784563759.0251327,raster_data/images/session_20260720_090735/raster_0002.jpg
2,93.93651936937792,115.0,16119.107601906926,1784563759.0354486,raster_data/images/session_20260720_090735/raster_0002.jpg
2,97.06676457811815,115.0,20407.191218447842,1784563759.0458827,raster_data/images/session_20260720_090735/raster_0002.jpg
2,100.14894460131151,115.0,13985.528019498634,1784563759.0561566,raster_data/images/session_20260720_090735/raster_0002.jpg
2,103.28240846086962,115.0,20207.54132784886,1784563759.0666015,raster_data/images/session_20260720_090735/raster_0002.jpg
2,105.59218381334765,115.0,16516.621149421117,1784563759.0743008,raster_data/images/session_20260720_090735/raster_0002.jpg
2,108.9964434950493,115.0,16198.875694699927,1784563759.0856483,raster_data/images/session_20260720_090735/raster_0002.jpg
2,112.33203862596972,115.0,20471.08734907922,1784563759.096767,raster_data/images/session_20260720_090735/raster_0002.jpg
2,114.64889501024706,115.0,14006.962823704045,1784563759.1044898,raster_data/images/session_20260720_090735/raster_0002.jpg
2,117.78185819078905,115.0,20229.333378791027,1784563759.114933,raster_data/images/session_20260720_090735/raster_0002.jpg
2,120.88335011888964,115.0,16635.99259474602,1784563759.1252713,raster_data/images/session_20260720_090735/raster_0002.jpg
2,124.03405164171679,115.0,16142.736921780988,1784563759.1357737,raster_data/images/session_20260720_090735/raster_0002.jpg
2,127.12638829637987,115.0,20515.743191173828,1784563759.1460814,raster_data/images/session_20260720_090735/raster_0002.jpg
2,129.7542378752373,115.0,14034.011505201352,1784563759.154841,raster_data/images/session_20260720_090735/raster_0002.jpg
2,132.8679606764458,115.0,20110.52332119531,1784563759.16522,raster_data/images/session_20260720_090735/raster_0002.jpg
2,135.9499976484917,115.0,16609.65840672223,1784563759.1754935,raster_data/images/session_20260720_090735/raster_0002.jpg
2,139.0792414991997,115.0,16064.857133167989,1784563759.1859243,raster_data/images/session_20260720_090735/raster_0002.jpg
2,142.20877145220263,115.0,20462.360321652726,1784563759.196356,raster_data/images/session_20260720_090735/raster_0002.jpg
2,145.32185052324755,115.0,13957.458633039163,1784563759.206733,raster_data/images/session_20260720_090735/raster_0002.jpg
2,147.67640088488085,115.0,20106.44050134666,1784563759.2145815,raster_data/images/session_20260720_090735/raster_0002.jpg
2,151.3062522261284,115.0,16697.18385722766,1784563759.226681,raster_data/images/session_20260720_090735/raster_0002.jpg
2,153.66645310808642,115.0,15969.625360198228,1784563759.2345483,raster_data/images/session_20260720_090735/raster_0002.jpg
2,156.77044843126757,115.0,20462.156180660295,1784563759.244895,raster_data/images/session_20260720_090735/raster_0002.jpg
2,159.92315267015917,115.0,13931.68583274456,1784563759.255404,raster_data/images/session_20260720_090735/raster_0002.jpg
2,163.0355164854668,115.0,19983.496588654187,1784563759.2657785,raster_data/images/session_20260720_090735/raster_0002.jpg
2,166.14373181749804,115.0,16608.484596015744,1784563759.2761393,raster_data/images/session_20260720_090735/raster_0002.jpg
2,169.46695302416308,115.0,15925.581941080913,1784563759.2872167,raster_data/images/session_20260720_090735/raster_0002.jpg
2,172.16225121904833,115.0,20413.621659709468,1784563759.296201,raster_data/images/session_20260720_090735/raster_0002.jpg
2,175.30529950548632,115.0,13938.77973223159,1784563759.3066778,raster_data/images/session_20260720_090735/raster_0002.jpg
2,177.59411786486132,115.0,19953.436827518497,1784563759.3143072,raster_data/images/session_20260720_090735/raster_0002.jpg
2,180.7033345549248,115.0,16583.375253946542,1784563759.3246713,raster_data/images/session_20260720_090735/raster_0002.jpg
2,183.79087899614794,115.0,15907.668568994965,1784563759.334963,raster_data/images/session_20260720_090735/raster_0002.jpg
2,186.88672040392382,115.0,20434.597146681906,1784563759.3452826,raster_data/images/session_20260720_090735/raster_0002.jpg
2,189.9842068998955,115.0,13906.678561171579,1784563759.3556075,raster_data/images/session_20260720_090735/raster_0002.jpg
2,192.71034475102184,115.0,19971.248129108233,1784563759.3647282,raster_data/images/session_20260720_090735/raster_0002.jpg
2,195.51633615267505,115.0,16780.983734621204,1784563759.374857,raster_data/images/session_20260720_090735/raster_0002.jpg
2,198.07762615705073,115.0,15843.670367867373,1784563759.3852587,raster_data/images/session_20260720_090735/raster_0002.jpg
2,200.30234104442488,115.0,20457.35886733813,1784563759.3956003,raster_data/images/session_20260720_090735/raster_0002.jpg
2,202.18475965048958,115.0,13959.908324948354,1784563759.405815,raster_data/images/session_20260720_090735/raster_0002.jpg
2,203.78751869735532,115.0,19911.230677333082,1784563759.4162712,raster_data/images/session_20260720_090735/raster_0002.jpg
2,204.8325543288457,115.0,16641.045084308724,1784563759.4246273,raster_data/images/session_20260720_090735/raster_0002.jpg
2,205.92586574890288,115.0,15831.370873073316,1784563759.4360967,raster_data/images/session_20260720_090735/raster_0002.jpg
2,206.57340266497067,115.0,20442.558645386776,1784563759.4464397,raster_data/images/session_20260720_090735/raster_0002.jpg
2,206.89990620186236,115.0,13897.13496977536,1784563759.4567769,raster_data/images/session_20260720_090735/raster_0002.jpg
2,206.94050362468985,115.00956172556369,19878.61915379199,1784563759.4647036,raster_data/images/session_20260720_090735/raster_0002.jpg
2,206.87911358405992,115.24470053600459,16666.562708362788,1784563759.4751215,raster_data/images/session_20260720_090735/raster_0002.jpg
2,206.73850194236104,115.7832773771985,15750.939322054908,1784563759.485368,raster_data/images/session_20260720_090735/raster_0002.jpg
2,206.51268006903675,116.64823016302766,20449.49943912948,1784563759.4958363,raster_data/images/session_20260720_090735/raster_0002.jpg
2,206.23938775243116,117.69500631059002,13893.817678648331,1784563759.5052285,raster_data/images/session_20260720_090735/raster_0002.jpg
2,205.8548269758255,119.16796776533828,19920.46805724065,1784563759.5157259,raster_data/images/session_20260720_090735/raster_0002.jpg
2,205.39514072855025,120.92867807357807,16706.166060894695,1784563759.5260503,raster_data/images/session_20260720_090735/raster_0002.jpg
2,204.83835715329505,123.0612948012293,15717.613305040304,1784563759.5366642,raster_data/images/session_20260720_090735/raster_0002.jpg
2,204.3454130518033,124.94939079284784,20433.16815973488,1784563759.5449333,raster_data/images/session_20260720_090735/raster_0002.jpg
2,203.65418461224485,127.59696410201911,13934.645877134832,1784563759.555302,raster_data/images/session_20260720_090735/raster_0002.jpg
2,202.95959095278886,130.2574270231773,19831.360514043863,1784563759.5658143,raster_data/images/session_20260720_090735/raster_0002.jpg
2,202.35763385285284,132.5630693547846,16712.74960790064,1784563759.5761626,raster_data/images/session_20260720_090735/raster_0002.jpg
2,201.91627918132158,134.25356526228904,15719.705750212735,1784563759.5848222,raster_data/images/session_20260720_090735/raster_0002.jpg
2,201.45935541027927,136.00369461360782,20501.7595331922,1784563759.5952718,raster_data/images/session_20260720_090735/raster_0002.jpg
2,201.0901360210465,137.41789481750232,13908.771006344012,1784563759.6055663,raster_data/images/session_20260720_090735/raster_0002.jpg
2,200.79787169051963,138.5373384000321,19795.329628879525,1784563759.616,raster_data/images/session_20260720_090735/raster_0002.jpg
2,200.5921659468352,139.32524150898112,16768.020781601743,1784563759.6261837,raster_data/images/session_20260720_090735/raster_0002.jpg
2,200.46247137895026,139.82200329803024,15673.059533441909,1784563759.6366713,raster_data/images/session_20260720_090735/raster_0002.jpg
2,200.41995073899886,139.9848677072205,20476.752261619215,1784563759.6445167,raster_data/images/session_20260720_090735/raster_0002.jpg
2,200.29779947145155,140.0,13946.12880795916,1784563759.6566226,raster_data/images/session_20260720_090735/raster_0002.jpg
2,200.00319167038745,140.0,19778.8452437406,1784563759.664335,raster_data/images/session_20260720_090735/raster_0002.jpg
2,199.31986339719867,140.0,16849.881319567176,1784563759.6747782,raster_data/images/session_20260720_090735/raster_0002.jpg
2,198.32612623229093,140.0,15788.246088421947,1784563759.685072,raster_data/images/session_20260720_090735/raster_0002.jpg
2,196.87863775163143,140.0,20553.71341576627,1784563759.6963074,raster_data/images/session_20260720_090735/raster_0002.jpg
2,195.16416835195625,140.0,13958.581408497543,1784563759.7069168,raster_data/images/session_20260720_090735/raster_0002.jpg
2,193.72005270707086,140.0,19840.95514068819,1784563759.7145586,raster_data/images/session_20260720_090735/raster_0002.jpg
2,191.2482247048833,140.0,16908.775995883952,1784563759.725924,raster_data/images/session_20260720_090735/raster_0002.jpg
2,188.63013734440793,140.0,15718.021587025169,1784563759.7363868,raster_data/images/session_20260720_090735/raster_0002.jpg
2,186.27256999555115,140.0,20631.797345371702,1784563759.7448485,raster_data/images/session_20260720_090735/raster_0002.jpg
2,183.15527308575304,140.0,14060.44776372136,1784563759.7552814,raster_data/images/session_20260720_090735/raster_0002.jpg
2,180.06079066387804,140.0,19809.16018111683,1784563759.7655964,raster_data/images/session_20260720_090735/raster_0002.jpg
2,176.92832816235216,140.0,16996.658693126144,1784563759.776038,raster_data/images/session_20260720_090735/raster_0002.jpg
2,173.93083441845567,140.0,15726.595508707333,1784563759.7860296,raster_data/images/session_20260720_090735/raster_0002.jpg
2,171.2152944862047,140.0,20662.11228274793,1784563759.7950814,raster_data/images/session_20260720_090735/raster_0002.jpg
2,168.08483470074327,140.0,14053.558005226765,1784563759.8055162,raster_data/images/session_20260720_090735/raster_0002.jpg
2,165.00794757000597,140.0,19833.197782975756,1784563759.8157725,raster_data/images/session_20260720_090735/raster_0002.jpg
2,161.8719803153673,140.0,16993.74968398398,1784563759.8262258,raster_data/images/session_20260720_090735/raster_0002.jpg
2,158.7089763938585,140.0,15650.45091853001,1784563759.836769,raster_data/images/session_20260720_090735/raster_0002.jpg
2,156.32352698437364,140.0,20690.181669207403,1784563759.8447206,raster_data/images/session_20260720_090735/raster_0002.jpg
2,153.23591101757677,140.0,14032.48044775811,1784563759.8550127,raster_data/images/session_20260720_090735/raster_0002.jpg
2,149.833010321776,140.0,19762.513964346002,1784563759.8663557,raster_data/images/session_20260720_090735/raster_0002.jpg
2,146.48303855053575,140.0,17074.13019975428,1784563759.8775222,raster_data/images/session_20260720_090735/raster_0002.jpg
2,144.19371951214464,140.0,15610.286178268914,1784563759.8851533,raster_data/images/session_20260720_090735/raster_0002.jpg
2,141.07041228405626,140.0,20683.751227945777,1784563759.8955643,raster_data/images/session_20260720_090735/raster_0002.jpg
2,138.02099097363146,140.0,14052.690406008925,1784563759.905729,raster_data/images/session_20260720_090735/raster_0002.jpg
2,134.89153254620226,140.0,19762.462929097896,1784563759.9161606,raster_data/images/session_20260720_090735/raster_0002.jpg
2,131.756781226317,140.0,17044.42768535535,1784563759.9266098,raster_data/images/session_20260720_090735/raster_0002.jpg
2,129.4458614646593,140.0,15650.552989026226,1784563759.9343128,raster_data/images/session_20260720_090735/raster_0002.jpg
2,126.03630889050156,140.0,20706.92123058686,1784563759.945678,raster_data/images/session_20260720_090735/raster_0002.jpg
2,122.91250098339707,140.0,14073.818998725692,1784563759.9560907,raster_data/images/session_20260720_090735/raster_0002.jpg
2,119.78261340252548,140.0,19775.57898786168,1784563759.9665236,raster_data/images/session_20260720_090735/raster_0002.jpg
2,116.6968571006456,140.0,17177.629682917555,1784563759.9768095,raster_data/images/session_20260720_090735/raster_0002.jpg
2,114.34059012524277,140.0,15609.112367562428,1784563759.9846637,raster_data/images/session_20260720_090735/raster_0002.jpg
2,111.2071977912584,140.0,20779.952670629587,1784563759.9951084,raster_data/images/session_20260720_090735/raster_0002.jpg
2,108.12108386150986,140.0,14135.265437447875,1784563760.0053954,raster_data/images/session_20260720_090735/raster_0002.jpg
2,105.26106227032334,140.0,19738.27222149464,1784563760.0149288,raster_data/images/session_20260720_090735/raster_0002.jpg
2,101.9103752433458,140.0,17223.765547207302,1784563760.0260978,raster_data/images/session_20260720_090735/raster_0002.jpg
2,98.76732695690781,140.0,15579.154676922957,1784563760.0365746,raster_data/images/session_20260720_090735/raster_0002.jpg
2,96.39503825298935,140.0,20764.693131445263,1784563760.0444822,raster_data/images/session_20260720_090735/raster_0002.jpg
2,93.33481658093125,140.0,14107.196050988405,1784563760.054683,raster_data/images/session_20260720_090735/raster_0002.jpg
2,90.16895163647324,140.0,19731.943850729236,1784563760.0652359,raster_data/images/session_20260720_090735/raster_0002.jpg
2,86.85939181439072,140.0,17285.569232666243,1784563760.0762677,raster_data/images/session_20260720_090735/raster_0002.jpg
2,83.6822258292833,140.0,15544.144496720784,1784563760.0868583,raster_data/images/session_20260720_090735/raster_0002.jpg
2,81.36644232861191,140.0,20763.97863797175,1784563760.0945776,raster_data/images/session_20260720_090735/raster_0002.jpg
2,78.23233473889023,140.0,14102.858054899214,1784563760.1050246,raster_data/images/session_20260720_090735/raster_0002.jpg
2,75.15473235241562,140.0,19644.469435471907,1784563760.1152833,raster_data/images/session_20260720_090735/raster_0002.jpg
2,72.01146948925643,140.0,17250.354911471637,1784563760.1257608,raster_data/images/session_20260720_090735/raster_0002.jpg
2,68.91226637951522,140.0,15501.121782565635,1784563760.1360915,raster_data/images/session_20260720_090735/raster_0002.jpg
2,65.81020224682479,140.0,20725.089778913356,1784563760.1464317,raster_data/images/session_20260720_090735/raster_0002.jpg
2,62.95411456219344,140.0,14107.553297725162,1784563760.155952,raster_data/images/session_20260720_090735/raster_0002.jpg
2,60.36009657971053,140.0,19723.11475280653,1784563760.1645987,raster_data/images/session_20260720_090735/raster_0002.jpg
2,57.2662578879991,140.0,17201.054861799184,1784563760.1749115,raster_data/images/session_20260720_090735/raster_0002.jpg
2,54.17864192120223,140.0,15475.246911774815,1784563760.1852036,raster_data/images/session_20260720_090735/raster_0002.jpg
2,51.051615363279865,140.0,20731.77539641552,1784563760.195627,raster_data/images/session_20260720_090735/raster_0002.jpg
2,47.9808229852689,140.0,14073.512787237041,1784563760.206014,raster_data/images/session_20260720_090735/raster_0002.jpg
2,45.22422747125347,140.0,19623.44291325136,1784563760.2162962,raster_data/images/session_20260720_090735/raster_0002.jpg
2,43.123156996111334,140.0,17265.053062926774,1784563760.2250686,raster_data/images/session_20260720_090735/raster_0002.jpg
2,40.88187641244272,140.0,15425.436509621284,1784563760.2357225,raster_data/images/session_20260720_090735/raster_0002.jpg
2,39.0241300254589,140.0,20759.436500890126,1784563760.2461123,raster_data/images/session_20260720_090735/raster_0002.jpg
2,37.482299389968205,140.0,14122.761801661381,1784563760.2565622,raster_data/images/session_20260720_090735/raster_0002.jpg
2,36.28597112623049,140.0,19628.852649550823,1784563760.2668345,raster_data/images/session_20260720_090735/raster_0002.jpg
2,35.5391516777741,140.0,17338.696925946802,1784563760.2752848,raster_data/images/session_20260720_090735/raster_0002.jpg
2,34.91002907613327,140.0,15412.83080333858,1784563760.2857761,raster_data/images/session_20260720_090735/raster_0002.jpg
2,34.60735475503844,140.0,20710.953015187406,1784563760.2965732,raster_data/images/session_20260720_090735/raster_0002.jpg
2,34.618293804788664,140.05414583299967,14135.87786042517,1784563760.3070557,raster_data/images/session_20260720_090735/raster_0002.jpg
2,34.74425229190236,140.25301928113925,19510.55294443619,1784563760.3146493,raster_data/images/session_20260720_090735/raster_0002.jpg
2,35.06949540364573,140.76653941462317,17308.17784757814,1784563760.3251138,raster_data/images/session_20260720_090735/raster_0002.jpg
2,35.56082492705131,141.5422902094406,15323.621189645575,1784563760.3354056,raster_data/images/session_20260720_090735/raster_0002.jpg
2,36.22555337177995,142.5918172473474,20758.36476067986,1784563760.345744,raster_data/images/session_20260720_090735/raster_0002.jpg
2,37.0682943687965,143.92240490210386,14080.555651475963,1784563760.3561544,raster_data/images/session_20260720_090735/raster_0002.jpg
2,38.03295503590008,145.44548919398142,19443.28848742968,1784563760.3660722,raster_data/images/session_20260720_090735/raster_0002.jpg
2,39.277299588879686,147.41016102829306,17519.974127226862,1784563760.3769886,raster_data/images/session_20260720_090735/raster_0002.jpg
2,40.308610787769965,149.03847857106538,15217.978226061754,1784563760.3849735,raster_data/images/session_20260720_090735/raster_0002.jpg
2,41.857947316226564,151.4846964068248,20745.299737164172,1784563760.3957186,raster_data/images/session_20260720_090735/raster_0002.jpg
2,43.52401761390268,154.11522295993223,14094.23309796894,1784563760.4064763,raster_data/images/session_20260720_090735/raster_0002.jpg
2,44.66179211122744,155.91163337000668,19392.508415562093,1784563760.4144688,raster_data/images/session_20260720_090735/raster_0002.jpg
2,46.02865225949165,158.0697427363453,17298.787361926246,1784563760.425204,raster_data/images/session_20260720_090735/raster_0002.jpg
2,47.230134066318165,159.96673939989606,15253.958075977982,1784563760.436133,raster_data/images/session_20260720_090735/raster_0002.jpg
2,48.106462092302216,161.35035697281518,20700.95010655822,1784563760.44549,raster_data/images/session_20260720_090735/raster_0002.jpg
2,48.92569899517481,162.64383446250918,14032.123201021352,1784563760.456036,raster_data/images/session_20260720_090735/raster_0002.jpg
2,49.579316671288495,163.67581892018518,19371.37982284533,1784563760.4668303,raster_data/images/session_20260720_090735/raster_0002.jpg
2,49.94349927628432,164.25081987540153,17427.702398647372,1784563760.4748414,raster_data/images/session_20260720_090735/raster_0002.jpg
2,50.268301224798144,164.7636434646933,15183.376327844448,1784563760.485499,raster_data/images/session_20260720_090735/raster_0002.jpg
2,50.411583721842064,164.98986946103648,20686.81334283226,1784563760.4963286,raster_data/images/session_20260720_090735/raster_0002.jpg
2,50.512452632893044,165.0,14085.301929550018,1784563760.5070913,raster_data/images/session_20260720_090735/raster_0002.jpg
2,50.887298803951715,165.0,19283.75230184368,1784563760.516844,raster_data/images/session_20260720_090735/raster_0002.jpg
2,51.40925525581333,165.0,17428.059645384128,1784563760.5248628,raster_data/images/session_20260720_090735/raster_0002.jpg
2,52.42591052407579,165.0,15210.986397070943,1784563760.535743,raster_data/images/session_20260720_090735/raster_0002.jpg
2,53.77648409359407,165.0,20702.379093505242,1784563760.546474,raster_data/images/session_20260720_090735/raster_0002.jpg
2,55.007108948299795,165.0,14215.084565488982,1784563760.554468,raster_data/images/session_20260720_090735/raster_0002.jpg
2,57.045654006721236,165.0,19303.24776662098,1784563760.5656273,raster_data/images/session_20260720_090735/raster_0002.jpg
2,59.91593915340534,165.0,17542.429636394438,1784563760.5787296,raster_data/images/session_20260720_090735/raster_0002.jpg
2,62.11124258791874,165.0,15199.29932525418,1784563760.5874481,raster_data/images/session_20260720_090735/raster_0002.jpg
2,66.30838692237427,165.0,20855.025520596646,1784563760.602124,raster_data/images/session_20260720_090735/raster_0002.jpg
2,68.73875439216187,165.0,14160.476850013289,1784563760.6102252,raster_data/images/session_20260720_090735/raster_0002.jpg
2,71.89088642646362,165.0,19411.238351617776,1784563760.6207323,raster_data/images/session_20260720_090735/raster_0002.jpg
2,74.9949532752185,165.0,17601.528453703646,1784563760.6310792,raster_data/images/session_20260720_090735/raster_0002.jpg
2,76.6637879614978,165.0,15207.056682966615,1784563760.636642,raster_data/images/session_20260720_090735/raster_0002.jpg
2,80.83430111457398,165.0,20892.638498452332,1784563760.6505437,raster_data/images/session_20260720_090735/raster_0002.jpg
2,83.79066765357544,165.0,14242.03117649007,1784563760.6603982,raster_data/images/session_20260720_090735/raster_0002.jpg
2,86.91047012855103,165.0,19331.674399817206,1784563760.6707976,raster_data/images/session_20260720_090735/raster_0002.jpg
2,89.94251072455933,165.0,17581.82884793391,1784563760.6809044,raster_data/images/session_20260720_090735/raster_0002.jpg
2,92.65576183845093,165.0,15197.206880081749,1784563760.6899486,raster_data/images/session_20260720_090735/raster_0002.jpg
2,95.73393642951538,165.0,20831.651376963124,1784563760.7002091,raster_data/images/session_20260720_090735/raster_0002.jpg
2,98.80724728156616,165.0,14197.732581132219,1784563760.7104535,raster_data/images/session_20260720_090735/raster_0002.jpg
2,101.90351784278442,165.0,19290.029637360978,1784563760.7207744,raster_data/images/session_20260720_090735/raster_0002.jpg
2,105.11058151771118,165.0,17648.78709345177,1784563760.7314646,raster_data/images/session_20260720_090735/raster_0002.jpg
2,107.19154655982544,165.0,15084.061735026035,1784563760.7384012,raster_data/images/session_20260720_090735/raster_0002.jpg
2,109.13596928168823,165.0,20892.740568948546,1784563760.7448826,raster_data/images/session_20260720_090735/raster_0002.jpg
2,112.61733353187134,165.0,14190.332470156542,1784563760.7564871,raster_data/images/session_20260720_090735/raster_0002.jpg
2,115.53149998237183,165.0,19262.725779623128,1784563760.766201,raster_data/images/session_20260720_090735/raster_0002.jpg
2,118.99269402076294,165.0,17673.89643552097,1784563760.7777383,raster_data/images/session_20260720_090735/raster_0002.jpg
2,121.41090214301636,165.0,15109.22211234334,1784563760.785799,raster_data/images/session_20260720_090735/raster_0002.jpg
2,124.40303146888306,165.0,20818.076000966365,1784563760.7957728,raster_data/images/session_20260720_090735/raster_0002.jpg
2,128.04754555274536,165.0,14295.97543374036,1784563760.8079212,raster_data/images/session_20260720_090735/raster_0002.jpg
2,131.04439556647827,165.0,19211.996743003656,1784563760.8179107,raster_data/images/session_20260720_090735/raster_0002.jpg
2,133.58569920112183,165.0,17736.97600218261,1784563760.8263817,raster_data/images/session_20260720_090735/raster_0002.jpg
2,136.23300373603394,165.0,15107.33380816334,1784563760.835206,raster_data/images/session_20260720_090735/raster_0002.jpg
2,139.467318654552,165.0,20896.415106812332,1784563760.845987,raster_data/images/session_20260720_090735/raster_0002.jpg
2,142.55622208167603,165.0,14223.505381426821,1784563760.8562834,raster_data/images/session_20260720_090735/raster_0002.jpg
2,145.8130675559192,165.0,19249.3545446188,1784563760.8671396,raster_data/images/session_20260720_090735/raster_0002.jpg
2,148.40901672889282,165.0,17761.166709785866,1784563760.8757927,raster_data/images/session_20260720_090735/raster_0002.jpg
2,151.61386311103394,165.0,15061.759331602785,1784563760.8864756,raster_data/images/session_20260720_090735/raster_0002.jpg
2,154.85375702430298,165.0,20873.857527148542,1784563760.8972752,raster_data/images/session_20260720_090735/raster_0002.jpg
2,157.17697918464233,165.0,14301.640346280363,1784563760.9050193,raster_data/images/session_20260720_090735/raster_0002.jpg
2,161.03835880805542,165.0,19236.59573259177,1784563760.9178905,raster_data/images/session_20260720_090735/raster_0002.jpg
2,163.2947045569568,165.0,17805.567375639934,1784563760.9254117,raster_data/images/session_20260720_090735/raster_0002.jpg
2,166.43088638831665,165.0,14987.503045605461,1784563760.9358656,raster_data/images/session_20260720_090735/raster_0002.jpg
2,169.04242813636353,165.0,20857.475212505833,1784563760.9445708,raster_data/images/session_20260720_090735/raster_0002.jpg
2,172.06780489775804,165.0,14248.92093498467,1784563760.9550304,raster_data/images/session_20260720_090735/raster_0002.jpg
2,174.75199471305845,165.0,19141.56810061444,1784563760.9654167,raster_data/images/session_20260720_090735/raster_0002.jpg
2,177.09559472248802,165.0,17797.758982679392,1784563760.9757228,raster_data/images/session_20260720_090735/raster_0002.jpg
2,179.12464572962054,165.0,14935.54916303139,1784563760.9860516,raster_data/images/session_20260720_090735/raster_0002.jpg
2,180.86910244847041,165.0,20856.607613287997,1784563760.9966173,raster_data/images/session_20260720_090735/raster_0002.jpg
2,182.2509347472867,165.0,14256.627257448996,1784563761.006948,raster_data/images/session_20260720_090735/raster_0002.jpg
2,183.24326225966286,165.0,19022.34976103386,1784563761.0164948,raster_data/images/session_20260720_090735/raster_0002.jpg
2,184.00982109453682,165.0,17943.872898012953,1784563761.0268385,raster_data/images/session_20260720_090735/raster_0002.jpg
2,184.37535068530144,165.0,14898.395502408672,1784563761.034632,raster_data/images/session_20260720_090735/raster_0002.jpg
2,184.57976651158614,165.00148891286722,20808.838621058792,1784563761.047707,raster_data/images/session_20260720_090735/raster_0002.jpg
2,184.1681851992557,165.27586182119907,14253.871354051158,1784563761.064578,raster_data/images/session_20260720_090735/raster_0002.jpg
2,184.08480967663917,165.3314425386385,19013.928945096017,1784563761.0663283,raster_data/images/session_20260720_090735/raster_0002.jpg
2,183.29190237564322,165.86001921521304,17828.12495530372,1784563761.0785198,raster_data/images/session_20260720_090735/raster_0002.jpg
2,182.61987135019558,166.30801600568265,14874.715147286504,1784563761.086019,raster_data/images/session_20260720_090735/raster_0002.jpg
2,181.56724504174431,167.0097294532663,20806.848246382575,1784563761.095517,raster_data/images/session_20260720_090735/raster_0002.jpg
2,179.82695305191214,168.1698622394058,14239.377343588449,1784563761.1080933,raster_data/images/session_20260720_090735/raster_0002.jpg
2,178.25949619768022,169.21477774673338,18951.05351942681,1784563761.1175432,raster_data/images/session_20260720_090735/raster_0002.jpg
2,176.79955150155675,170.18802230443927,17875.536700796172,1784563761.1253343,raster_data/images/session_20260720_090735/raster_0002.jpg
2,174.64137147845227,171.62673225531154,14814.136307782159,1784563761.1356142,raster_data/images/session_20260720_090735/raster_0002.jpg
2,172.20038288659904,173.2539711971368,20770.051832496614,1784563761.1459706,raster_data/images/session_20260720_090735/raster_0002.jpg
2,168.76960783129294,175.5410325907332,14392.840334649582,1784563761.1597154,raster_data/images/session_20260720_090735/raster_0002.jpg
2,167.238137897268,176.56195809738946,18905.070760881386,1784563761.1658506,raster_data/images/session_20260720_090735/raster_0002.jpg
2,164.51579579987933,178.37675603975833,17871.096634210764,1784563761.1767566,raster_data/images/session_20260720_090735/raster_0002.jpg
2,162.0318661905684,180.0326207998451,14813.983202037834,1784563761.1867075,raster_data/images/session_20260720_090735/raster_0002.jpg
2,159.09278584899684,181.99190319916482,20787.914169334457,1784563761.1984997,raster_data/images/session_20260720_090735/raster_0002.jpg
2,157.58235582413394,182.99880284775884,14277.041356692245,1784563761.2048745,raster_data/images/session_20260720_090735/raster_0002.jpg
2,155.1780428685312,184.60159266937018,18896.088557214356,1784563761.216056,raster_data/images/session_20260720_090735/raster_0002.jpg
2,153.32748846415527,185.83522981163986,17936.625892781598,1784563761.2258558,raster_data/images/session_20260720_090735/raster_0002.jpg
2,151.60123235115822,186.98600584558278,14737.226188883214,1784563761.236419,raster_data/images/session_20260720_090735/raster_0002.jpg
2,150.17844780400523,187.93447829182094,20857.066930520967,1784563761.246781,raster_data/images/session_20260720_090735/raster_0002.jpg
2,149.28673867857736,188.5289193385837,14315.726074758204,1784563761.2545576,raster_data/images/session_20260720_090735/raster_0002.jpg
2,148.31420885903003,189.17723797462133,18864.3446328911,1784563761.2651598,raster_data/images/session_20260720_090735/raster_0002.jpg
2,147.59938066498896,189.65376468922395,18007.054535170813,1784563761.2762067,raster_data/images/session_20260720_090735/raster_0002.jpg
2,147.14343318525903,189.95771346510918,14807.144478791346,1784563761.289477,raster_data/images/session_20260720_090735/raster_0002.jpg
2,147.07709753920017,190.0,20850.075101530154,1784563761.2979972,raster_data/images/session_20260720_090735/raster_0002.jpg
2,146.91097598174528,190.0,14401.057009594992,1784563761.3072214,raster_data/images/session_20260720_090735/raster_0002.jpg
2,146.51637656128244,190.0,18899.456883589493,1784563761.3159904,raster_data/images/session_20260720_090735/raster_0002.jpg
2,145.70119560827447,190.0,18075.441767635697,1784563761.3269246,raster_data/images/session_20260720_090735/raster_0002.jpg
2,144.85208693136465,190.0,14819.903290818376,1784563761.3351455,raster_data/images/session_20260720_090735/raster_0002.jpg
2,143.5544803421543,190.0,20949.03244761181,1784563761.3450866,raster_data/images/session_20260720_090735/raster_0002.jpg
2,141.48230686608682,190.0,14439.486551420408,1784563761.3576946,raster_data/images/session_20260720_090735/raster_0002.jpg
2,138.2033994059908,190.0,18899.967236070574,1784563761.373533,raster_data/images/session_20260720_090735/raster_0002.jpg
2,137.8120973649465,190.0,18189.913829142224,1784563761.3752103,raster_data/images/session_20260720_090735/raster_0002.jpg
2,134.03641821363846,190.0,14827.558578034597,1784563761.389857,raster_data/images/session_20260720_090735/raster_0002.jpg
2,132.62969219866173,190.0,20954.85046589614,1784563761.3947568,raster_data/images/session_20260720_090735/raster_0002.jpg
2,128.58804875803162,190.0,14529.512729083142,1784563761.408246,raster_data/images/session_20260720_090735/raster_0002.jpg
2,125.927082838537,190.0,18886.54496581814,1784563761.417116,raster_data/images/session_20260720_090735/raster_0002.jpg
2,123.42268639993837,190.0,18190.475216871415,1784563761.425464,raster_data/images/session_20260720_090735/raster_0002.jpg
2,120.11813336801698,190.0,14835.877323476221,1784563761.436479,raster_data/images/session_20260720_090735/raster_0002.jpg
2,117.1889465470331,190.0,20975.825952868578,1784563761.446243,raster_data/images/session_20260720_090735/raster_0002.jpg
2,114.02801686716249,190.0,14471.63875772853,1784563761.4567795,raster_data/images/session_20260720_090735/raster_0002.jpg
2,109.85771829080751,190.0,18880.624877037593,1784563761.4706805,raster_data/images/session_20260720_090735/raster_0002.jpg
2,106.8749588150995,190.0,18255.443087713058,1784563761.480623,raster_data/images/session_20260720_090735/raster_0002.jpg
2,105.06514722299745,190.0,14764.581081869168,1784563761.4866557,raster_data/images/session_20260720_090735/raster_0002.jpg
2,102.4613151482792,190.0,20978.53082101831,1784563761.495347,raster_data/images/session_20260720_090735/raster_0002.jpg
2,99.49499647213102,190.0,14581.61971740154,1784563761.5059617,raster_data/images/session_20260720_090735/raster_0002.jpg
2,95.96781794379032,190.0,18803.510617146218,1784563761.5205586,raster_data/images/session_20260720_090735/raster_0002.jpg
2,94.56505798351586,190.0,18260.189365787115,1784563761.5272477,raster_data/images/session_20260720_090735/raster_0002.jpg
2,92.7201645912362,190.0,14742.533854686457,1784563761.5372367,raster_data/images/session_20260720_090735/raster_0002.jpg
2,91.49700277734681,190.0,20913.97123216153,1784563761.5449731,raster_data/images/session_20260720_090735/raster_0002.jpg
2,90.0936491323641,190.0,14494.75772512151,1784563761.5557392,raster_data/images/session_20260720_090735/raster_0002.jpg
2,89.04265038825898,190.0,18736.65444212457,1784563761.5664487,raster_data/images/session_20260720_090735/raster_0002.jpg
2,88.35727226631097,190.0,18276.87789191847,1784563761.5767324,raster_data/images/session_20260720_090735/raster_0002.jpg
2,87.98162868067776,190.0,14649.292456392914,1784563761.5873964,raster_data/images/session_20260720_090735/raster_0002.jpg
2,87.92,190.0,20962.25057687182,1784563761.5950515,raster_data/images/session_20260720_090735/raster_0002.jpg
3,117.56716308071897,15.026973558096905,14236.570404942502,1784563780.8481061,raster_data/images/session_20260720_090735/raster_0003.jpg
3,117.79739582083108,15.119437991305515,19117.37739301119,1784563780.8557768,raster_data/images/session_20260720_090735/raster_0003.jpg
3,118.37010160363535,15.349444008592647,17869.05522428644,1784563780.8661618,raster_data/images/session_20260720_090735/raster_0003.jpg
3,119.33806846241009,15.738191963891023,14915.084028540032,1784563780.8774986,raster_data/images/session_20260720_090735/raster_0003.jpg
3,120.24999663856163,16.104434062620136,20933.211520698293,1784563780.8856082,raster_data/images/session_20260720_090735/raster_0003.jpg
3,121.6668262000164,16.673451059461357,14263.210804454942,1784563780.895873,raster_data/images/session_20260720_090735/raster_0003.jpg
3,123.402718791127,17.370607877687597,19119.622943927945,1784563780.90628,raster_data/images/session_20260720_090735/raster_0003.jpg
3,125.39751658640604,18.171744359911823,17840.27134435346,1784563780.916484,raster_data/images/session_20260720_090735/raster_0003.jpg
3,127.76186746851738,19.121298120659524,14939.01955990274,1784563780.9270222,raster_data/images/session_20260720_090735/raster_0003.jpg
3,130.37708513505726,20.171603212524406,20945.204804003704,1784563780.937343,raster_data/images/session_20260720_090735/raster_0003.jpg
3,132.97879899472082,21.216485001654977,14237.438004160342,1784563780.9467614,raster_data/images/session_20260720_090735/raster_0003.jpg
3,135.8910405192681,22.3860786997655,19103.240629285236,1784563780.9572225,raster_data/images/session_20260720_090735/raster_0003.jpg
3,138.79478631905886,23.552260405411676,17904.626792217805,1784563780.967653,raster_data/images/session_20260720_090735/raster_0003.jpg
3,140.95535532120266,24.419972739000883,14858.48593838812,1784563780.975414,raster_data/images/session_20260720_090735/raster_0003.jpg
3,143.8299634399925,25.574452376741995,20973.83557819236,1784563780.98574,raster_data/images/session_20260720_090735/raster_0003.jpg
3,146.72156300829542,26.735755999411804,14267.957082529,1784563780.996127,raster_data/images/session_20260720_090735/raster_0003.jpg
3,149.63187972020253,27.904576667979622,19048.173596576573,1784563781.006581,raster_data/images/session_20260720_090735/raster_0003.jpg
3,152.3025904448358,28.97716848657641,17934.83965909781,1784563781.0161746,raster_data/images/session_20260720_090735/raster_0003.jpg
3,155.19107048920466,30.13721926826321,14874.459971045964,1784563781.0265503,raster_data/images/session_20260720_090735/raster_0003.jpg
3,158.12567966408747,31.31579610278377,20938.3150455091,1784563781.0370917,raster_data/images/session_20260720_090735/raster_0003.jpg
3,160.97188020322272,32.45886689072222,14288.932569501438,1784563781.0473156,raster_data/images/session_20260720_090735/raster_0003.jpg
3,163.88982979284077,33.630753021269726,19055.726813296573,1784563781.0577972,raster_data/images/session_20260720_090735/raster_0003.jpg
3,166.0394468597002,34.494066916617214,17948.517105590792,1784563781.0655217,raster_data/images/session_20260720_090735/raster_0003.jpg
3,168.75592604856047,35.58503993982252,14835.111794754599,1784563781.0758963,raster_data/images/session_20260720_090735/raster_0003.jpg
3,171.37722610390963,36.637787797358044,20984.55298029507,1784563781.087212,raster_data/images/session_20260720_090735/raster_0003.jpg
3,173.4797338118024,37.48218196750245,14285.666313622518,1784563781.0976534,raster_data/images/session_20260720_090735/raster_0003.jpg
3,174.8423018679479,38.029406845068955,19004.793635684666,1784563781.1053927,raster_data/images/session_20260720_090735/raster_0003.jpg
3,176.39667038144876,38.65366125618435,18006.186935952974,1784563781.1156898,raster_data/images/session_20260720_090735/raster_0003.jpg
3,177.6772251843903,39.167948555153615,14804.694786882155,1784563781.1261852,raster_data/images/session_20260720_090735/raster_0003.jpg
3,178.63664964202314,39.55326577215022,20948.113813145865,1784563781.136496,raster_data/images/session_20260720_090735/raster_0003.jpg
3,179.30038171890624,39.81982912131369,14323.534467718748,1784563781.1468124,raster_data/images/session_20260720_090735/raster_0003.jpg
3,179.64885932055142,39.959782213590344,18950.44109644951,1784563781.1562831,raster_data/images/session_20260720_090735/raster_0003.jpg
3,179.74376023119154,40.0,17978.42376098215,1784563781.166634,raster_data/images/session_20260720_090735/raster_0003.jpg
3,179.51853907810138,40.0,14799.08090959026,1784563781.1771603,raster_data/images/session_20260720_090735/raster_0003.jpg
3,178.9728716999465,40.0,20922.95343582856,1784563781.187512,raster_data/images/session_20260720_090735/raster_0003.jpg
3,178.10260742048976,40.0,14233.814501544664,1784563781.197895,raster_data/images/session_20260720_090735/raster_0003.jpg
3,177.25030125884476,40.0,18900.222412311115,1784563781.2055793,raster_data/images/session_20260720_090735/raster_0003.jpg
3,175.78657655601893,40.0,17981.026558635665,1784563781.2161617,raster_data/images/session_20260720_090735/raster_0003.jpg
3,174.18674060131926,40.0,14636.278468125342,1784563781.2256598,raster_data/images/session_20260720_090735/raster_0003.jpg
3,172.14531208860686,40.0,20870.182989284756,1784563781.2359629,raster_data/images/session_20260720_090735/raster_0003.jpg
3,169.75882712483534,40.0,14264.027368424675,1784563781.2463746,raster_data/images/session_20260720_090735/raster_0003.jpg
3,166.8656817213147,40.0,18963.148873228434,1784563781.2574413,raster_data/images/session_20260720_090735/raster_0003.jpg
3,163.8500111853599,40.0,18024.406519527573,1784563781.2677617,raster_data/images/session_20260720_090735/raster_0003.jpg
3,161.5304368292808,40.0,14683.537107873466,1784563781.2754936,raster_data/images/session_20260720_090735/raster_0003.jpg
3,158.39632923955912,40.0,20839.765981412314,1784563781.2859406,raster_data/images/session_20260720_090735/raster_0003.jpg
3,155.28568203802104,40.0,14327.464181823074,1784563781.2963095,raster_data/images/session_20260720_090735/raster_0003.jpg
3,151.832427338314,40.0,18779.268874294856,1784563781.3078203,raster_data/images/session_20260720_090735/raster_0003.jpg
3,149.51421196813578,40.0,17986.283189190803,1784563781.3155477,raster_data/images/session_20260720_090735/raster_0003.jpg
3,146.4284556662559,40.0,14670.676225350218,1784563781.3258336,raster_data/images/session_20260720_090735/raster_0003.jpg
3,143.30901081914897,40.0,20858.59798796421,1784563781.3362317,raster_data/images/session_20260720_090735/raster_0003.jpg
3,140.1138919150352,40.0,14273.673030317108,1784563781.346882,raster_data/images/session_20260720_090735/raster_0003.jpg
3,136.86956341619486,40.0,18806.36859104027,1784563781.3576965,raster_data/images/session_20260720_090735/raster_0003.jpg
3,133.82736618871684,40.0,18074.37002742543,1784563781.3678372,raster_data/images/session_20260720_090735/raster_0003.jpg
3,131.15974839086527,40.0,14657.304990345887,1784563781.3767292,raster_data/images/session_20260720_090735/raster_0003.jpg
3,128.05675442571635,40.0,20925.709339226396,1784563781.3870726,raster_data/images/session_20260720_090735/raster_0003.jpg
3,124.72480709905618,40.0,14388.859585297148,1784563781.398179,raster_data/images/session_20260720_090735/raster_0003.jpg
3,122.34908516759866,40.0,18783.504799887833,1784563781.4060981,raster_data/images/session_20260720_090735/raster_0003.jpg
3,119.01992733831399,40.0,18185.06548057195,1784563781.4171953,raster_data/images/session_20260720_090735/raster_0003.jpg
3,115.91235573644632,40.0,14721.456297217801,1784563781.427554,raster_data/images/session_20260720_090735/raster_0003.jpg
3,112.85377915258401,40.0,20969.089300118303,1784563781.4377491,raster_data/images/session_20260720_090735/raster_0003.jpg
3,110.48885758275979,40.0,14454.899196349063,1784563781.4456322,raster_data/images/session_20260720_090735/raster_0003.jpg
3,107.39108498449319,40.0,18862.048046726235,1784563781.4559581,raster_data/images/session_20260720_090735/raster_0003.jpg
3,104.23222954626077,40.0,18221.759823961693,1784563781.4664876,raster_data/images/session_20260720_090735/raster_0003.jpg
3,101.13016541357034,40.0,14767.2859500189,1784563781.4768279,raster_data/images/session_20260720_090735/raster_0003.jpg
3,97.98454220647807,40.0,21050.847767587522,1784563781.4873133,raster_data/images/session_20260720_090735/raster_0003.jpg
3,94.83047898168559,40.0,14506.18962069773,1784563781.4978268,raster_data/images/session_20260720_090735/raster_0003.jpg
3,92.52213414068217,40.0,18859.44524907272,1784563781.5055213,raster_data/images/session_20260720_090735/raster_0003.jpg
3,88.87154038305277,40.0,18339.2429651066,1784563781.51769,raster_data/images/session_20260720_090735/raster_0003.jpg
3,85.78757222051615,40.0,14749.423613181054,1784563781.5279698,raster_data/images/session_20260720_090735/raster_0003.jpg
3,83.42930252904887,40.0,21015.684481641027,1784563781.5358307,raster_data/images/session_20260720_090735/raster_0003.jpg
3,80.40234024877543,40.0,14534.820394886387,1784563781.5459206,raster_data/images/session_20260720_090735/raster_0003.jpg
3,77.22782070989604,40.0,18782.024777692695,1784563781.5565023,raster_data/images/session_20260720_090735/raster_0003.jpg
3,73.94765789861674,40.0,18298.925119101183,1784563781.5674362,raster_data/images/session_20260720_090735/raster_0003.jpg
3,70.85789616460795,40.0,14697.673871599414,1784563781.5777354,raster_data/images/session_20260720_090735/raster_0003.jpg
3,68.29164766359058,40.0,20990.06478709074,1784563781.586518,raster_data/images/session_20260720_090735/raster_0003.jpg
3,65.29285463308213,40.0,14462.095166332307,1784563781.597938,raster_data/images/session_20260720_090735/raster_0003.jpg
3,63.10840099308176,40.0,18766.3569565235,1784563781.6073825,raster_data/images/session_20260720_090735/raster_0003.jpg
3,61.01263610152792,40.0,18285.65595459307,1784563781.6177819,raster_data/images/session_20260720_090735/raster_0003.jpg
3,59.66448528176376,40.0,14633.267388486964,1784563781.6255152,raster_data/images/session_20260720_090735/raster_0003.jpg
3,58.15031416592616,40.0,20995.62762913453,1784563781.635794,raster_data/images/session_20260720_090735/raster_0003.jpg
3,56.93567488401571,40.0,14464.646928737717,1784563781.6462455,raster_data/images/session_20260720_090735/raster_0003.jpg
3,56.115877882345686,40.0,18665.66441200617,1784563781.6557462,raster_data/images/session_20260720_090735/raster_0003.jpg
3,55.52645806669125,40.0,18316.73642069092,1784563781.666207,raster_data/images/session_20260720_090735/raster_0003.jpg
3,55.267342601591324,40.0,14594.021282691814,1784563781.6764576,raster_data/images/session_20260720_090735/raster_0003.jpg
3,55.20695633520859,40.05992661477007,20913.40984443234,1784563781.6867998,raster_data/images/session_20260720_090735/raster_0003.jpg
3,54.954997223297816,40.40274678445382,14494.298407888537,1784563781.6980126,raster_data/images/session_20260720_090735/raster_0003.jpg
3,54.645740829280456,40.8235266827032,18621.77409863318,1784563781.705861,raster_data/images/session_20260720_090735/raster_0003.jpg
3,54.07494856277485,41.60015706599699,18311.939107368755,1784563781.7161438,raster_data/images/session_20260720_090735/raster_0003.jpg
3,53.303709574370984,42.64951892025282,14587.999123415055,1784563781.7265782,raster_data/images/session_20260720_090735/raster_0003.jpg
3,52.24774963183163,44.086277305116425,21021.24732368481,1784563781.737903,raster_data/images/session_20260720_090735/raster_0003.jpg
3,51.39072441315043,45.25236147116791,14448.570825583656,1784563781.7456794,raster_data/images/session_20260720_090735/raster_0003.jpg
3,50.077736818169726,47.038836374537766,18589.264645588308,1784563781.756071,raster_data/images/session_20260720_090735/raster_0003.jpg
3,48.58889648282753,49.06457972838314,18338.12018964822,1784563781.7663589,raster_data/images/session_20260720_090735/raster_0003.jpg
3,46.88626708694324,51.38120838284635,14504.556492758267,1784563781.776796,raster_data/images/session_20260720_090735/raster_0003.jpg
3,45.10595475262411,53.80353386221821,20943.112358831266,1784563781.786931,raster_data/images/session_20260720_090735/raster_0003.jpg
3,43.627882755138906,55.814625618892315,14483.83618202637,1784563781.7960024,raster_data/images/session_20260720_090735/raster_0003.jpg
3,42.078462481042436,57.92279514389567,18538.943890953695,1784563781.8066576,raster_data/images/session_20260720_090735/raster_0003.jpg
3,40.669642487371846,59.83966135929596,18388.696120523375,1784563781.817837,raster_data/images/session_20260720_090735/raster_0003.jpg
3,39.83601244515831,60.973913620934056,14508.333101118269,1784563781.825463,raster_data/images/session_20260720_090735/raster_0003.jpg
3,38.86263819208395,62.298304408288956,20942.908217838834,1784563781.8358994,raster_data/images/session_20260720_090735/raster_0003.jpg
3,38.066144769190075,63.382027907382614,14492.052856971777,1784563781.8465905,raster_data/images/session_20260720_090735/raster_0003.jpg
3,37.48876890701308,64.16761605119586,18546.088825688832,1784563781.8569353,raster_data/images/session_20260720_090735/raster_0003.jpg
3,37.102374711536854,64.69335105102748,18517.407016252066,1784563781.8672497,raster_data/images/session_20260720_090735/raster_0003.jpg
3,36.92233608223741,64.93831489844699,14493.07356193394,1784563781.876034,raster_data/images/session_20260720_090735/raster_0003.jpg
3,36.893074137823135,65.0,20975.928023364795,1784563781.8864515,raster_data/images/session_20260720_090735/raster_0003.jpg
3,37.15042459226742,65.0,14522.16365335557,1784563781.8966792,raster_data/images/session_20260720_090735/raster_0003.jpg
3,37.73110549712339,65.0,18487.04104362773,1784563781.90704,raster_data/images/session_20260720_090735/raster_0003.jpg
3,38.651700029506614,65.0,18473.261526638536,1784563781.9175746,raster_data/images/session_20260720_090735/raster_0003.jpg
3,39.86636609445502,65.0,14507.465501900433,1784563781.92782,raster_data/images/session_20260720_090735/raster_0003.jpg
3,41.023523362977855,65.0,20952.86009121992,1784563781.935755,raster_data/images/session_20260720_090735/raster_0003.jpg
3,43.13120586212747,65.0,14585.600466753971,1784563781.9477494,raster_data/images/session_20260720_090735/raster_0003.jpg
3,44.75490467824295,65.0,18479.181615419082,1784563781.9556482,raster_data/images/session_20260720_090735/raster_0003.jpg
3,47.14553749325978,65.0,18473.15945614232,1784563781.9659166,raster_data/images/session_20260720_090735/raster_0003.jpg
3,49.854821931873275,65.0,14479.600256433396,1784563781.9761934,raster_data/images/session_20260720_090735/raster_0003.jpg
3,52.90988934427375,65.0,20955.30978312911,1784563781.986621,raster_data/images/session_20260720_090735/raster_0003.jpg
3,55.99664700418586,65.0,14519.816031942599,1784563781.99691,raster_data/images/session_20260720_090735/raster_0003.jpg
3,59.12045491129035,65.0,18479.691967900162,1784563782.0073228,raster_data/images/session_20260720_090735/raster_0003.jpg
3,61.964025620518875,65.0,18483.672717252593,1784563782.0168014,raster_data/images/session_20260720_090735/raster_0003.jpg
3,65.06594670206184,65.0,14397.535577475532,1784563782.027141,raster_data/images/session_20260720_090735/raster_0003.jpg
3,68.20005429178352,65.0,20961.28090715776,1784563782.0375881,raster_data/images/session_20260720_090735/raster_0003.jpg
3,71.27565396219367,65.0,14560.389054188558,1784563782.04784,raster_data/images/session_20260720_090735/raster_0003.jpg
3,73.62877381235236,65.0,18404.36394169257,1784563782.0556839,raster_data/images/session_20260720_090735/raster_0003.jpg
3,76.72347081094856,65.0,18659.948464218058,1784563782.0659995,raster_data/images/session_20260720_090735/raster_0003.jpg
3,79.82789528757209,65.0,14417.847606222565,1784563782.0763476,raster_data/images/session_20260720_090735/raster_0003.jpg
3,82.71359455972785,65.0,20972.865908478307,1784563782.0859666,raster_data/images/session_20260720_090735/raster_0003.jpg
3,85.8861113825428,65.0,14587.386700437757,1784563782.0965416,raster_data/images/session_20260720_090735/raster_0003.jpg
3,89.03302204996223,65.0,18444.32454096123,1784563782.1070313,raster_data/images/session_20260720_090735/raster_0003.jpg
3,92.08201420694465,65.0,18542.516358321263,1784563782.1171947,raster_data/images/session_20260720_090735/raster_0003.jpg
3,95.24795067697639,65.0,14423.614589258781,1784563782.1277478,raster_data/images/session_20260720_090735/raster_0003.jpg
3,97.74490845590705,65.0,20999.8635547275,1784563782.136071,raster_data/images/session_20260720_090735/raster_0003.jpg
3,100.87722790628547,65.0,14633.267388486962,1784563782.146512,raster_data/images/session_20260720_090735/raster_0003.jpg
3,103.98522866159553,65.0,18390.329248462833,1784563782.156872,raster_data/images/session_20260720_090735/raster_0003.jpg
3,106.64261830240363,65.0,18676.534919853202,1784563782.16573,raster_data/images/session_20260720_090735/raster_0003.jpg
3,109.7039128580677,65.0,14442.089349073924,1784563782.1759343,raster_data/images/session_20260720_090735/raster_0003.jpg
3,112.79996884256477,65.0,21028.69846990859,1784563782.1862545,raster_data/images/session_20260720_090735/raster_0003.jpg
3,115.96225750833625,65.0,14694.969003449685,1784563782.1967955,raster_data/images/session_20260720_090735/raster_0003.jpg
3,119.06861317545051,65.0,18416.5103307423,1784563782.20715,raster_data/images/session_20260720_090735/raster_0003.jpg
3,121.60791409402961,65.0,18670.8700073132,1784563782.2156143,raster_data/images/session_20260720_090735/raster_0003.jpg
3,124.76169121652717,65.0,14458.114416979875,1784563782.226127,raster_data/images/session_20260720_090735/raster_0003.jpg
3,127.91625512033576,65.0,21056.61475062374,1784563782.2366421,raster_data/images/session_20260720_090735/raster_0003.jpg
3,131.28911507516975,65.0,14658.938118285347,1784563782.247885,raster_data/images/session_20260720_090735/raster_0003.jpg
3,134.18525708109016,65.0,18391.29891817689,1784563782.2575388,raster_data/images/session_20260720_090735/raster_0003.jpg
3,137.30548870950813,65.0,18706.951927725644,1784563782.2679396,raster_data/images/session_20260720_090735/raster_0003.jpg
3,139.6163369455921,65.0,14422.593884296619,1784563782.2756424,raster_data/images/session_20260720_090735/raster_0003.jpg
3,142.781701211034,65.0,21045.335960791846,1784563782.2861936,raster_data/images/session_20260720_090735/raster_0003.jpg
3,145.92138779550666,65.0,14749.474648429165,1784563782.2966592,raster_data/images/session_20260720_090735/raster_0003.jpg
3,148.8086606302845,65.0,18326.790364568216,1784563782.3062835,raster_data/images/session_20260720_090735/raster_0003.jpg
3,151.89169896036262,65.0,18748.035302452685,1784563782.3165603,raster_data/images/session_20260720_090735/raster_0003.jpg
3,154.97309220224494,65.0,14416.826901260401,1784563782.3268316,raster_data/images/session_20260720_090735/raster_0003.jpg
3,158.0999041834461,65.0,21003.027740110207,1784563782.3372543,raster_data/images/session_20260720_090735/raster_0003.jpg
3,161.1865903177845,65.0,14704.35948910158,1784563782.3475432,raster_data/images/session_20260720_090735/raster_0003.jpg
3,163.56946480661506,65.0,18432.178151911496,1784563782.3554862,raster_data/images/session_20260720_090735/raster_0003.jpg
3,166.656007889806,65.0,18718.894175782945,1784563782.3657746,raster_data/images/session_20260720_090735/raster_0003.jpg
3,170.2831412592518,65.0,14329.301450754965,1784563782.377865,raster_data/images/session_20260720_090735/raster_0003.jpg
3,172.59105694681284,65.0,20985.369544264795,1784563782.3855581,raster_data/images/session_20260720_090735/raster_0003.jpg
3,175.7504845896351,65.0,14694.254509976172,1784563782.3960896,raster_data/images/session_20260720_090735/raster_0003.jpg
3,178.85326397806284,65.0,18179.349532783843,1784563782.4064322,raster_data/images/session_20260720_090735/raster_0003.jpg
3,182.16811669260142,65.0,18726.192216262407,1784563782.4174817,raster_data/images/session_20260720_090735/raster_0003.jpg
3,184.5334174044751,65.0,14290.769838433333,1784563782.425482,raster_data/images/session_20260720_090735/raster_0003.jpg
3,187.34458685615587,65.0,20913.30777393613,1784563782.4358966,raster_data/images/session_20260720_090735/raster_0003.jpg
3,189.86611725285843,65.0,14689.814443390766,1784563782.4464717,raster_data/images/session_20260720_090735/raster_0003.jpg
3,191.99514019235733,65.0,18165.31483955411,1784563782.4567487,raster_data/images/session_20260720_090735/raster_0003.jpg
3,193.83240373684387,65.0,18680.770845446175,1784563782.467182,raster_data/images/session_20260720_090735/raster_0003.jpg
3,195.342958521968,65.0,14322.258586516045,1784563782.477614,raster_data/images/session_20260720_090735/raster_0003.jpg
3,196.33562199804092,65.0,20896.364071564225,1784563782.4861453,raster_data/images/session_20260720_090735/raster_0003.jpg
3,197.24724715483092,65.0,14783.259982676744,1784563782.496502,raster_data/images/session_20260720_090735/raster_0003.jpg
3,197.83487456215582,65.0,18087.230909948674,1784563782.5068052,raster_data/images/session_20260720_090735/raster_0003.jpg
3,198.0840699991007,65.0,18757.221647112146,1784563782.5155702,raster_data/images/session_20260720_090735/raster_0003.jpg
3,198.13546478862492,65.03838626701446,14221.463971502497,1784563782.5258517,raster_data/images/session_20260720_090735/raster_0003.jpg
3,198.23634894182908,65.34906670925436,20891.311582001523,1784563782.5363066,raster_data/images/session_20260720_090735/raster_0003.jpg
3,198.43458846334588,65.95956043158996,14701.348409463202,1784563782.546599,raster_data/images/session_20260720_090735/raster_0003.jpg
3,198.76390981771127,66.9737306532128,18067.174057442182,1784563782.5578594,raster_data/images/session_20260720_090735/raster_0003.jpg
3,199.06332224751736,67.89579406109067,18736.1951248916,1784563782.5657175,raster_data/images/session_20260720_090735/raster_0003.jpg
3,199.58026881967206,69.48777044737642,14230.752386658176,1784563782.5767505,raster_data/images/session_20260720_090735/raster_0003.jpg
3,200.17171753164072,71.30918185403036,20852.62686393556,1784563782.587165,raster_data/images/session_20260720_090735/raster_0003.jpg
3,200.88202564079404,73.49662983738003,14720.38455700753,1784563782.597837,raster_data/images/session_20260720_090735/raster_0003.jpg
3,201.46321331251207,75.28644158817467,18033.337687946496,1784563782.605577,raster_data/images/session_20260720_090735/raster_0003.jpg
3,202.3790961692084,78.10697268172082,18860.976306515968,1784563782.6165693,raster_data/images/session_20260720_090735/raster_0003.jpg
3,203.21998081028204,80.69654105161996,14227.843377516012,1784563782.6271188,raster_data/images/session_20260720_090735/raster_0003.jpg
3,203.82346732276181,82.55502378283384,20874.776161614493,1784563782.6356335,raster_data/images/session_20260720_090735/raster_0003.jpg
3,204.45934441355834,84.5132557697657,14720.38455700753,1784563782.6458573,raster_data/images/session_20260720_090735/raster_0003.jpg
3,205.00566163873606,86.19568132155716,17968.012570368097,1784563782.6562333,raster_data/images/session_20260720_090735/raster_0003.jpg
3,205.46224915208245,87.60177738384587,18808.767247701355,1784563782.6668723,raster_data/images/session_20260720_090735/raster_0003.jpg
3,205.80472680077003,88.65646341700551,14179.002645076536,1784563782.6771846,raster_data/images/session_20260720_090735/raster_0003.jpg
3,206.0138553273433,89.30049066070235,20837.367324751234,1784563782.6857293,raster_data/images/session_20260720_090735/raster_0003.jpg
3,206.17788052948845,89.80561877768059,14761.416896486464,1784563782.6961997,raster_data/images/session_20260720_090735/raster_0003.jpg
3,206.240123514163,89.9973007950326,17997.25576753405,1784563782.7064967,raster_data/images/session_20260720_090735/raster_0003.jpg
3,206.1224554869396,90.0,18809.328635430542,1784563782.716762,raster_data/images/session_20260720_090735/raster_0003.jpg
3,205.6824620632219,90.0,14257.545891914942,1784563782.7271688,raster_data/images/session_20260720_090735/raster_0003.jpg
3,205.06206863080567,90.0,20886.718409671787,1784563782.735907,raster_data/images/session_20260720_090735/raster_0003.jpg
3,204.02155871463802,90.0,14842.256729489736,1784563782.7463381,raster_data/images/session_20260720_090735/raster_0003.jpg
3,202.64955530757155,90.0,18000.87927014973,1784563782.7568038,raster_data/images/session_20260720_090735/raster_0003.jpg
3,200.9818805412787,90.0,18972.692464624655,1784563782.7670844,raster_data/images/session_20260720_090735/raster_0003.jpg
3,198.996586236261,90.0,14227.94544801223,1784563782.7773676,raster_data/images/session_20260720_090735/raster_0003.jpg
3,196.7245042228969,90.0,20970.977604298303,1784563782.7875235,raster_data/images/session_20260720_090735/raster_0003.jpg
3,194.42918332985357,90.0,14892.883695612998,1784563782.7966108,raster_data/images/session_20260720_090735/raster_0003.jpg
3,191.933315345752,90.0,17988.018387626482,1784563782.8055372,raster_data/images/session_20260720_090735/raster_0003.jpg
3,188.86725284772098,90.0,18964.986142160324,1784563782.8157847,raster_data/images/session_20260720_090735/raster_0003.jpg
3,185.46356537060916,90.0,14262.649416725752,1784563782.8271303,raster_data/images/session_20260720_090735/raster_0003.jpg
3,182.37974025922,90.0,20914.940901875583,1784563782.8374097,raster_data/images/session_20260720_090735/raster_0003.jpg
3,179.18769695477664,90.0,14897.017550709754,1784563782.8480499,raster_data/images/session_20260720_090735/raster_0003.jpg
3,176.69960834698855,90.0,17970.768473765933,1784563782.8563435,raster_data/images/session_20260720_090735/raster_0003.jpg
3,173.61621238904178,90.0,18999.639075625742,1784563782.8666215,raster_data/images/session_20260720_090735/raster_0003.jpg
3,170.50327636914432,90.0,14208.501018483035,1784563782.876998,raster_data/images/session_20260720_090735/raster_0003.jpg
3,167.10488178448855,90.0,20962.965070345334,1784563782.888326,raster_data/images/session_20260720_090735/raster_0003.jpg
3,164.3074450703162,90.0,14920.748941080034,1784563782.8976507,raster_data/images/session_20260720_090735/raster_0003.jpg
3,161.98593952374637,90.0,17894.62388358861,1784563782.905389,raster_data/images/session_20260720_090735/raster_0003.jpg
3,158.8948188038367,90.0,19064.147629234412,1784563782.9156928,raster_data/images/session_20260720_090735/raster_0003.jpg
3,155.774515649845,90.0,14318.737154396584,1784563782.9260938,raster_data/images/session_20260720_090735/raster_0003.jpg
3,152.65106537060916,90.0,20921.11616689667,1784563782.9365053,raster_data/images/session_20260720_090735/raster_0003.jpg
3,149.7963366718787,90.0,14960.199187867613,1784563782.946021,raster_data/images/session_20260720_090735/raster_0003.jpg
3,146.6443476887244,90.0,17909.526176036183,1784563782.9565277,raster_data/images/session_20260720_090735/raster_0003.jpg
3,143.5635266514319,90.0,19066.801462136034,1784563782.966797,raster_data/images/session_20260720_090735/raster_0003.jpg
3,140.20132400708377,90.0,14218.40185661601,1784563782.9780045,raster_data/images/session_20260720_090735/raster_0003.jpg
3,137.89011814313113,90.0,20966.639608209116,1784563782.9857085,raster_data/images/session_20260720_090735/raster_0003.jpg
3,134.75887157635867,90.0,14968.620003805452,1784563782.996146,raster_data/images/session_20260720_090735/raster_0003.jpg
3,131.67418815808475,90.0,17940.759747878357,1784563783.0064282,raster_data/images/session_20260720_090735/raster_0003.jpg
3,128.59565593915164,90.0,19143.201228553902,1784563783.01669,raster_data/images/session_20260720_090735/raster_0003.jpg
3,125.96065380292119,90.0,14232.436549845746,1784563783.0254734,raster_data/images/session_20260720_090735/raster_0003.jpg
3,122.82332756238164,90.0,20985.828861497772,1784563783.035931,raster_data/images/session_20260720_090735/raster_0003.jpg
3,119.73513939099492,90.0,15088.50180161144,1784563783.046225,raster_data/images/session_20260720_090735/raster_0003.jpg
3,116.60453655438603,90.0,17895.083200821584,1784563783.0566604,raster_data/images/session_20260720_090735/raster_0003.jpg
3,113.45991470532596,90.0,19217.81476128798,1784563783.0671425,raster_data/images/session_20260720_090735/raster_0003.jpg
3,110.14499046521365,90.0,14262.700451973862,1784563783.0781922,raster_data/images/session_20260720_090735/raster_0003.jpg
3,107.8398642750281,90.0,20980.266019453982,1784563783.085876,raster_data/images/session_20260720_090735/raster_0003.jpg
3,104.36300613599002,90.0,15068.853231089814,1784563783.0974655,raster_data/images/session_20260720_090735/raster_0003.jpg
3,101.27925255017459,90.0,17884.008551982122,1784563783.1077447,raster_data/images/session_20260720_090735/raster_0003.jpg
3,98.97419788556277,90.0,19202.04486962257,1784563783.1154282,raster_data/images/session_20260720_090735/raster_0003.jpg
3,95.58452942090213,90.0,14196.252558937083,1784563783.126727,raster_data/images/session_20260720_090735/raster_0003.jpg
3,92.44949199872195,90.0,20989.248223121012,1784563783.1371772,raster_data/images/session_20260720_090735/raster_0003.jpg
3,89.353936693241,90.0,15082.53067758279,1784563783.1474957,raster_data/images/session_20260720_090735/raster_0003.jpg
3,86.2533745975989,90.0,17815.366143276693,1784563783.157831,raster_data/images/session_20260720_090735/raster_0003.jpg
3,83.66414882855594,90.0,19257.213972827452,1784563783.1664617,raster_data/images/session_20260720_090735/raster_0003.jpg
3,80.5322585316199,90.0,14180.635773015998,1784563783.1769013,raster_data/images/session_20260720_090735/raster_0003.jpg
3,77.45065071301639,90.0,20951.175928032357,1784563783.1871734,raster_data/images/session_20260720_090735/raster_0003.jpg
3,74.31954719739139,90.0,15117.132575800098,1784563783.1976104,raster_data/images/session_20260720_090735/raster_0003.jpg
3,71.9523368092078,90.0,17815.774425261556,1784563783.205501,raster_data/images/session_20260720_090735/raster_0003.jpg
3,68.76901962475955,90.0,19235.677098125823,1784563783.2161121,raster_data/images/session_20260720_090735/raster_0003.jpg
3,65.63612796979129,90.0,14263.721156936026,1784563783.226555,raster_data/images/session_20260720_090735/raster_0003.jpg
3,62.2658429356116,90.0,20985.26747376858,1784563783.2377894,raster_data/images/session_20260720_090735/raster_0003.jpg
3,59.91923191266238,90.0,15059.768956926568,1784563783.2456114,raster_data/images/session_20260720_090735/raster_0003.jpg
3,56.73448421673953,90.0,17776.22210797776,1784563783.2562273,raster_data/images/session_20260720_090735/raster_0003.jpg
3,53.6000189991492,90.0,19248.231769160422,1784563783.2666755,raster_data/images/session_20260720_090735/raster_0003.jpg
3,50.54630615430057,90.0,14112.554752039756,1784563783.2768545,raster_data/images/session_20260720_090735/raster_0003.jpg
3,47.39903785901248,90.0,20918.61543973937,1784563783.2873454,raster_data/images/session_20260720_090735/raster_0003.jpg
3,44.291323205997344,90.0,15104.016517036313,1784563783.2977045,raster_data/images/session_20260720_090735/raster_0003.jpg
3,41.47144632361653,90.0,17667.77220574799,1784563783.3074193,raster_data/images/session_20260720_090735/raster_0003.jpg
3,38.803804058818,90.0,19268.339656915025,1784563783.3176465,raster_data/images/session_20260720_090735/raster_0003.jpg
3,36.97794016723691,90.0,14262.190099492782,1784563783.3254566,raster_data/images/session_20260720_090735/raster_0003.jpg
3,34.83231346064346,90.0,20864.62014724097,1784563783.335848,raster_data/images/session_20260720_090735/raster_0003.jpg
3,33.03897523513015,90.0,15114.6318486428,1784563783.3460624,raster_data/images/session_20260720_090735/raster_0003.jpg
3,31.503198011550325,90.0,17681.70482848151,1784563783.3567066,raster_data/images/session_20260720_090735/raster_0003.jpg
3,30.333949814669324,90.0,19274.004569455024,1784563783.3670757,raster_data/images/session_20260720_090735/raster_0003.jpg
3,29.599939140418883,90.0,14077.289395597043,1784563783.3758013,raster_data/images/session_20260720_090735/raster_0003.jpg
3,29.00180925468939,90.0,20877.736206004764,1784563783.386756,raster_data/images/session_20260720_090735/raster_0003.jpg
3,28.767322797432797,90.0,15098.86195697739,1784563783.3971233,raster_data/images/session_20260720_090735/raster_0003.jpg
3,28.7563269010916,90.09519583007123,17571.928009800933,1784563783.4074469,raster_data/images/session_20260720_090735/raster_0003.jpg
3,28.74489542785056,90.50229957797147,19284.41576006908,1784563783.4177818,raster_data/images/session_20260720_090735/raster_0003.jpg
3,28.730301525293267,91.02202545251903,14140.419997506795,1784563783.4255867,raster_data/images/session_20260720_090735/raster_0003.jpg
3,28.702952367872914,91.99599829512412,20810.624854742575,1784563783.4359643,raster_data/images/session_20260720_090735/raster_0003.jpg
3,28.66640557309558,93.29752232565599,15104.782045757935,1784563783.4463747,raster_data/images/session_20260720_090735/raster_0003.jpg
3,28.62432075495832,94.79626941031628,17560.189902736067,1784563783.4560366,raster_data/images/session_20260720_090735/raster_0003.jpg
3,28.569524288481638,96.74771052415821,19237.310226065285,1784563783.4665627,raster_data/images/session_20260720_090735/raster_0003.jpg
3,28.50687884421697,98.9786736389968,14042.228180146762,1784563783.476862,raster_data/images/session_20260720_090735/raster_0003.jpg
3,28.434838139510102,101.54422580092232,20807.052387375006,1784563783.4872239,raster_data/images/session_20260720_090735/raster_0003.jpg
3,28.35702972611603,104.3151806938736,15081.458937372521,1784563783.4976733,raster_data/images/session_20260720_090735/raster_0003.jpg
3,28.304214482411812,106.19606544117474,17522.78106587281,1784563783.5054626,raster_data/images/session_20260720_090735/raster_0003.jpg
3,28.24184464811861,108.4172133860893,19270.585207831784,1784563783.51583,raster_data/images/session_20260720_090735/raster_0003.jpg
3,28.18430388581267,110.4663858328821,13971.493326268897,1784563783.5271018,raster_data/images/session_20260720_090735/raster_0003.jpg
3,28.140230449101434,112.03595266732786,20884.881140739897,1784563783.5376277,raster_data/images/session_20260720_090735/raster_0003.jpg
3,28.106483794389984,113.2377566100432,15098.964027473605,1784563783.5478065,raster_data/images/session_20260720_090735/raster_0003.jpg
3,28.084600174871202,114.01708778948709,17420.863675400884,1784563783.5564857,raster_data/images/session_20260720_090735/raster_0003.jpg
3,28.067017138726648,114.64326429036146,19296.76629011125,1784563783.5666645,raster_data/images/session_20260720_090735/raster_0003.jpg
3,28.058057896123394,114.96232563663116,13977.617556041872,1784563783.5770764,raster_data/images/session_20260720_090735/raster_0003.jpg
3,28.074834729369158,115.0,20711.310261924165,1784563783.5855372,raster_data/images/session_20260720_090735/raster_0003.jpg
3,28.356971907406486,115.0,15168.116788660116,1784563783.5962305,raster_data/images/session_20260720_090735/raster_0003.jpg
3,28.99962174670945,115.0,17437.399095787914,1784563783.6071572,raster_data/images/session_20260720_090735/raster_0003.jpg
3,29.908118542881983,115.0,19314.47552120477,1784563783.6172185,raster_data/images/session_20260720_090735/raster_0003.jpg
3,31.147091815737312,115.0,14002.47172187053,1784563783.627477,raster_data/images/session_20260720_090735/raster_0003.jpg
3,32.70865981562971,115.0,20826.445781656093,1784563783.6377766,raster_data/images/session_20260720_090735/raster_0003.jpg
3,34.11047817628116,115.0,15209.302233883374,1784563783.6456158,raster_data/images/session_20260720_090735/raster_0003.jpg
3,36.396608091808716,115.0,17463.12086083441,1784563783.6566527,raster_data/images/session_20260720_090735/raster_0003.jpg
3,39.121032841238566,115.0,19472.42961409942,1784563783.6679728,raster_data/images/session_20260720_090735/raster_0003.jpg
3,41.19635025615675,115.0,14014.567075672156,1784563783.6756816,raster_data/images/session_20260720_090735/raster_0003.jpg
3,44.44797490526659,115.0,20874.623055870165,1784563783.6867256,raster_data/images/session_20260720_090735/raster_0003.jpg
3,47.590379461541005,115.0,15280.751581234748,1784563783.6972003,raster_data/images/session_20260720_090735/raster_0003.jpg
3,50.68514798571093,115.0,17477.308659808466,1784563783.7075162,raster_data/images/session_20260720_090735/raster_0003.jpg
3,53.82132981707079,115.0,19490.496091929694,1784563783.7179701,raster_data/images/session_20260720_090735/raster_0003.jpg
3,56.13339398790819,115.0,14056.41597912082,1784563783.725677,raster_data/images/session_20260720_090735/raster_0003.jpg
3,59.52942822863085,115.0,20910.96015252315,1784563783.7369971,raster_data/images/session_20260720_090735/raster_0003.jpg
3,62.65953038622362,115.0,15244.567590326087,1784563783.7474308,raster_data/images/session_20260720_090735/raster_0003.jpg
3,65.18559907366259,115.0,17504.15320031334,1784563783.755851,raster_data/images/session_20260720_090735/raster_0003.jpg
3,68.33909009386522,115.0,19460.589436538332,1784563783.7663627,raster_data/images/session_20260720_090735/raster_0003.jpg
3,71.42813657213671,115.0,14042.687497379733,1784563783.7766595,raster_data/images/session_20260720_090735/raster_0003.jpg
3,74.43678830553515,115.0,20959.086391489112,1784563783.7866883,raster_data/images/session_20260720_090735/raster_0003.jpg
3,77.15261434008104,115.0,15318.56870008287,1784563783.795741,raster_data/images/session_20260720_090735/raster_0003.jpg
3,80.23765538622362,115.0,17397.081249782495,1784563783.8060246,raster_data/images/session_20260720_090735/raster_0003.jpg
3,83.32097981859667,115.0,19538.21404891079,1784563783.8163023,raster_data/images/session_20260720_090735/raster_0003.jpg
3,86.46996472765429,115.0,14022.88582111378,1784563783.826799,raster_data/images/session_20260720_090735/raster_0003.jpg
3,89.56265901018602,115.0,20799.958487887972,1784563783.837108,raster_data/images/session_20260720_090735/raster_0003.jpg
3,92.67344926287157,115.0,15372.666063077482,1784563783.8474772,raster_data/images/session_20260720_090735/raster_0003.jpg
3,95.77022050310595,115.0,17363.806268015996,1784563783.8577998,raster_data/images/session_20260720_090735/raster_0003.jpg
3,98.15445397783739,115.0,19565.313765656203,1784563783.8657472,raster_data/images/session_20260720_090735/raster_0003.jpg
3,101.49791692186815,115.0,14034.87910441919,1784563783.876892,raster_data/images/session_20260720_090735/raster_0003.jpg
3,104.12319158007128,115.0,20903.815217788007,1784563783.885643,raster_data/images/session_20260720_090735/raster_0003.jpg
3,107.21080754686815,115.0,15384.863487375327,1784563783.895935,raster_data/images/session_20260720_090735/raster_0003.jpg
3,110.40678475786669,115.0,17403.61376154034,1784563783.9065883,raster_data/images/session_20260720_090735/raster_0003.jpg
3,113.48309968401415,115.0,19667.639438112998,1784563783.9168427,raster_data/images/session_20260720_090735/raster_0003.jpg
3,116.602830633416,115.0,14083.158449129476,1784563783.9272418,raster_data/images/session_20260720_090735/raster_0003.jpg
3,119.6674868910454,115.0,20882.431448830706,1784563783.9374573,raster_data/images/session_20260720_090735/raster_0003.jpg
3,122.77942155291063,115.0,15476.624863473735,1784563783.9478304,raster_data/images/session_20260720_090735/raster_0003.jpg
3,125.70431683947069,115.0,17370.03256828519,1784563783.95758,raster_data/images/session_20260720_090735/raster_0003.jpg
3,128.7516639082573,115.0,19623.851195236228,1784563783.967738,raster_data/images/session_20260720_090735/raster_0003.jpg
3,131.10864613939745,115.0,14038.502607034869,1784563783.9755945,raster_data/images/session_20260720_090735/raster_0003.jpg
3,134.18968175341112,115.0,20833.3865753988,1784563783.9858646,raster_data/images/session_20260720_090735/raster_0003.jpg
3,137.3190686552666,115.0,15379.453751075864,1784563783.996296,raster_data/images/session_20260720_090735/raster_0003.jpg
3,140.45131658007128,115.0,17311.137891968414,1784563784.0067368,raster_data/images/session_20260720_090735/raster_0003.jpg
3,143.53936170031054,115.0,19615.02209731352,1784563784.0170302,raster_data/images/session_20260720_090735/raster_0003.jpg
3,146.43156979967577,115.0,13959.091760978623,1784563784.026671,raster_data/images/session_20260720_090735/raster_0003.jpg
3,149.53463529039843,115.0,20894.679908376656,1784563784.0370145,raster_data/images/session_20260720_090735/raster_0003.jpg
3,152.66323541094286,115.0,15423.548205441284,1784563784.0474432,raster_data/images/session_20260720_090735/raster_0003.jpg
3,155.74548695970995,115.0,17209.06739575216,1784563784.0577173,raster_data/images/session_20260720_090735/raster_0003.jpg
3,158.10425733019335,115.0,19586.187182132428,1784563784.06558,raster_data/images/session_20260720_090735/raster_0003.jpg
3,161.23142693926317,115.0,13954.192377160243,1784563784.0760038,raster_data/images/session_20260720_090735/raster_0003.jpg
3,164.3196151106499,115.0,20719.118654884707,1784563784.0862978,raster_data/images/session_20260720_090735/raster_0003.jpg
3,167.22555612017138,115.0,15362.714189696399,1784563784.0959842,raster_data/images/session_20260720_090735/raster_0003.jpg
3,170.33484433580858,115.0,17194.318209048914,1784563784.1063485,raster_data/images/session_20260720_090735/raster_0003.jpg
3,173.41344808031542,115.0,19601.08947458,1784563784.1166105,raster_data/images/session_20260720_090735/raster_0003.jpg
3,176.54769872118456,115.0,13888.663118589411,1784563784.127058,raster_data/images/session_20260720_090735/raster_0003.jpg
3,180.1490828840874,115.0,20701.30735329497,1784563784.1390626,raster_data/images/session_20260720_090735/raster_0003.jpg
3,182.25050424028856,115.0,15419.00606835966,1784563784.1460674,raster_data/images/session_20260720_090735/raster_0003.jpg
3,185.54103825975878,115.0,17096.738814666176,1784563784.1570358,raster_data/images/session_20260720_090735/raster_0003.jpg
3,188.7287900297783,115.0,19656.513754025425,1784563784.1676617,raster_data/images/session_20260720_090735/raster_0003.jpg
3,191.80503343035204,115.0,14050.853137077032,1784563784.1779158,raster_data/images/session_20260720_090735/raster_0003.jpg
3,194.075245369575,115.0,20686.30299035118,1784563784.1857555,raster_data/images/session_20260720_090735/raster_0003.jpg
3,196.76798433871417,115.0,15453.454860832648,1784563784.1960146,raster_data/images/session_20260720_090735/raster_0003.jpg
3,199.18473497029777,115.0,17138.536682866732,1784563784.2064579,raster_data/images/session_20260720_090735/raster_0003.jpg
3,201.3045585711259,115.0,19654.880626085967,1784563784.2170653,raster_data/images/session_20260720_090735/raster_0003.jpg
3,203.03318556868498,115.0,13917.85528050726,1784563784.2273214,raster_data/images/session_20260720_090735/raster_0003.jpg
3,204.24308908206152,115.0,20686.14988460686,1784563784.23595,raster_data/images/session_20260720_090735/raster_0003.jpg
3,205.40611674508978,115.0,15461.977747266705,1784563784.2463665,raster_data/images/session_20260720_090735/raster_0003.jpg
3,206.24956692454518,115.0,17027.330877239125,1784563784.2568748,raster_data/images/session_20260720_090735/raster_0003.jpg
3,206.75651766278816,115.0,19684.22589374814,1784563784.2672257,raster_data/images/session_20260720_090735/raster_0003.jpg
3,206.94191189620722,115.0,13882.181642079679,1784563784.277524,raster_data/images/session_20260720_090735/raster_0003.jpg
3,206.9092170486948,115.12939693314381,20608.014919753317,1784563784.287818,raster_data/images/session_20260720_090735/raster_0003.jpg
3,206.8305191486796,115.43082906128544,15473.971030572113,1784563784.295605,raster_data/images/session_20260720_090735/raster_0003.jpg
3,206.65187155610494,116.115092860024,17004.773297575335,1784563784.3060942,raster_data/images/session_20260720_090735/raster_0003.jpg
3,206.4180414759116,117.01071902898892,19769.097511351953,1784563784.3155968,raster_data/images/session_20260720_090735/raster_0003.jpg
3,206.08831980205568,118.27363336120857,13888.10173086022,1784563784.3258686,raster_data/images/session_20260720_090735/raster_0003.jpg
3,205.67163646372606,119.8696320525278,20618.017828382508,1784563784.3363001,raster_data/images/session_20260720_090735/raster_0003.jpg
3,205.18014917798746,121.7521480849263,15476.573828225626,1784563784.3465836,raster_data/images/session_20260720_090735/raster_0003.jpg
3,204.5876836147285,124.02143551888888,17004.97743856777,1784563784.3572166,raster_data/images/session_20260720_090735/raster_0003.jpg
3,203.89127347144253,126.68885601561772,19723.829246280045,1784563784.3681185,raster_data/images/session_20260720_090735/raster_0003.jpg
3,203.35982477175116,128.72443399819537,13852.274986688317,1784563784.3758426,raster_data/images/session_20260720_090735/raster_0003.jpg
3,202.64182984889618,131.47452945880127,20605.922474580886,1784563784.3873415,raster_data/images/session_20260720_090735/raster_0003.jpg
3,202.08700447555577,133.59964579609405,15522.45451627483,1784563784.3975773,raster_data/images/session_20260720_090735/raster_0003.jpg
3,201.59960237720708,135.4665145656233,16959.40296200721,1784563784.4080951,raster_data/images/session_20260720_090735/raster_0003.jpg
3,201.29853182325857,136.61968812908464,19692.136357204898,1784563784.415724,raster_data/images/session_20260720_090735/raster_0003.jpg
3,200.95701592150382,137.927777227272,13876.10844755481,1784563784.4261985,raster_data/images/session_20260720_090735/raster_0003.jpg
3,200.70251752326095,138.90256808924104,20606.43282706197,1784563784.4364865,raster_data/images/session_20260720_090735/raster_0003.jpg
3,200.5280040045632,139.5709973779562,15507.143941842394,1784563784.446792,raster_data/images/session_20260720_090735/raster_0003.jpg
3,200.4373291816768,139.91830403831472,16924.64795804558,1784563784.456482,raster_data/images/session_20260720_090735/raster_0003.jpg
3,200.40368157115088,140.0,19888.36688618064,1784563784.4668503,raster_data/images/session_20260720_090735/raster_0003.jpg
3,200.15700591417794,140.0,13817.41791223047,1784563784.4771247,raster_data/images/session_20260720_090735/raster_0003.jpg
3,199.59218207227585,140.0,20637.564328407923,1784563784.4874198,raster_data/images/session_20260720_090735/raster_0003.jpg
3,198.6847149181155,140.0,15563.231679513223,1784563784.497958,raster_data/images/session_20260720_090735/raster_0003.jpg
3,197.78913472432578,140.0,16938.121263546123,1784563784.5058324,raster_data/images/session_20260720_090735/raster_0003.jpg
3,196.3544248508278,140.0,19802.372493118448,1784563784.5160203,raster_data/images/session_20260720_090735/raster_0003.jpg
3,194.72774912615648,140.0,13931.787903240778,1784563784.5255651,raster_data/images/session_20260720_090735/raster_0003.jpg
3,192.63012126453413,140.0,20655.171489005224,1784563784.5360303,raster_data/images/session_20260720_090735/raster_0003.jpg
3,190.24508750101998,140.0,15649.37917831974,1784563784.546329,raster_data/images/session_20260720_090735/raster_0003.jpg
3,187.3092296094461,140.0,16980.73569571641,1784563784.557461,raster_data/images/session_20260720_090735/raster_0003.jpg
3,184.19532645336778,140.0,19887.652392707125,1784563784.5680535,raster_data/images/session_20260720_090735/raster_0003.jpg
3,181.91974032513292,140.0,13934.850018127265,1784563784.5756388,raster_data/images/session_20260720_090735/raster_0003.jpg
3,178.81717551342638,140.0,20704.675679670112,1784563784.5859807,raster_data/images/session_20260720_090735/raster_0003.jpg
3,175.37894118420274,140.0,15713.938767176518,1784563784.5974414,raster_data/images/session_20260720_090735/raster_0003.jpg
3,172.28617537609728,140.0,16942.459259635314,1784563784.6077507,raster_data/images/session_20260720_090735/raster_0003.jpg
3,169.96896136395128,140.0,19925.11226481849,1784563784.6154747,raster_data/images/session_20260720_090735/raster_0003.jpg
3,166.8465839683214,140.0,13975.065793636468,1784563784.6258826,raster_data/images/session_20260720_090735/raster_0003.jpg
3,163.7502418815294,140.0,20614.13914952629,1784563784.6362038,raster_data/images/session_20260720_090735/raster_0003.jpg
3,160.65125334850939,140.0,15739.507426478689,1784563784.6465337,raster_data/images/session_20260720_090735/raster_0003.jpg
3,157.4901090919176,140.0,16918.67683401693,1784563784.6570709,raster_data/images/session_20260720_090735/raster_0003.jpg
3,154.64467871777208,140.0,19908.066491950376,1784563784.6665556,raster_data/images/session_20260720_090735/raster_0003.jpg
3,151.50005686871202,140.0,13930.767198278616,1784563784.6770377,raster_data/images/session_20260720_090735/raster_0003.jpg
3,148.42560160748155,140.0,20645.117545127923,1784563784.687286,raster_data/images/session_20260720_090735/raster_0003.jpg
3,145.27897704235704,140.0,15763.69813408194,1784563784.6977746,raster_data/images/session_20260720_090735/raster_0003.jpg
3,142.23313201061876,140.0,16850.54477779258,1784563784.7079275,raster_data/images/session_20260720_090735/raster_0003.jpg
3,139.86563552014024,140.0,19984.057976383374,1784563784.7158191,raster_data/images/session_20260720_090735/raster_0003.jpg
3,136.7748009025255,140.0,13925.663673467803,1784563784.726122,raster_data/images/session_20260720_090735/raster_0003.jpg
3,133.67767203442247,140.0,20598.62443410142,1784563784.7364457,raster_data/images/session_20260720_090735/raster_0003.jpg
3,130.7621465980211,140.0,15807.435341710605,1784563784.746164,raster_data/images/session_20260720_090735/raster_0003.jpg
3,127.70850527874619,140.0,16865.906387473126,1784563784.756343,raster_data/images/session_20260720_090735/raster_0003.jpg
3,124.58162177197129,140.0,19995.234695719057,1784563784.7667658,raster_data/images/session_20260720_090735/raster_0003.jpg
3,121.47762644879013,140.0,13971.238150028357,1784563784.7771125,raster_data/images/session_20260720_090735/raster_0003.jpg
3,118.42262614361435,140.0,20661.857106507392,1784563784.7872958,raster_data/images/session_20260720_090735/raster_0003.jpg
3,115.67182410351425,140.0,15833.616423990072,1784563784.7964652,raster_data/images/session_20260720_090735/raster_0003.jpg
3,112.50173915020615,140.0,16892.904033722323,1784563784.807032,raster_data/images/session_20260720_090735/raster_0003.jpg
3,109.08346045605332,140.0,20063.775033928265,1784563784.8184264,raster_data/images/session_20260720_090735/raster_0003.jpg
3,106.78162444225937,140.0,13991.34603778296,1784563784.8260992,raster_data/images/session_20260720_090735/raster_0003.jpg
3,103.65116465679795,140.0,20623.223423689535,1784563784.836534,raster_data/images/session_20260720_090735/raster_0003.jpg
3,100.57992804638535,140.0,15922.519826194428,1784563784.8467715,raster_data/images/session_20260720_090735/raster_0003.jpg
3,97.40483630291611,140.0,16827.017528414737,1784563784.857355,raster_data/images/session_20260720_090735/raster_0003.jpg
3,94.28117144695908,140.0,20047.23961354124,1784563784.8677673,raster_data/images/session_20260720_090735/raster_0003.jpg
3,91.21472704998642,140.0,13966.593942450518,1784563784.8779888,raster_data/images/session_20260720_090735/raster_0003.jpg
3,88.6110531150499,140.0,20617.864722638187,1784563784.8866677,raster_data/images/session_20260720_090735/raster_0003.jpg
3,85.46335566631943,140.0,15854.745016706835,1784563784.89716,raster_data/images/session_20260720_090735/raster_0003.jpg
3,82.37581122509629,140.0,16923.98449982017,1784563784.9074519,raster_data/images/session_20260720_090735/raster_0003.jpg
3,79.29398882977158,140.0,20053.36384331421,1784563784.9177246,raster_data/images/session_20260720_090735/raster_0003.jpg
3,76.92921031109482,140.0,13926.174025948883,1784563784.9256072,raster_data/images/session_20260720_090735/raster_0003.jpg
3,73.84309638134629,140.0,20617.813687390077,1784563784.9358943,raster_data/images/session_20260720_090735/raster_0003.jpg
3,70.71571219555526,140.0,15886.43790578198,1784563784.9463189,raster_data/images/session_20260720_090735/raster_0003.jpg
3,67.8579794227281,140.0,16727.90707658875,1784563784.9558446,raster_data/images/session_20260720_090735/raster_0003.jpg
3,64.73016608349471,140.0,20073.216554828272,1784563784.9662707,raster_data/images/session_20260720_090735/raster_0003.jpg
3,61.635326033751056,140.0,13936.993498547807,1784563784.9765868,raster_data/images/session_20260720_090735/raster_0003.jpg
3,58.545135146299884,140.0,20604.44245238575,1784563784.9868875,raster_data/images/session_20260720_090735/raster_0003.jpg
3,55.42211402050643,140.0,15916.344561173344,1784563784.9972975,raster_data/images/session_20260720_090735/raster_0003.jpg
3,52.30467188946395,140.0,16691.31480369523,1784563785.007689,raster_data/images/session_20260720_090735/raster_0003.jpg
3,49.140560055894156,140.0,20059.028755854208,1784563785.0182471,raster_data/images/session_20260720_090735/raster_0003.jpg
3,46.565658860770384,140.0,13885.907215191573,1784563785.0273836,raster_data/images/session_20260720_090735/raster_0003.jpg
3,43.827054173417025,140.0,20573.668197776547,1784563785.0382593,raster_data/images/session_20260720_090735/raster_0003.jpg
3,42.030841307005886,140.0,15892.051783073875,1784563785.0462983,raster_data/images/session_20260720_090735/raster_0003.jpg
3,39.92753915814512,140.0,16695.040376807123,1784563785.0570724,raster_data/images/session_20260720_090735/raster_0003.jpg
3,38.157909443857136,140.0,20102.86803397909,1784563785.067946,raster_data/images/session_20260720_090735/raster_0003.jpg
3,37.077621092867304,140.0,13892.082480212655,1784563785.0759852,raster_data/images/session_20260720_090735/raster_0003.jpg
3,35.947595951866674,140.0,20621.59029575008,1784563785.0866072,raster_data/images/session_20260720_090735/raster_0003.jpg
3,35.18105776303361,140.0,15961.66386149336,1784563785.096807,raster_data/images/session_20260720_090735/raster_0003.jpg
3,34.705258167792465,140.0,16640.177485090888,1784563785.1077669,raster_data/images/session_20260720_090735/raster_0003.jpg
3,34.585291667046675,140.0,20078.013868150432,1784563785.11583,raster_data/images/session_20260720_090735/raster_0003.jpg
3,34.663575909960436,140.12564088347926,13918.263562492126,1784563785.1267152,raster_data/images/session_20260720_090735/raster_0003.jpg
3,34.92739036770491,140.54217248911345,20485.019971812733,1784563785.1374424,raster_data/images/session_20260720_090735/raster_0003.jpg
3,35.37288056593723,141.24554844943984,15917.977689112804,1784563785.1481092,raster_data/images/session_20260720_090735/raster_0003.jpg
3,35.83014283358875,141.96751110519887,16632.624268370884,1784563785.1561613,raster_data/images/session_20260720_090735/raster_0003.jpg
3,36.61019917758597,143.19912715925534,20071.073074407726,1784563785.1670027,raster_data/images/session_20260720_090735/raster_0003.jpg
3,37.41157910168675,144.46441060642724,13872.995297420217,1784563785.176113,raster_data/images/session_20260720_090735/raster_0003.jpg
3,38.514355534886626,146.205563241895,20471.342525319757,1784563785.1867366,raster_data/images/session_20260720_090735/raster_0003.jpg
3,39.83953153376724,148.29785830138823,16057.20184595177,1784563785.1976783,raster_data/images/session_20260720_090735/raster_0003.jpg
3,40.93878288321406,150.03344524948537,16523.868154652468,1784563785.2057395,raster_data/images/session_20260720_090735/raster_0003.jpg
3,42.570174376540784,152.60921810114434,20093.17133683855,1784563785.2165112,raster_data/images/session_20260720_090735/raster_0003.jpg
3,44.19364149107442,155.17247930256792,13837.627870481287,1784563785.2273312,raster_data/images/session_20260720_090735/raster_0003.jpg
3,45.613328168343514,157.41399546599646,20368.914782366748,1784563785.2380233,raster_data/images/session_20260720_090735/raster_0003.jpg
3,46.77447233129247,159.24730379451256,15965.389434605255,1784563785.248018,raster_data/images/session_20260720_090735/raster_0003.jpg
3,47.593958034767695,160.5411741107233,16469.260439176775,1784563785.256077,raster_data/images/session_20260720_090735/raster_0003.jpg
3,48.528958631673554,162.01742868459257,20082.913251968814,1784563785.2668805,raster_data/images/session_20260720_090735/raster_0003.jpg
3,49.27478895206251,163.19500592405979,13779.345617141806,1784563785.277654,raster_data/images/session_20260720_090735/raster_0003.jpg
3,49.82805828311649,164.06855229745562,20402.189764133247,1784563785.2882833,raster_data/images/session_20260720_090735/raster_0003.jpg
3,50.12857817753618,164.54303741558698,16043.575434706903,1784563785.2964053,raster_data/images/session_20260720_090735/raster_0003.jpg
3,50.3653281652977,164.9168374467881,16432.87230727568,1784563785.307294,raster_data/images/session_20260720_090735/raster_0003.jpg
3,50.42257234522146,165.0,20121.39382904234,1784563785.3171408,raster_data/images/session_20260720_090735/raster_0003.jpg
3,50.65200063664203,165.0,13790.420265981269,1784563785.327885,raster_data/images/session_20260720_090735/raster_0003.jpg
3,51.04713923546834,165.0,20363.351940322962,1784563785.3358748,raster_data/images/session_20260720_090735/raster_0003.jpg
3,51.88129990719187,165.0,15992.6932923431,1784563785.3466284,raster_data/images/session_20260720_090735/raster_0003.jpg
3,53.04487300716832,165.0,16510.854166384896,1784563785.3572428,raster_data/images/session_20260720_090735/raster_0003.jpg
3,54.584730027790286,165.0,20060.968095282322,1784563785.3681,raster_data/images/session_20260720_090735/raster_0003.jpg
3,55.955231836242696,165.0,13935.921758337536,1784563785.3761525,raster_data/images/session_20260720_090735/raster_0003.jpg
3,57.8998961228106,165.0,20374.681765402966,1784563785.3860202,raster_data/images/session_20260720_090735/raster_0003.jpg
3,60.435435664301565,165.0,16097.417621460972,1784563785.3971157,raster_data/images/session_20260720_090735/raster_0003.jpg
3,63.44421232720304,165.0,16497.585001876785,1784563785.4085836,raster_data/images/session_20260720_090735/raster_0003.jpg
3,66.40230000068237,165.0,20217.901483214806,1784563785.418676,raster_data/images/session_20260720_090735/raster_0003.jpg
3,69.50050175239136,165.0,13917.498033770504,1784563785.4290032,raster_data/images/session_20260720_090735/raster_0003.jpg
3,73.53132545997192,165.0,20411.529214537033,1784563785.4424393,raster_data/images/session_20260720_090735/raster_0003.jpg
3,78.64375889350464,165.0,16215.615256079389,1784563785.4594808,raster_data/images/session_20260720_090735/raster_0003.jpg
3,80.3500729804187,165.0,16418.174155820543,1784563785.4651685,raster_data/images/session_20260720_090735/raster_0003.jpg
3,82.22575962592651,165.0,20339.365373712142,1784563785.4714208,raster_data/images/session_20260720_090735/raster_0003.jpg
3,85.38690388251831,165.0,13852.989480161832,1784563785.481958,raster_data/images/session_20260720_090735/raster_0003.jpg
3,88.45756828834106,165.0,20450.979461324616,1784563785.4921935,raster_data/images/session_20260720_090735/raster_0003.jpg
3,90.97834408332398,165.0,16067.102684084748,1784563785.500596,raster_data/images/session_20260720_090735/raster_0003.jpg
3,94.38081562568237,165.0,16528.512362230307,1784563785.5119376,raster_data/images/session_20260720_090735/raster_0003.jpg
3,97.54560768653442,165.0,20178.85951841209,1784563785.522487,raster_data/images/session_20260720_090735/raster_0003.jpg
3,99.22474205543091,165.0,13936.942463299698,1784563785.528084,raster_data/images/session_20260720_090735/raster_0003.jpg
3,102.25227654029419,165.0,20337.57914002836,1784563785.5381758,raster_data/images/session_20260720_090735/raster_0003.jpg
3,105.27609169532349,165.0,16236.02935532264,1784563785.5482552,raster_data/images/session_20260720_090735/raster_0003.jpg
3,108.31321060706665,165.0,16298.802710495636,1784563785.558379,raster_data/images/session_20260720_090735/raster_0003.jpg
3,110.88956177283814,165.0,20356.819428565123,1784563785.5669668,raster_data/images/session_20260720_090735/raster_0003.jpg
3,114.4692021613269,165.0,13801.137668083978,1784563785.578899,raster_data/images/session_20260720_090735/raster_0003.jpg
3,117.1092110877185,165.0,20412.345778506766,1784563785.587699,raster_data/images/session_20260720_090735/raster_0003.jpg
3,119.57984745551636,165.0,16141.052758593421,1784563785.5959344,raster_data/images/session_20260720_090735/raster_0003.jpg
3,122.77811348487427,165.0,16436.546845139466,1784563785.6065953,raster_data/images/session_20260720_090735/raster_0003.jpg
3,125.99790871192505,165.0,20217.595271726157,1784563785.617328,raster_data/images/session_20260720_090735/raster_0003.jpg
3,129.3549615149646,165.0,13983.792821062956,1784563785.628518,raster_data/images/session_20260720_090735/raster_0003.jpg
3,131.88002884437134,165.0,20304.86554599105,1784563785.636935,raster_data/images/session_20260720_090735/raster_0003.jpg
3,135.24759590674927,165.0,16280.685197417251,1784563785.6481602,raster_data/images/session_20260720_090735/raster_0003.jpg
3,138.2489520316272,165.0,16319.574056475643,1784563785.6581647,raster_data/images/session_20260720_090735/raster_0003.jpg
3,140.75828373481323,165.0,20388.81852912892,1784563785.6665292,raster_data/images/session_20260720_090735/raster_0003.jpg
3,144.39535915900757,165.0,13815.7337490429,1784563785.6786528,raster_data/images/session_20260720_090735/raster_0003.jpg
3,146.52174294044067,165.0,20421.379017421903,1784563785.6857407,raster_data/images/session_20260720_090735/raster_0003.jpg
3,149.98050510932495,165.0,16229.292702572371,1784563785.69727,raster_data/images/session_20260720_090735/raster_0003.jpg
3,153.02563488532593,165.0,16500.95332825192,1784563785.7074203,raster_data/images/session_20260720_090735/raster_0003.jpg
3,156.23877823401978,165.0,20255.565496318603,1784563785.7181308,raster_data/images/session_20260720_090735/raster_0003.jpg
3,158.5910397772937,165.0,13955.162046874299,1784563785.7259717,raster_data/images/session_20260720_090735/raster_0003.jpg
3,161.99951946784546,165.0,20238.51972345049,1784563785.7373333,raster_data/images/session_20260720_090735/raster_0003.jpg
3,165.0304871802478,165.0,16301.558613893474,1784563785.7474365,raster_data/images/session_20260720_090735/raster_0003.jpg
3,168.08262646247437,165.0,16245.62398196697,1784563785.7576103,raster_data/images/session_20260720_090735/raster_0003.jpg
3,171.16739277280482,165.0,20367.230619179183,1784563785.7680404,raster_data/images/session_20260720_090735/raster_0003.jpg
3,173.26967487274203,165.0,13801.290773828301,1784563785.7757661,raster_data/images/session_20260720_090735/raster_0003.jpg
3,175.79914280391017,165.0,20338.08949250944,1784563785.7860887,raster_data/images/session_20260720_090735/raster_0003.jpg
3,178.03042263674297,165.0,16208.368250848038,1784563785.7965195,raster_data/images/session_20260720_090735/raster_0003.jpg
3,179.94735139127275,165.0,16288.493590377795,1784563785.8070226,raster_data/images/session_20260720_090735/raster_0003.jpg
3,181.29805465107822,165.0,20355.84975885107,1784563785.8158183,raster_data/images/session_20260720_090735/raster_0003.jpg
3,182.5800189236185,165.0,13885.549968454816,1784563785.8260753,raster_data/images/session_20260720_090735/raster_0003.jpg
3,183.56434698546232,165.0,20153.29085910992,1784563785.8365614,raster_data/images/session_20260720_090735/raster_0003.jpg
3,184.2190322245956,165.0,16328.0969429097,1784563785.8470526,raster_data/images/session_20260720_090735/raster_0003.jpg
3,184.56805817121622,165.0,16167.642122857753,1784563785.8595595,raster_data/images/session_20260720_090735/raster_0003.jpg
3,184.50231501377,165.0531204910605,20284.094200011044,1784563785.8705986,raster_data/images/session_20260720_090735/raster_0003.jpg
3,184.3594827186739,165.14833694291377,13812.569563660196,1784563785.8759606,raster_data/images/session_20260720_090735/raster_0003.jpg
3,183.64504621612642,165.62460254378004,20243.6232482613,1784563785.8900073,raster_data/images/session_20260720_090735/raster_0003.jpg
3,182.99468667703792,166.05815244717755,16221.076027626961,1784563785.8982704,raster_data/images/session_20260720_090735/raster_0003.jpg
3,182.19218004478057,166.593128336635,16170.908378736674,1784563785.9063663,raster_data/images/session_20260720_090735/raster_0003.jpg
3,180.86840938389108,167.47559504567016,20278.174111230506,1784563785.9171555,raster_data/images/session_20260720_090735/raster_0003.jpg
3,179.2085146888821,168.58213249367893,13832.37123992615,1784563785.9282234,raster_data/images/session_20260720_090735/raster_0003.jpg
3,177.9179157721277,169.44248588600095,20150.943237696945,1784563785.9356794,raster_data/images/session_20260720_090735/raster_0003.jpg
3,175.88237546264068,170.79944038808551,16320.849937678347,1784563785.9460967,raster_data/images/session_20260720_090735/raster_0003.jpg
3,173.60231486851225,172.31939971967344,16168.5607573237,1784563785.9564013,raster_data/images/session_20260720_090735/raster_0003.jpg
3,169.26934564017677,175.20789181898516,20322.064424603494,1784563785.9739523,raster_data/images/session_20260720_090735/raster_0003.jpg
3,168.4025263968288,175.78574049595434,13804.097712474248,1784563785.9774249,raster_data/images/session_20260720_090735/raster_0003.jpg
3,165.97703938943803,177.402645599276,20125.680789883423,1784563785.9871416,raster_data/images/session_20260720_090735/raster_0003.jpg
3,163.67385334635077,178.93802107464217,16298.649604751312,1784563785.9963684,raster_data/images/session_20260720_090735/raster_0003.jpg
3,161.06976527138107,180.67398720642828,16112.166808164222,1784563786.0068007,raster_data/images/session_20260720_090735/raster_0003.jpg
3,158.5158968137132,182.37647537883765,20316.65468830403,1784563786.0171232,raster_data/images/session_20260720_090735/raster_0003.jpg
3,156.0363739594441,184.02940245890613,13816.193066275873,1784563786.0281336,raster_data/images/session_20260720_090735/raster_0003.jpg
3,154.32883622315217,185.1677002405524,20126.344248108828,1784563786.0366354,raster_data/images/session_20260720_090735/raster_0003.jpg
3,152.49314504268216,186.39142909532683,16349.32760612268,1784563786.0469882,raster_data/images/session_20260720_090735/raster_0003.jpg
3,150.90293242496625,187.451514302593,16040.30917882798,1784563786.0575006,raster_data/images/session_20260720_090735/raster_0003.jpg
3,149.509587471532,188.38036139970401,20393.564807202976,1784563786.0687244,raster_data/images/session_20260720_090735/raster_0003.jpg
3,148.64242568495524,188.9584384266471,13811.855070186682,1784563786.0774636,raster_data/images/session_20260720_090735/raster_0003.jpg
3,147.89204233463292,189.4586673146546,20142.471386510995,1784563786.0873377,raster_data/images/session_20260720_090735/raster_0003.jpg
3,147.36610445217715,189.80927387060882,16425.31909055568,1784563786.0977046,raster_data/images/session_20260720_090735/raster_0003.jpg
3,147.0863069737518,189.99579557506814,16074.860041797181,1784563786.1105971,raster_data/images/session_20260720_090735/raster_0003.jpg
3,147.02433689473682,190.0,20402.700116614327,1784563786.1189368,raster_data/images/session_20260720_090735/raster_0003.jpg
3,146.7465341789265,190.0,13898.002568993197,1784563786.1277552,raster_data/images/session_20260720_090735/raster_0003.jpg
3,146.25454252071953,190.0,20171.408372188307,1784563786.1363037,raster_data/images/session_20260720_090735/raster_0003.jpg
3,145.30219434640966,190.0,16469.311474424885,1784563786.1472719,raster_data/images/session_20260720_090735/raster_0003.jpg
3,144.1116970527803,190.0,16125.078725935578,1784563786.1573296,raster_data/images/session_20260720_090735/raster_0003.jpg
3,142.52337302469496,190.0,20490.4297081122,1784563786.167961,raster_data/images/session_20260720_090735/raster_0003.jpg
3,139.63435471342237,190.0,13910.710345772122,1784563786.183299,raster_data/images/session_20260720_090735/raster_0003.jpg
3,138.59901287693393,190.0,20234.385868353733,1784563786.188038,raster_data/images/session_20260720_090735/raster_0003.jpg
3,135.86045311165086,190.0,16570.36126567897,1784563786.1993303,raster_data/images/session_20260720_090735/raster_0003.jpg
3,133.39003406088304,190.0,16096.601057491245,1784563786.2083786,raster_data/images/session_20260720_090735/raster_0003.jpg
3,130.32168561411072,190.0,20565.8087695679,1784563786.2187061,raster_data/images/session_20260720_090735/raster_0003.jpg
3,127.8090637345331,190.0,13959.397972467274,1784563786.2270815,raster_data/images/session_20260720_090735/raster_0003.jpg
3,124.59077054453066,190.0,20176.10361501425,1784563786.2378092,raster_data/images/session_20260720_090735/raster_0003.jpg
3,121.72216588449648,190.0,16601.339661280603,1784563786.2473712,raster_data/images/session_20260720_090735/raster_0003.jpg
3,118.6204593796747,190.0,16081.443588803128,1784563786.2577102,raster_data/images/session_20260720_090735/raster_0003.jpg
3,115.9205835480707,190.0,20528.502003200858,1784563786.2667098,raster_data/images/session_20260720_090735/raster_0003.jpg
3,110.07379704904726,190.0,13960.571783173758,1784563786.286199,raster_data/images/session_20260720_090735/raster_0003.jpg
3,109.4450157303827,190.0,20180.74782259209,1784563786.288295,raster_data/images/session_20260720_090735/raster_0003.jpg
3,106.33486920786073,190.0,16607.71906729412,1784563786.2986622,raster_data/images/session_20260720_090735/raster_0003.jpg
3,103.0872505326288,190.0,16056.589422974472,1784563786.3094876,raster_data/images/session_20260720_090735/raster_0003.jpg
3,100.71785438384345,190.0,20568.666743461952,1784563786.3176768,raster_data/images/session_20260720_090735/raster_0003.jpg
3,97.55066095879835,190.0,13896.522546798062,1784563786.3299174,raster_data/images/session_20260720_090735/raster_0003.jpg
3,95.58331268970352,190.0,20257.402765250496,1784563786.3385687,raster_data/images/session_20260720_090735/raster_0003.jpg
3,93.68235906740829,190.0,16624.152417184938,1784563786.3480647,raster_data/images/session_20260720_090735/raster_0003.jpg
3,91.91604165248503,190.0,15978.505493369043,1784563786.3584309,raster_data/images/session_20260720_090735/raster_0003.jpg
3,90.73488658518832,190.0,20538.55594707816,1784563786.3667254,raster_data/images/session_20260720_090735/raster_0003.jpg
3,89.5778235284888,190.0,13913.772460658609,1784563786.3768003,raster_data/images/session_20260720_090735/raster_0003.jpg
3,88.74199317892956,190.0,20068.87855873908,1784563786.3866358,raster_data/images/session_20260720_090735/raster_0003.jpg
3,88.15813550766892,190.0,16612.210169127633,1784563786.3974452,raster_data/images/session_20260720_090735/raster_0003.jpg
3,87.9297596908551,190.0,15971.819875866877,1784563786.4074943,raster_data/images/session_20260720_090735/raster_0003.jpg
4,117.57324707485544,15.029416968487626,15679.796186192181,1784563805.65768,raster_data/images/session_20260720_090735/raster_0004.jpg
4,117.92846422225499,15.172076749126484,16906.020092486113,1784563805.6679707,raster_data/images/session_20260720_090735/raster_0004.jpg
4,118.52910734781996,15.413302763024287,19934.6048209666,1784563805.6776166,raster_data/images/session_20260720_090735/raster_0004.jpg
4,119.48590724702682,15.797565923559741,13893.205255671035,1784563805.6881979,raster_data/images/session_20260720_090735/raster_0004.jpg
4,120.71676607336175,16.29189467837305,20663.898516431716,1784563805.6984987,raster_data/images/session_20260720_090735/raster_0004.jpg
4,122.2548023707918,16.909589861199297,15744.815092281937,1784563805.708872,raster_data/images/session_20260720_090735/raster_0004.jpg
4,123.61843109403824,17.457240716332088,16809.15519157689,1784563805.7167253,raster_data/images/session_20260720_090735/raster_0004.jpg
4,125.67427152680696,18.28289270783746,19985.691104322832,1784563805.7270586,raster_data/images/session_20260720_090735/raster_0004.jpg
4,128.03712369390033,19.231844565334512,13890.65349326563,1784563805.7374322,raster_data/images/session_20260720_090735/raster_0004.jpg
4,130.993771904135,20.419272560255987,20649.761752705763,1784563805.7488852,raster_data/images/session_20260720_090735/raster_0004.jpg
4,133.14041688364378,21.28139282705095,15720.062996949493,1784563805.756608,raster_data/images/session_20260720_090735/raster_0004.jpg
4,136.3462255222388,22.568886858519335,16878.35898801151,1784563805.7681236,raster_data/images/session_20260720_090735/raster_0004.jpg
4,138.93250998210408,23.607572002001675,19930.675106862276,1784563805.7774138,raster_data/images/session_20260720_090735/raster_0004.jpg
4,141.76344476581744,24.744511865980755,13908.056512870498,1784563805.7875829,raster_data/images/session_20260720_090735/raster_0004.jpg
4,144.46262944295498,25.828539190571327,20652.976973336576,1784563805.7972786,raster_data/images/session_20260720_090735/raster_0004.jpg
4,147.34447220235782,26.985924353145357,15742.773682357609,1784563805.8076305,raster_data/images/session_20260720_090735/raster_0004.jpg
4,150.24224444567915,28.14970700159004,16814.61596312446,1784563805.8180397,raster_data/images/session_20260720_090735/raster_0004.jpg
4,153.10231691039337,29.298348933474184,20001.307890243923,1784563805.8283134,raster_data/images/session_20260720_090735/raster_0004.jpg
4,156.04475808153612,30.480071198547815,13870.647676007244,1784563805.838883,raster_data/images/session_20260720_090735/raster_0004.jpg
4,158.15866697036867,31.329044229774244,20650.986598660358,1784563805.8464763,raster_data/images/session_20260720_090735/raster_0004.jpg
4,161.14829923761994,32.52971904673967,15748.132383408964,1784563805.8572154,raster_data/images/session_20260720_090735/raster_0004.jpg
4,163.98056147832648,33.66719203454131,16841.103256892577,1784563805.8673892,raster_data/images/session_20260720_090735/raster_0004.jpg
4,167.03553413422344,34.894108392995655,19946.03671654282,1784563805.8784611,raster_data/images/session_20260720_090735/raster_0004.jpg
4,169.32103576649206,35.81199527963986,13926.429202189425,1784563805.8874767,raster_data/images/session_20260720_090735/raster_0004.jpg
4,171.6558654771636,36.74969295778389,20627.561419778733,1784563805.8977797,raster_data/images/session_20260720_090735/raster_0004.jpg
4,173.74493371537542,37.58868966384016,15741.701942147338,1784563805.9083543,raster_data/images/session_20260720_090735/raster_0004.jpg
4,175.1939750457524,38.17064332188164,16834.72385087906,1784563805.916826,raster_data/images/session_20260720_090735/raster_0004.jpg
4,176.68276151340126,38.76855913886217,19983.29244766175,1784563805.9270966,raster_data/images/session_20260720_090735/raster_0004.jpg
4,177.89650846196466,39.25601554320739,13855.23503107859,1784563805.93755,raster_data/images/session_20260720_090735/raster_0004.jpg
4,178.79877777937764,39.61837851988692,20662.163317996037,1784563805.9479034,raster_data/images/session_20260720_090735/raster_0004.jpg
4,179.44627538576384,39.87842189664246,15731.699033518145,1784563805.9592838,raster_data/images/session_20260720_090735/raster_0004.jpg
4,179.6800042528461,39.97229041946299,16782.361686320124,1784563805.9669907,raster_data/images/session_20260720_090735/raster_0004.jpg
4,179.73185753186587,40.0,19949.762289654715,1784563805.9774117,raster_data/images/session_20260720_090735/raster_0004.jpg
4,179.46897974673513,40.0,13876.006377058597,1784563805.9876943,raster_data/images/session_20260720_090735/raster_0004.jpg
4,178.87741524385757,40.0,20550.549230383567,1784563805.9981363,raster_data/images/session_20260720_090735/raster_0004.jpg
4,177.97786713150464,40.0,15726.340332466792,1784563806.0083933,raster_data/images/session_20260720_090735/raster_0004.jpg
4,176.99158958399434,40.0,16690.498239725497,1784563806.0169063,raster_data/images/session_20260720_090735/raster_0004.jpg
4,175.4870637234938,40.0,19919.498387526593,1784563806.027335,raster_data/images/session_20260720_090735/raster_0004.jpg
4,173.48121136050355,40.0,13784.908459185592,1784563806.0386727,raster_data/images/session_20260720_090735/raster_0004.jpg
4,171.86845490178527,40.0,20512.32382955058,1784563806.0465136,raster_data/images/session_20260720_090735/raster_0004.jpg
4,169.48537765450504,40.0,15624.678118235406,1784563806.05675,raster_data/images/session_20260720_090735/raster_0004.jpg
4,166.73303279868298,40.0,16868.56022037475,1784563806.0671833,raster_data/images/session_20260720_090735/raster_0004.jpg
4,163.49402840490336,40.0,19904.851271319563,1784563806.0782144,raster_data/images/session_20260720_090735/raster_0004.jpg
4,160.09906704778666,40.0,13792.257534913162,1784563806.089531,raster_data/images/session_20260720_090735/raster_0004.jpg
4,157.78070862646098,40.0,20526.205417035995,1784563806.0972588,raster_data/images/session_20260720_090735/raster_0004.jpg
4,154.69759877080912,40.0,15692.14671623435,1784563806.1075358,raster_data/images/session_20260720_090735/raster_0004.jpg
4,151.61320145483012,40.0,16658.55017440981,1784563806.1178172,raster_data/images/session_20260720_090735/raster_0004.jpg
4,148.41593678350443,40.0,19900.156028493617,1784563806.1284747,raster_data/images/session_20260720_090735/raster_0004.jpg
4,145.3596490180015,40.0,13806.44533388722,1784563806.1386623,raster_data/images/session_20260720_090735/raster_0004.jpg
4,142.80561383123393,40.0,20462.156180660295,1784563806.1471758,raster_data/images/session_20260720_090735/raster_0004.jpg
4,139.51593811864848,40.0,15719.552644468413,1784563806.1581414,raster_data/images/session_20260720_090735/raster_0004.jpg
4,136.45206864233012,40.0,16701.419782820638,1784563806.1683543,raster_data/images/session_20260720_090735/raster_0004.jpg
4,133.27132637853617,40.0,19907.811315709838,1784563806.1789567,raster_data/images/session_20260720_090735/raster_0004.jpg
4,130.91384346837992,40.0,13856.561947529402,1784563806.186815,raster_data/images/session_20260720_090735/raster_0004.jpg
4,127.79582913274758,40.0,20553.356169029517,1784563806.1972084,raster_data/images/session_20260720_090735/raster_0004.jpg
4,124.72287590856546,40.0,15763.851239826265,1784563806.2074516,raster_data/images/session_20260720_090735/raster_0004.jpg
4,121.58118660802835,40.0,16744.59560272011,1784563806.2179239,raster_data/images/session_20260720_090735/raster_0004.jpg
4,118.48598893041604,40.0,20011.71908085798,1784563806.2282412,raster_data/images/session_20260720_090735/raster_0004.jpg
4,115.3942244803428,40.0,13908.924112088336,1784563806.238547,raster_data/images/session_20260720_090735/raster_0004.jpg
4,112.54242833013528,40.0,20595.15403723007,1784563806.248053,raster_data/images/session_20260720_090735/raster_0004.jpg
4,109.45753033514016,40.0,15874.444622476574,1784563806.258336,raster_data/images/session_20260720_090735/raster_0004.jpg
4,106.31061966772073,40.0,16812.778694192566,1784563806.2688258,raster_data/images/session_20260720_090735/raster_0004.jpg
4,103.77510960454934,40.0,20036.573246686636,1784563806.2772775,raster_data/images/session_20260720_090735/raster_0004.jpg
4,100.64393456335063,40.0,14004.10484980999,1784563806.2877147,raster_data/images/session_20260720_090735/raster_0004.jpg
4,97.59580071325297,40.0,20637.76846940035,1784563806.2978752,raster_data/images/session_20260720_090735/raster_0004.jpg
4,94.4598334586143,40.0,15896.747025899824,1784563806.3083284,raster_data/images/session_20260720_090735/raster_0004.jpg
4,91.81646283025736,40.0,16862.742202090423,1784563806.3171396,raster_data/images/session_20260720_090735/raster_0004.jpg
4,88.74207909460063,40.0,20111.79920239801,1784563806.3273876,raster_data/images/session_20260720_090735/raster_0004.jpg
4,85.59531147832865,40.0,13979.148613485117,1784563806.3378768,raster_data/images/session_20260720_090735/raster_0004.jpg
4,82.25993092412943,40.0,20676.708363706854,1784563806.3489947,raster_data/images/session_20260720_090735/raster_0004.jpg
4,79.94078572149272,40.0,15884.702707346307,1784563806.3567252,raster_data/images/session_20260720_090735/raster_0004.jpg
4,76.57007153387065,40.0,16806.45032342716,1784563806.367961,raster_data/images/session_20260720_090735/raster_0004.jpg
4,73.39712555761332,40.0,20073.47173106881,1784563806.3785374,raster_data/images/session_20260720_090735/raster_0004.jpg
4,70.25557930822367,40.0,13951.640614754839,1784563806.3890092,raster_data/images/session_20260720_090735/raster_0004.jpg
4,68.06886009848543,40.0,20569.687448424116,1784563806.396584,raster_data/images/session_20260720_090735/raster_0004.jpg
4,65.17434720144027,40.0,15897.869801358202,1784563806.4076884,raster_data/images/session_20260720_090735/raster_0004.jpg
4,62.956634653810596,40.0,16761.28412885147,1784563806.417351,raster_data/images/session_20260720_090735/raster_0004.jpg
4,60.89633325442243,40.0,20030.704193154204,1784563806.4276767,raster_data/images/session_20260720_090735/raster_0004.jpg
4,59.15030868397494,40.0,13972.30989023863,1784563806.4380388,raster_data/images/session_20260720_090735/raster_0004.jpg
4,57.734432474162446,40.0,20576.83238315925,1784563806.4483352,raster_data/images/session_20260720_090735/raster_0004.jpg
4,56.68103728812261,40.0,15851.733937068457,1784563806.458148,raster_data/images/session_20260720_090735/raster_0004.jpg
4,55.881891107585886,40.0,16741.941769818488,1784563806.468516,raster_data/images/session_20260720_090735/raster_0004.jpg
4,55.40766263301332,40.0,20055.45628848664,1784563806.4788048,raster_data/images/session_20260720_090735/raster_0004.jpg
4,55.2592918351327,40.0,13850.029435771561,1784563806.4866734,raster_data/images/session_20260720_090735/raster_0004.jpg
4,55.19251203070185,40.07957979930629,20579.077934076005,1784563806.4971387,raster_data/images/session_20260720_090735/raster_0004.jpg
4,54.94544163708656,40.41574828958506,15834.535058456018,1784563806.507571,raster_data/images/session_20260720_090735/raster_0004.jpg
4,54.51194717814594,41.00556876816977,16705.808814157936,1784563806.5178683,raster_data/images/session_20260720_090735/raster_0004.jpg
4,53.89092909585128,41.85053731379765,20021.721989487174,1784563806.5281532,raster_data/images/session_20260720_090735/raster_0004.jpg
4,53.121668826389374,42.89720688691987,13879.936091162921,1784563806.537984,raster_data/images/session_20260720_090735/raster_0004.jpg
4,52.13162971816735,44.24427218057125,20632.767015085763,1784563806.5482826,raster_data/images/session_20260720_090735/raster_0004.jpg
4,50.94572468435846,45.85783623005543,15828.308758186826,1784563806.5586414,raster_data/images/session_20260720_090735/raster_0004.jpg
4,49.57980888657913,47.71632621288352,16693.152072627123,1784563806.5689254,raster_data/images/session_20260720_090735/raster_0004.jpg
4,48.407715763687605,49.31109752409981,19969.25775443202,1784563806.5767946,raster_data/images/session_20260720_090735/raster_0004.jpg
4,46.70314484438299,51.630367850790535,13890.449352273195,1784563806.5871186,raster_data/images/session_20260720_090735/raster_0004.jpg
4,44.873324174604036,54.12005527565577,20508.75136218301,1784563806.5975673,raster_data/images/session_20260720_090735/raster_0004.jpg
4,43.07313855754596,56.569420706506534,15834.892305192776,1784563806.608927,raster_data/images/session_20260720_090735/raster_0004.jpg
4,41.972145916551,58.06745140340834,16677.229075217387,1784563806.6167097,raster_data/images/session_20260720_090735/raster_0004.jpg
4,40.66153731916727,59.85068939919551,20032.031109605014,1784563806.627173,raster_data/images/session_20260720_090735/raster_0004.jpg
4,39.561570975900295,61.347323696663366,13834.923002331554,1784563806.6374707,raster_data/images/session_20260720_090735/raster_0004.jpg
4,38.651938470847504,62.58498629742095,20535.697973184106,1784563806.6477442,raster_data/images/session_20260720_090735/raster_0004.jpg
4,37.85857828493412,63.66444665705056,15872.60735354468,1784563806.6592028,raster_data/images/session_20260720_090735/raster_0004.jpg
4,37.46223995995034,64.20371182111906,16686.36438462874,1784563806.6667767,raster_data/images/session_20260720_090735/raster_0004.jpg
4,37.05876967726306,64.75268085710371,20058.365297628807,1784563806.6781394,raster_data/images/session_20260720_090735/raster_0004.jpg
4,36.890427239452166,64.98173065275367,13844.874875712641,1784563806.6885562,raster_data/images/session_20260720_090735/raster_0004.jpg
4,36.94096805052614,65.0,20509.567926152744,1784563806.6989744,raster_data/images/session_20260720_090735/raster_0004.jpg
4,37.183128693426184,65.0,15858.929907051705,1784563806.70673,raster_data/images/session_20260720_090735/raster_0004.jpg
4,37.78240768342607,65.0,16659.570879371975,1784563806.7170124,raster_data/images/session_20260720_090735/raster_0004.jpg
4,38.70269298192349,65.0,20053.159702321776,1784563806.7273314,raster_data/images/session_20260720_090735/raster_0004.jpg
4,39.959065484687656,65.0,13853.806044131561,1784563806.737773,raster_data/images/session_20260720_090735/raster_0004.jpg
4,41.40221564238771,65.0,20580.353815278715,1784563806.7473695,raster_data/images/session_20260720_090735/raster_0004.jpg
4,43.27865632643126,65.0,15852.907747774943,1784563806.7577722,raster_data/images/session_20260720_090735/raster_0004.jpg
4,45.452898408328835,65.0,16646.91413784116,1784563806.7680566,raster_data/images/session_20260720_090735/raster_0004.jpg
4,47.94088547372976,65.0,20095.365852507195,1784563806.7783272,raster_data/images/session_20260720_090735/raster_0004.jpg
4,50.66141276016704,65.0,13836.658200767231,1784563806.7883065,raster_data/images/session_20260720_090735/raster_0004.jpg
4,53.447761658726876,65.0,20522.990196405182,1784563806.79768,raster_data/images/session_20260720_090735/raster_0004.jpg
4,56.52343285471076,65.0,15871.331472341977,1784563806.8079321,raster_data/images/session_20260720_090735/raster_0004.jpg
4,59.92518914133186,65.0,16623.53999420764,1784563806.8192713,raster_data/images/session_20260720_090735/raster_0004.jpg
4,62.20592511087532,65.0,20016.05707694717,1784563806.8268738,raster_data/images/session_20260720_090735/raster_0004.jpg
4,65.36993039041633,65.0,13856.30677128886,1784563806.8374205,raster_data/images/session_20260720_090735/raster_0004.jpg
4,68.45296872049445,65.0,20504.872683326797,1784563806.8476973,raster_data/images/session_20260720_090735/raster_0004.jpg
4,71.59422886758918,65.0,15853.213959263592,1784563806.8581681,raster_data/images/session_20260720_090735/raster_0004.jpg
4,74.69822419077033,65.0,16774.80846960012,1784563806.8685148,raster_data/images/session_20260720_090735/raster_0004.jpg
4,77.79628289133186,65.0,20060.100496064482,1784563806.8788416,raster_data/images/session_20260720_090735/raster_0004.jpg
4,80.43314469247932,65.0,13819.051040169927,1784563806.8876312,raster_data/images/session_20260720_090735/raster_0004.jpg
4,83.79820835977668,65.0,20519.519799533828,1784563806.898848,raster_data/images/session_20260720_090735/raster_0004.jpg
4,86.42841828256721,65.0,15900.93191624469,1784563806.9076154,raster_data/images/session_20260720_090735/raster_0004.jpg
4,89.70092785745734,65.0,16591.64296414006,1784563806.9185238,raster_data/images/session_20260720_090735/raster_0004.jpg
4,92.68254292398566,65.0,20118.12757316342,1784563806.9284625,raster_data/images/session_20260720_090735/raster_0004.jpg
4,95.78267586618537,65.0,13856.919194266158,1784563806.9387963,raster_data/images/session_20260720_090735/raster_0004.jpg
4,98.11162007242316,65.0,20531.61515333545,1784563806.9465594,raster_data/images/session_20260720_090735/raster_0004.jpg
4,101.22155201822395,65.0,15923.591566404697,1784563806.9569259,raster_data/images/session_20260720_090735/raster_0004.jpg
4,104.36045182138557,65.0,16667.583413324952,1784563806.9673889,raster_data/images/session_20260720_090735/raster_0004.jpg
4,107.49362957864875,65.0,20122.77178074126,1784563806.9778328,raster_data/images/session_20260720_090735/raster_0004.jpg
4,110.57352078348273,65.0,13883.253382289948,1784563806.988099,raster_data/images/session_20260720_090735/raster_0004.jpg
4,113.69804394632453,65.0,20588.621525472234,1784563806.9985142,raster_data/images/session_20260720_090735/raster_0004.jpg
4,116.82700169473762,65.0,15953.089939811194,1784563807.008944,raster_data/images/session_20260720_090735/raster_0004.jpg
4,119.38354027658576,65.0,16656.049447252513,1784563807.0174658,raster_data/images/session_20260720_090735/raster_0004.jpg
4,122.51957905679816,65.0,20178.298130682902,1784563807.0279193,raster_data/images/session_20260720_090735/raster_0004.jpg
4,125.14077675729865,65.0,13887.285166890493,1784563807.0366566,raster_data/images/session_20260720_090735/raster_0004.jpg
4,128.22367203622932,65.0,20557.08174214141,1784563807.046933,raster_data/images/session_20260720_090735/raster_0004.jpg
4,131.57886517435188,65.0,15991.111199651748,1784563807.058117,raster_data/images/session_20260720_090735/raster_0004.jpg
4,134.43781388193244,65.0,16647.98587805143,1784563807.0676467,raster_data/images/session_20260720_090735/raster_0004.jpg
4,137.5209237375843,65.0,20105.57290212882,1784563807.0779238,raster_data/images/session_20260720_090735/raster_0004.jpg
4,140.7201195994007,65.0,13935.156229615912,1784563807.0885878,raster_data/images/session_20260720_090735/raster_0004.jpg
4,143.80179894357795,65.0,20586.42700980358,1784563807.09886,raster_data/images/session_20260720_090735/raster_0004.jpg
4,146.70723927408332,65.0,15956.101019449574,1784563807.1085448,raster_data/images/session_20260720_090735/raster_0004.jpg
4,149.2136384287464,65.0,16670.798633955765,1784563807.1168995,raster_data/images/session_20260720_090735/raster_0004.jpg
4,152.34452736765022,65.0,20164.11033170884,1784563807.1273358,raster_data/images/session_20260720_090735/raster_0004.jpg
4,155.49830449014777,65.0,13854.41846710886,1784563807.1378484,raster_data/images/session_20260720_090735/raster_0004.jpg
4,158.55065834909553,65.0,20552.38649931546,1784563807.148023,raster_data/images/session_20260720_090735/raster_0004.jpg
4,161.13509190469856,65.0,16078.891826397723,1784563807.1566377,raster_data/images/session_20260720_090735/raster_0004.jpg
4,164.25253403574104,65.0,16576.332389707622,1784563807.1670291,raster_data/images/session_20260720_090735/raster_0004.jpg
4,167.36268055826304,65.0,20114.095788562878,1784563807.1773963,raster_data/images/session_20260720_090735/raster_0004.jpg
4,170.4831267634022,65.0,13853.142585906155,1784563807.1877978,raster_data/images/session_20260720_090735/raster_0004.jpg
4,173.5933448114979,65.0,20441.742081417044,1784563807.1981652,raster_data/images/session_20260720_090735/raster_0004.jpg
4,176.6512061396229,65.0,15934.513109499838,1784563807.208358,raster_data/images/session_20260720_090735/raster_0004.jpg
4,179.21639931589243,65.0,16553.009281322207,1784563807.2169087,raster_data/images/session_20260720_090735/raster_0004.jpg
4,182.31023800760386,65.0,20033.460096552044,1784563807.2272215,raster_data/images/session_20260720_090735/raster_0004.jpg
4,185.31365370792227,65.0,13821.909014063982,1784563807.237521,raster_data/images/session_20260720_090735/raster_0004.jpg
4,188.26144332452492,65.0,20442.45657489056,1784563807.2488482,raster_data/images/session_20260720_090735/raster_0004.jpg
4,190.07728256242797,65.0,15882.610262173874,1784563807.2566926,raster_data/images/session_20260720_090735/raster_0004.jpg
4,192.2197500190186,65.0,16507.587910505976,1784563807.2671971,raster_data/images/session_20260720_090735/raster_0004.jpg
4,194.01521786338776,65.0,20050.812080908803,1784563807.2775998,raster_data/images/session_20260720_090735/raster_0004.jpg
4,195.4838188072632,65.0,13804.710135451543,1784563807.2879848,raster_data/images/session_20260720_090735/raster_0004.jpg
4,196.62914368011843,65.0,20382.183946874862,1784563807.2983727,raster_data/images/session_20260720_090735/raster_0004.jpg
4,197.45304292436833,65.0,15906.647864032799,1784563807.308797,raster_data/images/session_20260720_090735/raster_0004.jpg
4,197.85957940136208,65.0,16496.462226418404,1784563807.3166788,raster_data/images/session_20260720_090735/raster_0004.jpg
4,198.1208550186753,65.0,20107.971558789905,1784563807.3287349,raster_data/images/session_20260720_090735/raster_0004.jpg
4,198.14312743029976,65.06198395633088,13785.878128899647,1784563807.336522,raster_data/images/session_20260720_090735/raster_0004.jpg
4,198.2560265282667,65.409665337111,20385.39916750567,1784563807.3468761,raster_data/images/session_20260720_090735/raster_0004.jpg
4,198.49037565354317,66.13136133759295,15827.492194217099,1784563807.358091,raster_data/images/session_20260720_090735/raster_0004.jpg
4,198.80758520973276,67.10823235320514,16499.67744704922,1784563807.368372,raster_data/images/session_20260720_090735/raster_0004.jpg
4,199.2296463296578,68.40800175430466,20006.2072740623,1784563807.3788059,raster_data/images/session_20260720_090735/raster_0004.jpg
4,199.60630303356047,69.56794479416256,13751.888653659635,1784563807.3865154,raster_data/images/session_20260720_090735/raster_0004.jpg
4,200.26766996682002,71.60467469456775,20388.46128239216,1784563807.3979707,raster_data/images/session_20260720_090735/raster_0004.jpg
4,200.98380107560226,73.8100550492802,15894.0931929982,1784563807.4085135,raster_data/images/session_20260720_090735/raster_0004.jpg
4,201.7798409475453,76.26152053321417,16429.810192389195,1784563807.4187765,raster_data/images/session_20260720_090735/raster_0004.jpg
4,202.44598730826107,78.31296904490347,20055.71146472718,1784563807.4266295,raster_data/images/session_20260720_090735/raster_0004.jpg
4,203.25383246646626,80.80078980803846,13779.600793382348,1784563807.4368386,raster_data/images/session_20260720_090735/raster_0004.jpg
4,203.97273593261505,83.01470784865433,20349.1641413489,1784563807.4471653,raster_data/images/session_20260720_090735/raster_0004.jpg
4,204.59366441073288,84.92690444300588,15899.349823553339,1784563807.457507,raster_data/images/session_20260720_090735/raster_0004.jpg
4,205.08915065651618,86.45279211787442,16444.355238100008,1784563807.467275,raster_data/images/session_20260720_090735/raster_0004.jpg
4,205.51742533994522,87.77169666157059,20136.296121489915,1784563807.4776175,raster_data/images/session_20260720_090735/raster_0004.jpg
4,205.85364738189645,88.80711807679367,13798.943152415326,1784563807.4882224,raster_data/images/session_20260720_090735/raster_0004.jpg
4,206.08153155373267,89.5089047602016,20398.974543502434,1784563807.498585,raster_data/images/session_20260720_090735/raster_0004.jpg
4,206.20967952036477,89.90354619476702,15880.926098986305,1784563807.508916,raster_data/images/session_20260720_090735/raster_0004.jpg
4,206.24088395569646,89.9996426327188,16468.596980951366,1784563807.5166378,raster_data/images/session_20260720_090735/raster_0004.jpg
4,206.0970128098526,90.0,20098.88728462666,1784563807.5269358,raster_data/images/session_20260720_090735/raster_0004.jpg
4,205.56996691800998,90.0,13835.535425308854,1784563807.538289,raster_data/images/session_20260720_090735/raster_0004.jpg
4,204.6753771232321,90.0,20391.57443252676,1784563807.5494454,raster_data/images/session_20260720_090735/raster_0004.jpg
4,203.81119256052258,90.0,16011.014946413916,1784563807.557386,raster_data/images/session_20260720_090735/raster_0004.jpg
4,202.40642905277164,90.0,16490.33799664543,1784563807.567699,raster_data/images/session_20260720_090735/raster_0004.jpg
4,200.68755201224727,90.0,20164.773789934246,1784563807.5779848,raster_data/images/session_20260720_090735/raster_0004.jpg
4,198.61812096598734,90.0,13896.063229565088,1784563807.5884259,raster_data/images/session_20260720_090735/raster_0004.jpg
4,196.2273119305358,90.0,20474.81292219111,1784563807.5988438,raster_data/images/session_20260720_090735/raster_0004.jpg
4,193.96712632853198,90.0,15995.755407229588,1784563807.607596,raster_data/images/session_20260720_090735/raster_0004.jpg
4,191.0084424229163,90.0,16548.109897503826,1784563807.6179135,raster_data/images/session_20260720_090735/raster_0004.jpg
4,187.91159965710818,90.0,20164.977930926678,1784563807.6282363,raster_data/images/session_20260720_090735/raster_0004.jpg
4,184.82498504834354,90.0,13835.38231956453,1784563807.638525,raster_data/images/session_20260720_090735/raster_0004.jpg
4,181.69738628583133,90.0,20470.372855605703,1784563807.6489503,raster_data/images/session_20260720_090735/raster_0004.jpg
4,179.33811523633182,90.0,15994.53056127499,1784563807.6568146,raster_data/images/session_20260720_090735/raster_0004.jpg
4,176.12468578534305,90.0,16502.79059718381,1784563807.667526,raster_data/images/session_20260720_090735/raster_0004.jpg
4,172.50277378277957,90.0,20136.857509219102,1784563807.679599,raster_data/images/session_20260720_090735/raster_0004.jpg
4,170.1605258198279,90.0,13892.643867941844,1784563807.6874065,raster_data/images/session_20260720_090735/raster_0004.jpg
4,166.834085962345,90.0,20407.701570928923,1784563807.6984947,raster_data/images/session_20260720_090735/raster_0004.jpg
4,163.92993309216678,90.0,16043.88164619555,1784563807.7081752,raster_data/images/session_20260720_090735/raster_0004.jpg
4,160.83931305127322,90.0,16525.246106351387,1784563807.7184772,raster_data/images/session_20260720_090735/raster_0004.jpg
4,157.7544150562781,90.0,20142.828633247755,1784563807.7287602,raster_data/images/session_20260720_090735/raster_0004.jpg
4,155.39850570874393,90.0,13865.08483396346,1784563807.7366133,raster_data/images/session_20260720_090735/raster_0004.jpg
4,152.31017448620975,90.0,20462.05411016408,1784563807.7469077,raster_data/images/session_20260720_090735/raster_0004.jpg
4,148.6493525715369,90.0,16036.583605716087,1784563807.7591105,raster_data/images/session_20260720_090735/raster_0004.jpg
4,146.33063652234256,90.0,16493.80839351678,1784563807.7668395,raster_data/images/session_20260720_090735/raster_0004.jpg
4,143.24631073193729,90.0,20226.883686881836,1784563807.7771206,raster_data/images/session_20260720_090735/raster_0004.jpg
4,140.15004017071902,90.0,13860.440626385618,1784563807.7874415,raster_data/images/session_20260720_090735/raster_0004.jpg
4,137.24152424054324,90.0,20474.353604958138,1784563807.7971365,raster_data/images/session_20260720_090735/raster_0004.jpg
4,134.11557056622684,90.0,16085.577443899887,1784563807.8075564,raster_data/images/session_20260720_090735/raster_0004.jpg
4,131.02015831189334,90.0,16562.093555485455,1784563807.8178744,raster_data/images/session_20260720_090735/raster_0004.jpg
4,127.85550930218875,90.0,20194.68044532561,1784563807.8284233,raster_data/images/session_20260720_090735/raster_0004.jpg
4,124.76531841473759,90.0,13966.696012946733,1784563807.838724,raster_data/images/session_20260720_090735/raster_0004.jpg
4,121.70388080792607,90.0,20489.30693265382,1784563807.8489287,raster_data/images/session_20260720_090735/raster_0004.jpg
4,119.3594870777625,90.0,16120.536588853953,1784563807.8567433,raster_data/images/session_20260720_090735/raster_0004.jpg
4,116.21658184247195,90.0,16571.73921737789,1784563807.8672197,raster_data/images/session_20260720_090735/raster_0004.jpg
4,113.12617637829959,90.0,20305.324863224025,1784563807.877521,raster_data/images/session_20260720_090735/raster_0004.jpg
4,109.9575219364661,90.0,13904.024728269955,1784563807.8880832,raster_data/images/session_20260720_090735/raster_0004.jpg
4,107.3288140507239,90.0,20549.987842654376,1784563807.8968456,raster_data/images/session_20260720_090735/raster_0004.jpg
4,104.2645869465369,90.0,16107.77777682692,1784563807.9070597,raster_data/images/session_20260720_090735/raster_0004.jpg
4,101.11252643780887,90.0,16557.398312659505,1784563807.9175665,raster_data/images/session_20260720_090735/raster_0004.jpg
4,97.9981599064368,90.0,20259.342104678602,1784563807.9279478,raster_data/images/session_20260720_090735/raster_0004.jpg
4,94.88407947735965,90.0,13961.898699624571,1784563807.938328,raster_data/images/session_20260720_090735/raster_0004.jpg
4,91.59561969952762,90.0,20454.705034436505,1784563807.9492896,raster_data/images/session_20260720_090735/raster_0004.jpg
4,89.17068817334354,90.0,16163.304126768562,1784563807.9573727,raster_data/images/session_20260720_090735/raster_0004.jpg
4,85.74976303296268,90.0,16529.53306719247,1784563807.9687757,raster_data/images/session_20260720_090735/raster_0004.jpg
4,83.42246391492068,90.0,20271.233317487797,1784563807.9765334,raster_data/images/session_20260720_090735/raster_0004.jpg
4,80.32955505566775,90.0,13927.398871903479,1784563807.986843,raster_data/images/session_20260720_090735/raster_0004.jpg
4,77.2013840885657,90.0,20526.460593276533,1784563807.9972703,raster_data/images/session_20260720_090735/raster_0004.jpg
4,74.07307007031619,90.0,16137.276150233418,1784563808.007698,raster_data/images/session_20260720_090735/raster_0004.jpg
4,70.71923591809451,90.0,16525.348176847605,1784563808.0188775,raster_data/images/session_20260720_090735/raster_0004.jpg
4,68.38199474530398,90.0,20312.265656966734,1784563808.0266683,raster_data/images/session_20260720_090735/raster_0004.jpg
4,64.97258522229373,90.0,14039.115030012166,1784563808.038033,raster_data/images/session_20260720_090735/raster_0004.jpg
4,61.845415613223906,90.0,20470.78113759057,1784563808.048457,raster_data/images/session_20260720_090735/raster_0004.jpg
4,58.74842979626834,90.0,16136.66372725612,1784563808.0587802,raster_data/images/session_20260720_090735/raster_0004.jpg
4,56.41583778577029,90.0,16527.083375283284,1784563808.0665555,raster_data/images/session_20260720_090735/raster_0004.jpg
4,53.29639293866336,90.0,20218.513906192107,1784563808.0769536,raster_data/images/session_20260720_090735/raster_0004.jpg
4,49.92889740185916,90.0,13952.508213972676,1784563808.0881786,raster_data/images/session_20260720_090735/raster_0004.jpg
4,46.82869293408572,90.0,20440.41516496623,1784563808.0985126,raster_data/images/session_20260720_090735/raster_0004.jpg
4,44.24032547192752,90.0,16099.816278122054,1784563808.1071405,raster_data/images/session_20260720_090735/raster_0004.jpg
4,41.43959676824633,90.0,16502.637491439487,1784563808.1168008,raster_data/images/session_20260720_090735/raster_0004.jpg
4,38.684580968819404,90.0,20221.780162071027,1784563808.1273997,raster_data/images/session_20260720_090735/raster_0004.jpg
4,36.34043199066639,90.0,14020.895446437564,1784563808.1376514,raster_data/images/session_20260720_090735/raster_0004.jpg
4,34.28688840859613,90.0,20416.27549261109,1784563808.1480386,raster_data/images/session_20260720_090735/raster_0004.jpg
4,32.53639471431231,90.0,16166.978664632348,1784563808.1585627,raster_data/images/session_20260720_090735/raster_0004.jpg
4,31.142710115841936,90.0,16405.211202801074,1784563808.168881,raster_data/images/session_20260720_090735/raster_0004.jpg
4,30.313689546540104,90.0,20252.70752242455,1784563808.1765509,raster_data/images/session_20260720_090735/raster_0004.jpg
4,29.353928695460468,90.0,13877.690540246165,1784563808.1888297,raster_data/images/session_20260720_090735/raster_0004.jpg
4,28.978007344270594,90.0,20362.637446849447,1784563808.1966617,raster_data/images/session_20260720_090735/raster_0004.jpg
4,28.76391560991479,90.0,16093.743083597188,1784563808.2069347,raster_data/images/session_20260720_090735/raster_0004.jpg
4,28.755701184811215,90.11747917338973,16407.762965206482,1784563808.2175965,raster_data/images/session_20260720_090735/raster_0004.jpg
4,28.743171607462035,90.56368919294748,20164.518613693705,1784563808.2281342,raster_data/images/session_20260720_090735/raster_0004.jpg
4,28.722175555968793,91.31141182447318,13834.616790842907,1784563808.238319,raster_data/images/session_20260720_090735/raster_0004.jpg
4,28.692064287278335,92.38375045305078,20495.022880441924,1784563808.2486172,raster_data/images/session_20260720_090735/raster_0004.jpg
4,28.6562589187333,93.6588704154808,16017.292281931215,1784563808.2581434,raster_data/images/session_20260720_090735/raster_0004.jpg
4,28.608045137920154,95.37588540170395,16383.419151858907,1784563808.2686226,raster_data/images/session_20260720_090735/raster_0004.jpg
4,28.551428110523243,97.39216130615229,20175.64429778128,1784563808.2789593,raster_data/images/session_20260720_090735/raster_0004.jpg
4,28.50176677259396,99.1607274717251,13807.05775686452,1784563808.2869086,raster_data/images/session_20260720_090735/raster_0004.jpg
4,28.430021756385287,101.71574941647836,20331.863192240253,1784563808.2971394,raster_data/images/session_20260720_090735/raster_0004.jpg
4,28.34628621836787,104.69778424615852,16057.457022192311,1784563808.3084645,raster_data/images/session_20260720_090735/raster_0004.jpg
4,28.28010627396028,107.05461987320942,16359.228444255657,1784563808.3185608,raster_data/images/session_20260720_090735/raster_0004.jpg
4,28.230106191166406,108.83524960233594,20102.765963482874,1784563808.3272345,raster_data/images/session_20260720_090735/raster_0004.jpg
4,28.17873275038758,110.66478809161033,13815.22339656182,1784563808.3375845,raster_data/images/session_20260720_090735/raster_0004.jpg
4,28.136935124485674,112.15330753256146,20283.532812281857,1784563808.3477829,raster_data/images/session_20260720_090735/raster_0004.jpg
4,28.10366266814356,113.33822406896147,16079.657355119345,1784563808.3580642,raster_data/images/session_20260720_090735/raster_0004.jpg
4,28.079240098466084,114.20797370135028,16411.69267931081,1784563808.368372,raster_data/images/session_20260720_090735/raster_0004.jpg
4,28.063417677334414,114.77145023737837,20080.667701052058,1784563808.379009,raster_data/images/session_20260720_090735/raster_0004.jpg
4,28.057900776482988,114.96792106542057,13781.029780329374,1784563808.3867297,raster_data/images/session_20260720_090735/raster_0004.jpg
4,28.142145788322882,115.0,20267.507744375904,1784563808.3988893,raster_data/images/session_20260720_090735/raster_0004.jpg
4,28.408362523003632,115.0,16085.985725884753,1784563808.40666,raster_data/images/session_20260720_090735/raster_0004.jpg
4,29.08549610453913,115.0,16292.117092993472,1784563808.4175403,raster_data/images/session_20260720_090735/raster_0004.jpg
4,30.0704026370095,115.0,20192.945246889936,1784563808.427992,raster_data/images/session_20260720_090735/raster_0004.jpg
4,31.351109603182405,115.0,13846.354897907775,1784563808.4382174,raster_data/images/session_20260720_090735/raster_0004.jpg
4,32.96126054448031,115.0,20292.97433318186,1784563808.4485347,raster_data/images/session_20260720_090735/raster_0004.jpg
4,34.91104472622218,115.0,16177.491925742623,1784563808.4589522,raster_data/images/session_20260720_090735/raster_0004.jpg
4,36.806583693590014,115.0,16344.4282223043,1784563808.4677296,raster_data/images/session_20260720_090735/raster_0004.jpg
4,39.38153246912265,115.0,20284.757658236453,1784563808.478244,raster_data/images/session_20260720_090735/raster_0004.jpg
4,42.24505318350488,115.0,13845.844545426693,1784563808.488611,raster_data/images/session_20260720_090735/raster_0004.jpg
4,45.33288930345995,115.0,20425.104590533792,1784563808.4989414,raster_data/images/session_20260720_090735/raster_0004.jpg
4,47.651605352654286,115.0,16161.109611099915,1784563808.5066705,raster_data/images/session_20260720_090735/raster_0004.jpg
4,50.78793023516161,115.0,16375.2024769135,1784563808.517125,raster_data/images/session_20260720_090735/raster_0004.jpg
4,53.86910890032274,115.0,20353.85938417485,1784563808.5273955,raster_data/images/session_20260720_090735/raster_0004.jpg
4,56.73928712297899,115.0,13822.368331296957,1784563808.5369627,raster_data/images/session_20260720_090735/raster_0004.jpg
4,59.872178777947255,115.0,20471.49563106408,1784563808.5474057,raster_data/images/session_20260720_090735/raster_0004.jpg
4,63.00542806078417,115.0,16139.827912638824,1784563808.55785,raster_data/images/session_20260720_090735/raster_0004.jpg
4,66.17544148851854,115.0,16413.22373675405,1784563808.5684166,raster_data/images/session_20260720_090735/raster_0004.jpg
4,69.23809503008349,115.0,20240.408027630492,1784563808.5786254,raster_data/images/session_20260720_090735/raster_0004.jpg
4,72.34859918047411,115.0,13899.788802676982,1784563808.5889938,raster_data/images/session_20260720_090735/raster_0004.jpg
4,74.66724370409472,115.0,20352.481432475935,1784563808.5967226,raster_data/images/session_20260720_090735/raster_0004.jpg
4,77.79977773119433,115.0,16312.531192236722,1784563808.6071644,raster_data/images/session_20260720_090735/raster_0004.jpg
4,80.8899686186455,115.0,16373.05899649296,1784563808.617465,raster_data/images/session_20260720_090735/raster_0004.jpg
4,84.0551183073662,115.0,20334.31288414944,1784563808.6280155,raster_data/images/session_20260720_090735/raster_0004.jpg
4,87.14695428301317,115.0,13796.595531002353,1784563808.6383216,raster_data/images/session_20260720_090735/raster_0004.jpg
4,90.23049329210741,115.0,20461.594792931104,1784563808.6486,raster_data/images/session_20260720_090735/raster_0004.jpg
4,93.32297299791796,115.0,16139.062383917202,1784563808.6589084,raster_data/images/session_20260720_090735/raster_0004.jpg
4,95.89231465746386,115.0,16348.102760168085,1784563808.6674728,raster_data/images/session_20260720_090735/raster_0004.jpg
4,99.0115449278496,115.0,20313.337397177,1784563808.6778703,raster_data/images/session_20260720_090735/raster_0004.jpg
4,102.11089108873827,115.0,13923.622263543479,1784563808.6882014,raster_data/images/session_20260720_090735/raster_0004.jpg
4,105.21138165880663,115.0,20374.222448169992,1784563808.6985364,raster_data/images/session_20260720_090735/raster_0004.jpg
4,108.29763863970263,115.0,16304.62072877996,1784563808.708824,raster_data/images/session_20260720_090735/raster_0004.jpg
4,110.6471822111748,115.0,16375.865935138907,1784563808.7166557,raster_data/images/session_20260720_090735/raster_0004.jpg
4,113.72950528551561,115.0,20424.4921675565,1784563808.7269301,raster_data/images/session_20260720_090735/raster_0004.jpg
4,117.09306691576464,115.0,13913.874531154825,1784563808.738142,raster_data/images/session_20260720_090735/raster_0004.jpg
4,120.16973946978075,115.0,20517.631495353824,1784563808.7483976,raster_data/images/session_20260720_090735/raster_0004.jpg
4,122.8169009535454,115.0,16238.683188224266,1784563808.7572215,raster_data/images/session_20260720_090735/raster_0004.jpg
4,125.9437844603203,115.0,16448.13184646001,1784563808.7676444,raster_data/images/session_20260720_090735/raster_0004.jpg
4,129.03697942186815,115.0,20369.833416832695,1784563808.777955,raster_data/images/session_20260720_090735/raster_0004.jpg
4,132.04083894182665,115.0,13907.086843156445,1784563808.787968,raster_data/images/session_20260720_090735/raster_0004.jpg
4,134.7793385832451,115.0,20359.575331962962,1784563808.7970963,raster_data/images/session_20260720_090735/raster_0004.jpg
4,137.87925694872362,115.0,16287.115638678877,1784563808.8074293,raster_data/images/session_20260720_090735/raster_0004.jpg
4,141.27586339403612,115.0,16317.226435062668,1784563808.8187513,raster_data/images/session_20260720_090735/raster_0004.jpg
4,144.35003255297167,115.0,20333.598390675925,1784563808.8289986,raster_data/images/session_20260720_090735/raster_0004.jpg
4,146.67361234117968,115.0,13859.419921423454,1784563808.8367438,raster_data/images/session_20260720_090735/raster_0004.jpg
4,149.81151078630907,115.0,20486.142747271115,1784563808.8472035,raster_data/images/session_20260720_090735/raster_0004.jpg
4,152.92237256456835,115.0,16165.396571940995,1784563808.857573,raster_data/images/session_20260720_090735/raster_0004.jpg
4,156.1144158690117,115.0,16331.210093044296,1784563808.8682132,raster_data/images/session_20260720_090735/raster_0004.jpg
4,159.16555379320604,115.0,20258.219329220225,1784563808.8783836,raster_data/images/session_20260720_090735/raster_0004.jpg
4,162.3503014891289,115.0,13825.634587175875,1784563808.8889995,raster_data/images/session_20260720_090735/raster_0004.jpg
4,164.94446252275927,115.0,20291.953628219693,1784563808.8976467,raster_data/images/session_20260720_090735/raster_0004.jpg
4,168.23163484026415,115.0,16214.900762605877,1784563808.908604,raster_data/images/session_20260720_090735/raster_0004.jpg
4,171.2109610884331,115.0,16212.349000200473,1784563808.918535,raster_data/images/session_20260720_090735/raster_0004.jpg
4,174.29879163195116,115.0,20300.62962039808,1784563808.9288278,raster_data/images/session_20260720_090735/raster_0004.jpg
4,176.8743560164116,115.0,13795.727931784517,1784563808.937413,raster_data/images/session_20260720_090735/raster_0004.jpg
4,179.96232961107714,115.0,20235.81485530076,1784563808.9477062,raster_data/images/session_20260720_090735/raster_0004.jpg
4,183.36086724688036,115.0,16185.70860068803,1784563808.9590347,raster_data/images/session_20260720_090735/raster_0004.jpg
4,185.73015187670214,115.0,16251.59510599562,1784563808.9669323,raster_data/images/session_20260720_090735/raster_0004.jpg
4,188.81733869005663,115.0,20350.44002255161,1784563808.977223,raster_data/images/session_20260720_090735/raster_0004.jpg
4,191.89444039751513,115.0,13825.736657672092,1784563808.98748,raster_data/images/session_20260720_090735/raster_0004.jpg
4,194.86467296140762,115.0,20275.82648981753,1784563808.9979076,raster_data/images/session_20260720_090735/raster_0004.jpg
4,197.49937136109287,115.0,16191.475583724248,1784563809.008296,raster_data/images/session_20260720_090735/raster_0004.jpg
4,199.41555086782208,115.0,16216.635961041555,1784563809.0168018,raster_data/images/session_20260720_090735/raster_0004.jpg
4,201.45301789209336,115.0,20286.441821424014,1784563809.027144,raster_data/images/session_20260720_090735/raster_0004.jpg
4,203.2718630337801,115.0,13782.203591035863,1784563809.0381703,raster_data/images/session_20260720_090735/raster_0004.jpg
4,204.6749684984303,115.0,20236.682454518595,1784563809.048757,raster_data/images/session_20260720_090735/raster_0004.jpg
4,205.48478022817935,115.0,16174.940163337216,1784563809.0564625,raster_data/images/session_20260720_090735/raster_0004.jpg
4,206.29842451379844,115.0,16191.067301739384,1784563809.0669122,raster_data/images/session_20260720_090735/raster_0004.jpg
4,206.77801439554221,115.0,20206.87786962345,1784563809.0771542,raster_data/images/session_20260720_090735/raster_0004.jpg
4,206.94254429583327,115.00174545796976,13808.435708563438,1784563809.0887384,raster_data/images/session_20260720_090735/raster_0004.jpg
4,206.8942147488034,115.18685939634071,20204.581283458585,1784563809.0989885,raster_data/images/session_20260720_090735/raster_0004.jpg
4,206.80561263133586,115.52622709002667,16149.779786019912,1784563809.1066833,raster_data/images/session_20260720_090735/raster_0004.jpg
4,206.59340124308616,116.33904840245845,16177.083643757755,1784563809.1180165,raster_data/images/session_20260720_090735/raster_0004.jpg
4,206.3073833942905,117.43456643829292,20242.60254329914,1784563809.1285985,raster_data/images/session_20260720_090735/raster_0004.jpg
4,205.94957311861828,118.80506695795059,13862.124789573185,1784563809.1388447,raster_data/images/session_20260720_090735/raster_0004.jpg
4,205.62776800771013,120.03765892557792,20227.700250851565,1784563809.146557,raster_data/images/session_20260720_090735/raster_0004.jpg
4,205.11840458338196,121.98864492346425,16166.36624165505,1784563809.157034,raster_data/images/session_20260720_090735/raster_0004.jpg
4,204.5275604866963,124.2517217454562,16150.749455733961,1784563809.1674826,raster_data/images/session_20260720_090735/raster_0004.jpg
4,203.86366207417024,126.79461439340338,20274.75474960726,1784563809.1777897,raster_data/images/session_20260720_090735/raster_0004.jpg
4,203.21477402502907,129.2800136930095,13772.915175880182,1784563809.1873076,raster_data/images/session_20260720_090735/raster_0004.jpg
4,202.57337338683948,131.73673438471172,20195.70115028777,1784563809.1977954,raster_data/images/session_20260720_090735/raster_0004.jpg
4,202.02362832567115,133.84239188880363,16181.421639846947,1784563809.2081149,raster_data/images/session_20260720_090735/raster_0004.jpg
4,201.54423041033942,135.67860268753097,16185.300318703165,1784563809.2186842,raster_data/images/session_20260720_090735/raster_0004.jpg
4,201.14725904176353,137.19909973278868,20234.232762609405,1784563809.2293205,raster_data/images/session_20260720_090735/raster_0004.jpg
4,200.90861114439278,138.1131793151801,13791.134759454784,1784563809.2371945,raster_data/images/session_20260720_090735/raster_0004.jpg
4,200.66742375906176,139.0369857550875,20216.42146101967,1784563809.2474916,raster_data/images/session_20260720_090735/raster_0004.jpg
4,200.49404886794963,139.70105382277598,16198.263271722628,1784563809.2588987,raster_data/images/session_20260720_090735/raster_0004.jpg
4,200.43198744774955,139.93876418052113,16130.641567979363,1784563809.266755,raster_data/images/session_20260720_090735/raster_0004.jpg
4,200.395264100067,140.0,20302.92620656294,1784563809.2769687,raster_data/images/session_20260720_090735/raster_0004.jpg
4,200.1210439572002,140.0,13767.352333836398,1784563809.2872734,raster_data/images/session_20260720_090735/raster_0004.jpg
4,199.5129733673144,140.0,20220.861527605077,1784563809.2977867,raster_data/images/session_20260720_090735/raster_0004.jpg
4,198.5989203919234,140.0,16249.145414086432,1784563809.3080556,raster_data/images/session_20260720_090735/raster_0004.jpg
4,197.3470379686462,140.0,16204.48957199182,1784563809.318483,raster_data/images/session_20260720_090735/raster_0004.jpg
4,195.92719108155353,140.0,20309.560788816994,1784563809.3279548,raster_data/images/session_20260720_090735/raster_0004.jpg
4,194.02240547475353,140.0,13866.258644669944,1784563809.3385377,raster_data/images/session_20260720_090735/raster_0004.jpg
4,191.87713964534277,140.0,20284.50248199591,1784563809.3486998,raster_data/images/session_20260720_090735/raster_0004.jpg
4,189.29636490129036,140.0,16280.123809688062,1784563809.35935,raster_data/images/session_20260720_090735/raster_0004.jpg
4,187.2310213132686,140.0,16272.060240486979,1784563809.3670056,raster_data/images/session_20260720_090735/raster_0004.jpg
4,184.20812953106554,140.0,20368.149253645126,1784563809.377277,raster_data/images/session_20260720_090735/raster_0004.jpg
4,181.1267362891832,140.0,13895.19563034725,1784563809.3875482,raster_data/images/session_20260720_090735/raster_0004.jpg
4,178.26850283733995,140.0,20320.482331912135,1784563809.3970757,raster_data/images/session_20260720_090735/raster_0004.jpg
4,175.14719832531603,140.0,16359.789831984848,1784563809.40748,raster_data/images/session_20260720_090735/raster_0004.jpg
4,172.0535742103258,140.0,16229.75201980534,1784563809.417792,raster_data/images/session_20260720_090735/raster_0004.jpg
4,168.7176214515367,140.0,20431.12674981056,1784563809.428912,raster_data/images/session_20260720_090735/raster_0004.jpg
4,166.17245543591173,140.0,13893.86871389644,1784563809.4373958,raster_data/images/session_20260720_090735/raster_0004.jpg
4,163.0854116737047,140.0,20279.654133425636,1784563809.447686,raster_data/images/session_20260720_090735/raster_0004.jpg
4,159.94315016857774,140.0,16342.948200109164,1784563809.4581602,raster_data/images/session_20260720_090735/raster_0004.jpg
4,156.81104529492052,140.0,16258.331758745891,1784563809.4686005,raster_data/images/session_20260720_090735/raster_0004.jpg
4,153.69331706158312,140.0,20350.491057799718,1784563809.478993,raster_data/images/session_20260720_090735/raster_0004.jpg
4,151.3964878379503,140.0,14037.175690584056,1784563809.486649,raster_data/images/session_20260720_090735/raster_0004.jpg
4,148.23562968365343,140.0,20297.006117782403,1784563809.4971852,raster_data/images/session_20260720_090735/raster_0004.jpg
4,145.12469637982042,140.0,16339.222626997273,1784563809.507555,raster_data/images/session_20260720_090735/raster_0004.jpg
4,142.06755030743273,140.0,16217.60563075561,1784563809.5177455,raster_data/images/session_20260720_090735/raster_0004.jpg
4,138.73717654339464,140.0,20402.904257606762,1784563809.5288467,raster_data/images/session_20260720_090735/raster_0004.jpg
4,136.4203201591173,140.0,13898.359815729955,1784563809.5365696,raster_data/images/session_20260720_090735/raster_0004.jpg
4,132.98737872234972,140.0,20247.50192711752,1784563809.5480127,raster_data/images/session_20260720_090735/raster_0004.jpg
4,129.67810500256212,140.0,16404.956026560536,1784563809.5590436,raster_data/images/session_20260720_090735/raster_0004.jpg
4,127.3477302848497,140.0,16219.851181672368,1784563809.5668116,raster_data/images/session_20260720_090735/raster_0004.jpg
4,124.24874175182968,140.0,20429.08533988623,1784563809.5771415,raster_data/images/session_20260720_090735/raster_0004.jpg
4,121.12958300701767,140.0,13942.65841108781,1784563809.5875387,raster_data/images/session_20260720_090735/raster_0004.jpg
4,118.02394259564072,140.0,20323.901693535383,1784563809.5978909,raster_data/images/session_20260720_090735/raster_0004.jpg
4,114.93883002392441,140.0,16404.85395606432,1784563809.6081746,raster_data/images/session_20260720_090735/raster_0004.jpg
4,112.2800098716417,140.0,16300.333767938879,1784563809.6170373,raster_data/images/session_20260720_090735/raster_0004.jpg
4,108.94784796826035,140.0,20471.954948297054,1784563809.6281445,raster_data/images/session_20260720_090735/raster_0004.jpg
4,105.61275351635605,140.0,13936.432110818618,1784563809.6392615,raster_data/images/session_20260720_090735/raster_0004.jpg
4,102.74743903271347,140.0,20346.81651993593,1784563809.6488125,raster_data/images/session_20260720_090735/raster_0004.jpg
4,99.6607528983751,140.0,16436.802021380005,1784563809.6591015,raster_data/images/session_20260720_090735/raster_0004.jpg
4,97.3050581275621,140.0,16232.967240436154,1784563809.6669538,raster_data/images/session_20260720_090735/raster_0004.jpg
4,94.17703021160752,140.0,20472.36323028192,1784563809.6773806,raster_data/images/session_20260720_090735/raster_0004.jpg
4,91.3235889732042,140.0,13954.651694393217,1784563809.686892,raster_data/images/session_20260720_090735/raster_0004.jpg
4,88.20114005200058,140.0,20261.485585099144,1784563809.6973002,raster_data/images/session_20260720_090735/raster_0004.jpg
4,85.1120935737291,140.0,16580.72142104492,1784563809.707597,raster_data/images/session_20260720_090735/raster_0004.jpg
4,82.02955592266709,140.0,16214.135233884255,1784563809.7178721,raster_data/images/session_20260720_090735/raster_0004.jpg
4,78.90124190441757,140.0,20465.371401291108,1784563809.7282999,raster_data/images/session_20260720_090735/raster_0004.jpg
4,76.36272776714951,140.0,13919.131161709964,1784563809.7367616,raster_data/images/session_20260720_090735/raster_0004.jpg
4,73.2825504600206,140.0,20308.13180186997,1784563809.7470288,raster_data/images/session_20260720_090735/raster_0004.jpg
4,69.86126769177108,140.0,16414.7547941973,1784563809.758433,raster_data/images/session_20260720_090735/raster_0004.jpg
4,66.68066847912459,140.0,16201.274351361008,1784563809.769035,raster_data/images/session_20260720_090735/raster_0004.jpg
4,64.32869303814559,140.0,20460.829264209482,1784563809.776875,raster_data/images/session_20260720_090735/raster_0004.jpg
4,61.14888060681014,140.0,13899.992943669415,1784563809.7874744,raster_data/images/session_20260720_090735/raster_0004.jpg
4,58.17255843273787,140.0,20346.91859043215,1784563809.7973955,raster_data/images/session_20260720_090735/raster_0004.jpg
4,54.954980498472736,140.0,16433.127483516222,1784563809.8081207,raster_data/images/session_20260720_090735/raster_0004.jpg
4,51.78189147106795,140.0,16143.80866199126,1784563809.8186977,raster_data/images/session_20260720_090735/raster_0004.jpg
4,49.360658571807505,140.0,20434.49507618569,1784563809.8267713,raster_data/images/session_20260720_090735/raster_0004.jpg
4,46.263873371377116,140.0,13919.590478942933,1784563809.8377824,raster_data/images/session_20260720_090735/raster_0004.jpg
4,43.63836390585524,140.0,20258.525540708873,1784563809.8483307,raster_data/images/session_20260720_090735/raster_0004.jpg
4,41.2987650465744,140.0,16398.729726291345,1784563809.8591173,raster_data/images/session_20260720_090735/raster_0004.jpg
4,39.77933563334037,140.0,16217.095278274526,1784563809.867172,raster_data/images/session_20260720_090735/raster_0004.jpg
4,38.050395308563054,140.0,20441.94622240948,1784563809.8779519,raster_data/images/session_20260720_090735/raster_0004.jpg
4,36.68286715302628,140.0,13989.049451618093,1784563809.8886175,raster_data/images/session_20260720_090735/raster_0004.jpg
4,35.65299572778295,140.0,20268.22223784942,1784563809.8993282,raster_data/images/session_20260720_090735/raster_0004.jpg
4,35.000691501855044,140.0,16423.226645383245,1784563809.9093568,raster_data/images/session_20260720_090735/raster_0004.jpg
4,34.68568783264931,140.0,16144.625225960986,1784563809.9177904,raster_data/images/session_20260720_090735/raster_0004.jpg
4,34.58947711668831,140.0086477148672,20426.176330744067,1784563809.9286363,raster_data/images/session_20260720_090735/raster_0004.jpg
4,34.72574643668264,140.22380073999406,13894.021819640762,1784563809.9393134,raster_data/images/session_20260720_090735/raster_0004.jpg
4,34.95079635490541,140.57912775499778,20173.755993601277,1784563809.9474018,raster_data/images/session_20260720_090735/raster_0004.jpg
4,35.40961796545322,141.30355242745551,16410.671974348646,1784563809.958097,raster_data/images/session_20260720_090735/raster_0004.jpg
4,36.052268030705065,142.3182203339413,16123.394562748008,1784563809.9687953,raster_data/images/session_20260720_090735/raster_0004.jpg
4,36.802966622103405,143.5034839934688,20347.990330642417,1784563809.9786046,raster_data/images/session_20260720_090735/raster_0004.jpg
4,37.55188952439888,144.68594405140658,13889.887964544008,1784563809.9868338,raster_data/images/session_20260720_090735/raster_0004.jpg
4,38.67196086948964,146.45440329273973,20288.43219610023,1784563809.997392,raster_data/images/session_20260720_090735/raster_0004.jpg
4,39.99504623530805,148.54339749164464,16398.015232817834,1784563810.008133,raster_data/images/session_20260720_090735/raster_0004.jpg
4,41.50776495266747,150.93180016525747,16053.221096599336,1784563810.0189037,raster_data/images/session_20260720_090735/raster_0004.jpg
4,42.73752617289586,152.87344665418698,20390.70683330892,1784563810.0268373,raster_data/images/session_20260720_090735/raster_0004.jpg
4,44.30847204072229,155.35378306290625,13834.157473609932,1784563810.0374134,raster_data/images/session_20260720_090735/raster_0004.jpg
4,45.62472161639228,157.43198436338304,20098.734178882336,1784563810.0473812,raster_data/images/session_20260720_090735/raster_0004.jpg
4,46.847438253471154,159.36250829460522,16396.177963885937,1784563810.0579622,raster_data/images/session_20260720_090735/raster_0004.jpg
4,47.92063123883638,161.05695218964945,16025.457921628515,1784563810.0688794,raster_data/images/session_20260720_090735/raster_0004.jpg
4,48.58896555163665,162.1121724637436,20349.725529078096,1784563810.0769234,raster_data/images/session_20260720_090735/raster_0004.jpg
4,49.3216174300324,163.26894251299797,13844.619699472098,1784563810.087701,raster_data/images/session_20260720_090735/raster_0004.jpg
4,49.87011247717325,164.13495086076364,20170.489737722357,1784563810.0985336,raster_data/images/session_20260720_090735/raster_0004.jpg
4,50.22798589601446,164.6999903625339,16325.08586327132,1784563810.1092744,raster_data/images/session_20260720_090735/raster_0004.jpg
4,50.394944391227426,164.9635979399195,16003.870011678779,1784563810.1193013,raster_data/images/session_20260720_090735/raster_0004.jpg
4,50.42889504283675,165.0,20369.62927584026,1784563810.127356,raster_data/images/session_20260720_090735/raster_0004.jpg
4,50.694248469868,165.0,13731.27041342395,1784563810.1382318,raster_data/images/session_20260720_090735/raster_0004.jpg
4,51.29488132661424,165.0,20150.84116720073,1784563810.1488392,raster_data/images/session_20260720_090735/raster_0004.jpg
4,51.9699987067978,165.0,16377.0907810935,1784563810.1568272,raster_data/images/session_20260720_090735/raster_0004.jpg
4,53.20566084961026,165.0,16039.849861595008,1784563810.1677706,raster_data/images/session_20260720_090735/raster_0004.jpg
4,54.77673744434498,165.0,20416.683774595956,1784563810.1785667,raster_data/images/session_20260720_090735/raster_0004.jpg
4,56.516694521159984,165.0,13868.963512819677,1784563810.1884246,raster_data/images/session_20260720_090735/raster_0004.jpg
4,58.75543616347445,165.0,20156.04676250776,1784563810.199215,raster_data/images/session_20260720_090735/raster_0004.jpg
4,60.73978914245075,165.0,16461.247905223798,1784563810.207614,raster_data/images/session_20260720_090735/raster_0004.jpg
4,65.04600708859653,165.0,16125.691148912874,1784563810.2234132,raster_data/images/session_20260720_090735/raster_0004.jpg
4,67.59327232886841,165.0,20423.624568338662,1784563810.231912,raster_data/images/session_20260720_090735/raster_0004.jpg
4,70.6506329779773,165.0,13959.040725730518,1784563810.242103,raster_data/images/session_20260720_090735/raster_0004.jpg
4,73.89109909583618,165.0,20190.699695973177,1784563810.2529047,raster_data/images/session_20260720_090735/raster_0004.jpg
4,76.68667614509155,165.0,16550.50855416491,1784563810.2622232,raster_data/images/session_20260720_090735/raster_0004.jpg
4,79.70276653815796,165.0,16074.349689316101,1784563810.2722769,raster_data/images/session_20260720_090735/raster_0004.jpg
4,83.03285419990112,165.0,20574.637867490605,1784563810.2833772,raster_data/images/session_20260720_090735/raster_0004.jpg
4,85.82714378882935,165.0,13859.521991919672,1784563810.2926915,raster_data/images/session_20260720_090735/raster_0004.jpg
4,90.61427891303589,165.0,20193.659740363444,1784563810.3086486,raster_data/images/session_20260720_090735/raster_0004.jpg
4,92.29312717963745,165.0,16467.831452229748,1784563810.3142447,raster_data/images/session_20260720_090735/raster_0004.jpg
4,94.72227871467163,165.0,16122.424893033953,1784563810.322342,raster_data/images/session_20260720_090735/raster_0004.jpg
4,97.81647503425171,165.0,20413.468553965144,1784563810.332656,raster_data/images/session_20260720_090735/raster_0004.jpg
4,100.94199955512573,165.0,13942.760481584022,1784563810.3430743,raster_data/images/session_20260720_090735/raster_0004.jpg
4,103.63844215919067,165.0,20125.374578394774,1784563810.3520625,raster_data/images/session_20260720_090735/raster_0004.jpg
4,105.28403103400757,165.0,16509.272073693544,1784563810.3575478,raster_data/images/session_20260720_090735/raster_0004.jpg
4,108.46212685157349,165.0,16041.993342015548,1784563810.3681414,raster_data/images/session_20260720_090735/raster_0004.jpg
4,111.55424892951538,165.0,20501.24918071112,1784563810.3784485,raster_data/images/session_20260720_090735/raster_0004.jpg
4,114.98897850562622,165.0,13828.23738482939,1784563810.3898976,raster_data/images/session_20260720_090735/raster_0004.jpg
4,117.22129166175415,165.0,20203.764719488856,1784563810.3973386,raster_data/images/session_20260720_090735/raster_0004.jpg
4,121.23645126868774,165.0,16481.91718070759,1784563810.4107225,raster_data/images/session_20260720_090735/raster_0004.jpg
4,124.56332027961304,165.0,16058.937044387447,1784563810.421812,raster_data/images/session_20260720_090735/raster_0004.jpg
4,126.45974934150269,165.0,20488.235192443542,1784563810.4281335,raster_data/images/session_20260720_090735/raster_0004.jpg
4,129.87366497565796,165.0,13938.626626487267,1784563810.4395132,raster_data/images/session_20260720_090735/raster_0004.jpg
4,132.24445164252808,165.0,20129.100151506667,1784563810.4474158,raster_data/images/session_20260720_090735/raster_0004.jpg
4,135.27284443427612,165.0,16578.884152113027,1784563810.4575105,raster_data/images/session_20260720_090735/raster_0004.jpg
4,138.56201946784546,165.0,16049.954840720415,1784563810.4684744,raster_data/images/session_20260720_090735/raster_0004.jpg
4,141.57424747993042,165.0,20517.12114287275,1784563810.4785151,raster_data/images/session_20260720_090735/raster_0004.jpg
4,144.57388699103882,165.0,13888.10173086022,1784563810.488514,raster_data/images/session_20260720_090735/raster_0004.jpg
4,147.79969036628296,165.0,20214.02280435859,1784563810.4992666,raster_data/images/session_20260720_090735/raster_0004.jpg
4,150.0930863623767,165.0,16498.50363634273,1784563810.5069113,raster_data/images/session_20260720_090735/raster_0004.jpg
4,153.3401328330188,165.0,16197.65084874533,1784563810.5177348,raster_data/images/session_20260720_090735/raster_0004.jpg
4,156.62115395118286,165.0,20496.29876164463,1784563810.5286715,raster_data/images/session_20260720_090735/raster_0004.jpg
4,159.647400975719,165.0,13906.62752592347,1784563810.538759,raster_data/images/session_20260720_090735/raster_0004.jpg
4,163.0606728797107,165.0,20092.099596628275,1784563810.5501366,raster_data/images/session_20260720_090735/raster_0004.jpg
4,165.3858977561145,165.0,16560.868709530863,1784563810.5578873,raster_data/images/session_20260720_090735/raster_0004.jpg
4,168.54174912025024,165.0,15963.552165673358,1784563810.5684068,raster_data/images/session_20260720_090735/raster_0004.jpg
4,171.57542646834384,165.0,20505.58717680031,1784563810.5787559,raster_data/images/session_20260720_090735/raster_0004.jpg
4,174.30808111539992,165.0,13869.269724308324,1784563810.589114,raster_data/images/session_20260720_090735/raster_0004.jpg
4,176.173959152281,165.0,20135.5816280164,1784563810.5970054,raster_data/images/session_20260720_090735/raster_0004.jpg
4,178.3265506937166,165.0,16466.249359538397,1784563810.6072965,raster_data/images/session_20260720_090735/raster_0004.jpg
4,180.33278873754512,165.0,16014.536378533378,1784563810.6186502,raster_data/images/session_20260720_090735/raster_0004.jpg
4,181.8644952072901,165.0,20558.20451759979,1784563810.6293106,raster_data/images/session_20260720_090735/raster_0004.jpg
4,182.7541124136493,165.0,13849.314942298048,1784563810.636966,raster_data/images/session_20260720_090735/raster_0004.jpg
4,183.66527690184765,165.0,20060.457742801238,1784563810.647153,raster_data/images/session_20260720_090735/raster_0004.jpg
4,184.27812612657354,165.0,16525.960599824903,1784563810.6576412,raster_data/images/session_20260720_090735/raster_0004.jpg
4,184.57967028243908,165.0,15890.214514141982,1784563810.670628,raster_data/images/session_20260720_090735/raster_0004.jpg
4,184.50357491653713,165.05228060067654,20482.97856188841,1784563810.6798012,raster_data/images/session_20260720_090735/raster_0004.jpg
4,184.2763320313344,165.20376777816224,13797.820376956946,1784563810.6875238,raster_data/images/session_20260720_090735/raster_0004.jpg
4,183.56427525188363,165.67844698157188,20072.39999085854,1784563810.70043,raster_data/images/session_20260720_090735/raster_0004.jpg
4,182.86284598460176,166.1460415547159,16466.70867677137,1784563810.708988,raster_data/images/session_20260720_090735/raster_0004.jpg
4,181.745808718933,166.8906933503993,15937.983506371187,1784563810.7195442,raster_data/images/session_20260720_090735/raster_0004.jpg
4,180.69632109572825,167.59031445274368,20369.73134633648,1784563810.7276711,raster_data/images/session_20260720_090735/raster_0004.jpg
4,179.109382054059,168.6482173923664,13850.794964493183,1784563810.738092,raster_data/images/session_20260720_090735/raster_0004.jpg
4,177.27129213861016,169.87354531850957,20029.47934719961,1784563810.7484086,raster_data/images/session_20260720_090735/raster_0004.jpg
4,175.04530299579503,171.3574589383266,16476.456409160022,1784563810.759287,raster_data/images/session_20260720_090735/raster_0004.jpg
4,173.23716897629853,172.56281733220993,15986.722168314447,1784563810.7672143,raster_data/images/session_20260720_090735/raster_0004.jpg
4,169.33195421168392,175.16615499727752,20462.717568389482,1784563810.7829676,raster_data/images/session_20260720_090735/raster_0004.jpg
4,168.11067047033526,175.98030073707054,13775.313832541266,1784563810.7878602,raster_data/images/session_20260720_090735/raster_0004.jpg
4,165.12372979032213,177.97148832707447,20007.33004952068,1784563810.7998261,raster_data/images/session_20260720_090735/raster_0004.jpg
4,162.6771153657403,179.6024776240332,16482.274427444347,1784563810.8096275,raster_data/images/session_20260720_090735/raster_0004.jpg
4,159.84818396077617,181.48833131514573,15896.083567674417,1784563810.8209605,raster_data/images/session_20260720_090735/raster_0004.jpg
4,158.33749144100005,182.49540595101593,20408.773311139194,1784563810.827139,raster_data/images/session_20260720_090735/raster_0004.jpg
4,155.73227488089628,184.23212436610297,13839.924456646151,1784563810.8388503,raster_data/images/session_20260720_090735/raster_0004.jpg
4,153.7129290892403,185.5782830987412,20005.901062573656,1784563810.849211,raster_data/images/session_20260720_090735/raster_0004.jpg
4,152.37639558509696,186.46925791617983,16487.07174076651,1784563810.8569684,raster_data/images/session_20260720_090735/raster_0004.jpg
4,150.8100919099165,187.5134046784728,15890.010373149551,1784563810.8674428,raster_data/images/session_20260720_090735/raster_0004.jpg
4,149.44184824959194,188.42551847262018,20462.972744630028,1784563810.87861,raster_data/images/session_20260720_090735/raster_0004.jpg
4,148.50270036667007,189.05158367109084,13794.554121078027,1784563810.8883488,raster_data/images/session_20260720_090735/raster_0004.jpg
4,147.69131285308592,189.59247983235167,20072.757237595295,1784563810.8999798,raster_data/images/session_20260720_090735/raster_0004.jpg
4,147.3324988851645,189.83167638714968,16560.61353329032,1784563810.9078877,raster_data/images/session_20260720_090735/raster_0004.jpg
4,147.08866673933463,189.9942224819112,16016.118471224729,1784563810.919476,raster_data/images/session_20260720_090735/raster_0004.jpg
4,146.98856783102454,190.0,20540.138039769507,1784563810.9299185,raster_data/images/session_20260720_090735/raster_0004.jpg
4,146.68391814161583,190.0,13863.400670775889,1784563810.938361,raster_data/images/session_20260720_090735/raster_0004.jpg
4,145.97293582797343,190.0,20083.984992179085,1784563810.949278,raster_data/images/session_20260720_090735/raster_0004.jpg
4,145.2922323507368,190.0,16621.702725275743,1784563810.9566343,raster_data/images/session_20260720_090735/raster_0004.jpg
4,143.93752567961442,190.0,15980.44483279715,1784563810.9678822,raster_data/images/session_20260720_090735/raster_0004.jpg
4,141.8028814646118,190.0,20556.97967164519,1784563810.9814246,raster_data/images/session_20260720_090735/raster_0004.jpg
4,140.1033407752758,190.0,13942.6073758397,1784563810.9903102,raster_data/images/session_20260720_090735/raster_0004.jpg
4,138.2098908549378,190.0,20156.301938748296,1784563810.9990098,raster_data/images/session_20260720_090735/raster_0004.jpg
4,135.8932762358562,190.0,16673.04418487252,1784563811.0084698,raster_data/images/session_20260720_090735/raster_0004.jpg
4,132.42199340866472,190.0,16004.686575648508,1784563811.0209646,raster_data/images/session_20260720_090735/raster_0004.jpg
4,129.96470147562195,190.0,20639.758844076576,1784563811.0291622,raster_data/images/session_20260720_090735/raster_0004.jpg
4,127.62903386545351,190.0,13948.833676108892,1784563811.0369477,raster_data/images/session_20260720_090735/raster_0004.jpg
4,124.04867822122743,190.0,20136.65336822667,1784563811.0488822,raster_data/images/session_20260720_090735/raster_0004.jpg
4,120.95140630197695,190.0,16701.572888564962,1784563811.0592065,raster_data/images/session_20260720_090735/raster_0004.jpg
4,118.51123982858827,190.0,15991.417411140395,1784563811.0673404,raster_data/images/session_20260720_090735/raster_0004.jpg
4,115.26290589761904,190.0,20595.051966733852,1784563811.0781682,raster_data/images/session_20260720_090735/raster_0004.jpg
4,110.52927190256288,190.0,13982.465904612145,1784563811.093947,raster_data/images/session_20260720_090735/raster_0004.jpg
4,109.21198541116884,190.0,20120.781406065045,1784563811.098338,raster_data/images/session_20260720_090735/raster_0004.jpg
4,105.89942151498964,190.0,16689.63064050766,1784563811.1093798,raster_data/images/session_20260720_090735/raster_0004.jpg
4,103.20412332010439,190.0,15984.170405909043,1784563811.118364,raster_data/images/session_20260720_090735/raster_0004.jpg
4,100.12189952521413,190.0,20613.730867541428,1784563811.1291192,raster_data/images/session_20260720_090735/raster_0004.jpg
4,97.23267078698197,190.0,14005.227625268368,1784563811.1405175,raster_data/images/session_20260720_090735/raster_0004.jpg
4,95.5893464973744,190.0,20113.585436081798,1784563811.1478066,raster_data/images/session_20260720_090735/raster_0004.jpg
4,93.5091898317659,190.0,16670.08414048225,1784563811.1582692,raster_data/images/session_20260720_090735/raster_0004.jpg
4,91.7586926065311,190.0,15907.107181265774,1784563811.1687233,raster_data/images/session_20260720_090735/raster_0004.jpg
4,90.26593626251693,190.0,20596.02163644791,1784563811.1797643,raster_data/images/session_20260720_090735/raster_0004.jpg
4,89.4708674364459,190.0,13887.029990649951,1784563811.1871567,raster_data/images/session_20260720_090735/raster_0004.jpg
4,88.6610105974662,190.0,20049.587234954208,1784563811.197085,raster_data/images/session_20260720_090735/raster_0004.jpg
4,88.14232922432416,190.0,16669.420682256845,1784563811.2071366,raster_data/images/session_20260720_090735/raster_0004.jpg
4,87.92250823302503,190.0,15917.467336631724,1784563811.218018,raster_data/images/session_20260720_090735/raster_0004.jpg
